{
"type": "FeatureCollection",
"name": "Eventos",
"crs": { "type": "name", "properties": { "name": "urn:ogc:def:crs:OGC:1.3:CRS84" } },
"features": [
{ "type": "Feature", "properties": { "FECHA": "28/02/2019 00:00:00 (UTC)", "DEPTO": null, "MUNICIPIO": "MARIQUITA", "VEREDA": null, "GASODUCTO": "(MARIQUITA - CALI)", "TRAMO": "Mariquita - Letras", "PK_INICIO": "6300", "TP_DUCTO": "Troncal", "DISTRITO": "7", "DIAMETRO": "(20)", "TRM_REG": null, "TP_EVENTO": "CARCAVAS", "LONGITUD": 35.0, "PRIORIDAD": "Media", "AMENAZA": "Medio", "FX2": "20220304_FX2_C07_MC_MAR-LET_PK006+300_VA", "OBSERVACION_GEOTECNISTA": null }, "geometry": { "type": "Point", "coordinates": [ -74.940663, 5.223843, 0.0 ] } },
{ "type": "Feature", "properties": { "FECHA": "15/03/2019 00:00:00 (UTC)", "DEPTO": null, "MUNICIPIO": "MANZANARES", "VEREDA": null, "GASODUCTO": "(MARIQUITA - CALI)", "TRAMO": "Manzanares", "PK_INICIO": "9449", "TP_DUCTO": "Ramal", "DISTRITO": "7", "DIAMETRO": "3\"", "TRM_REG": null, "TP_EVENTO": "DESLIZAMIENTO TRASLACIONAL", "LONGITUD": 3.0, "PRIORIDAD": "Baja", "AMENAZA": "Bajo", "FX2": "20220209_FX2_C07_MC_R-MANZAN_PK009+449_VA", "OBSERVACION_GEOTECNISTA": null }, "geometry": { "type": "Point", "coordinates": [ -75.08111, 5.236657, 0.0 ] } },
{ "type": "Feature", "properties": { "FECHA": "7/03/2019 00:00:00 (UTC)", "DEPTO": null, "MUNICIPIO": "HERVEO", "VEREDA": null, "GASODUCTO": "(MARIQUITA - CALI)", "TRAMO": "Mariquita - Letras", "PK_INICIO": "36809", "TP_DUCTO": "Troncal", "DISTRITO": "7", "DIAMETRO": "(20)", "TRM_REG": null, "TP_EVENTO": "SURCOS", "LONGITUD": 60.0, "PRIORIDAD": "Baja", "AMENAZA": "Bajo", "FX2": "20231207_FX2_C07_MC_MAR-LET_PK036+809_VA", "OBSERVACION_GEOTECNISTA": null }, "geometry": { "type": "Point", "coordinates": [ -75.137156, 5.129642, 0.0 ] } },
{ "type": "Feature", "properties": { "FECHA": "9/03/2019 00:00:00 (UTC)", "DEPTO": null, "MUNICIPIO": "HERVEO", "VEREDA": null, "GASODUCTO": "(MARIQUITA - CALI)", "TRAMO": "Mariquita - Letras", "PK_INICIO": "49661", "TP_DUCTO": "Troncal", "DISTRITO": "7", "DIAMETRO": "(20)", "TRM_REG": null, "TP_EVENTO": "OTRO", "LONGITUD": 10.0, "PRIORIDAD": "Alta", "AMENAZA": "Alto", "FX2": "20231221_FX2_C07_MC_MAR-LET_PK049+661_VB", "OBSERVACION_GEOTECNISTA": null }, "geometry": { "type": "Point", "coordinates": [ -75.22601, 5.104295, 0.0 ] } },
{ "type": "Feature", "properties": { "FECHA": "24/07/2020 00:00:00 (UTC)", "DEPTO": null, "MUNICIPIO": "HERVEO", "VEREDA": null, "GASODUCTO": "(MARIQUITA - CALI)", "TRAMO": "Mariquita - Letras", "PK_INICIO": "52500", "TP_DUCTO": "Troncal", "DISTRITO": "7", "DIAMETRO": "(20)", "TRM_REG": null, "TP_EVENTO": "SOCAVACIÓN LATERAL", "LONGITUD": 20.0, "PRIORIDAD": "Alta", "AMENAZA": "Extremo", "FX2": "20210907_FX2_C07_MC_MAR-LET_PK052+500_VC", "OBSERVACION_GEOTECNISTA": null }, "geometry": { "type": "Point", "coordinates": [ -75.240966, 5.091214, 0.0 ] } },
{ "type": "Feature", "properties": { "FECHA": "13/03/2019 00:00:00 (UTC)", "DEPTO": null, "MUNICIPIO": "LA TEBAIDA", "VEREDA": null, "GASODUCTO": "(MARIQUITA - CALI)", "TRAMO": "Armenia", "PK_INICIO": "29750", "TP_DUCTO": "Ramal", "DISTRITO": "7", "DIAMETRO": "10\"", "TRM_REG": null, "TP_EVENTO": "SOCAVACIÓN LATERAL", "LONGITUD": 17.0, "PRIORIDAD": "Alta", "AMENAZA": "Extremo", "FX2": "20210715_FX2_C08_MC_R-ARM_PK029+750_VB", "OBSERVACION_GEOTECNISTA": null }, "geometry": { "type": "Point", "coordinates": [ -75.850368, 4.45578, 0.0 ] } },
{ "type": "Feature", "properties": { "FECHA": "13/04/2019 00:00:00 (UTC)", "DEPTO": null, "MUNICIPIO": "SEVILLA", "VEREDA": null, "GASODUCTO": "(MARIQUITA - CALI)", "TRAMO": "Caicedonia", "PK_INICIO": "1110", "TP_DUCTO": "Ramal", "DISTRITO": "8", "DIAMETRO": "3\"", "TRM_REG": null, "TP_EVENTO": "SURCOS", "LONGITUD": 60.0, "PRIORIDAD": "Baja", "AMENAZA": "Bajo", "FX2": "20240411_FX2_C08_MC_R-CAICED_PK001+110_VA", "OBSERVACION_GEOTECNISTA": null }, "geometry": { "type": "Point", "coordinates": [ -75.898161, 4.406052, 0.0 ] } },
{ "type": "Feature", "properties": { "FECHA": "19/03/2019 00:00:00 (UTC)", "DEPTO": null, "MUNICIPIO": "SEVILLA", "VEREDA": null, "GASODUCTO": "(MARIQUITA - CALI)", "TRAMO": "Sevilla", "PK_INICIO": "13250", "TP_DUCTO": "Ramal", "DISTRITO": "8", "DIAMETRO": "3\"", "TRM_REG": null, "TP_EVENTO": "SOCAVACIÓN LATERAL", "LONGITUD": 6.0, "PRIORIDAD": "Alta", "AMENAZA": "Extremo", "FX2": "20230116_FX2_C08_MC_R-SEVILLA_PK013+250_VA", "OBSERVACION_GEOTECNISTA": null }, "geometry": { "type": "Point", "coordinates": [ -75.923835, 4.284667, 0.0 ] } },
{ "type": "Feature", "properties": { "FECHA": "22/01/2020 00:00:00 (UTC)", "DEPTO": null, "MUNICIPIO": "TAURAMENA", "VEREDA": null, "GASODUCTO": "(CUSIANA - PORVENIR)", "TRAMO": "Cusiana - Miraflores", "PK_INICIO": "5560", "TP_DUCTO": "Troncal", "DISTRITO": "4", "DIAMETRO": "(20)", "TRM_REG": null, "TP_EVENTO": "SOCAVACIÓN DE FONDO", "LONGITUD": 40.0, "PRIORIDAD": "Baja", "AMENAZA": "Bajo", "FX2": "20240311_FX2_C04_CP_CUS-MIRAF_PK005+560_VB", "OBSERVACION_GEOTECNISTA": null }, "geometry": { "type": "Point", "coordinates": [ -72.741187, 4.972882, 0.0 ] } },
{ "type": "Feature", "properties": { "FECHA": "22/01/2020 00:00:00 (UTC)", "DEPTO": null, "MUNICIPIO": "TAURAMENA", "VEREDA": null, "GASODUCTO": "(CUSIANA - PORVENIR)", "TRAMO": "Cusiana - Miraflores", "PK_INICIO": "8352", "TP_DUCTO": "Troncal", "DISTRITO": "4", "DIAMETRO": "(20)", "TRM_REG": null, "TP_EVENTO": "SOCAVACIÓN DE FONDO", "LONGITUD": 8.0, "PRIORIDAD": "Alta", "AMENAZA": "Extremo", "FX2": "20220203_FX2_C04_CP_CUS-MIRAF_PK008+352_VB", "OBSERVACION_GEOTECNISTA": null }, "geometry": { "type": "Point", "coordinates": [ -72.759492, 4.96606, 0.0 ] } },
{ "type": "Feature", "properties": { "FECHA": "27/01/2020 00:00:00 (UTC)", "DEPTO": null, "MUNICIPIO": "TAURAMENA", "VEREDA": null, "GASODUCTO": "(CUSIANA - PORVENIR)", "TRAMO": "Cusiana - Miraflores", "PK_INICIO": "9327", "TP_DUCTO": "Troncal", "DISTRITO": "4", "DIAMETRO": "(20)", "TRM_REG": null, "TP_EVENTO": "SOCAVACIÓN DE FONDO", "LONGITUD": 200.0, "PRIORIDAD": "Alta", "AMENAZA": "Extremo", "FX2": "20220531_FX2_C04_CP_CUS-MIRAF_PK009+327_VC", "OBSERVACION_GEOTECNISTA": null }, "geometry": { "type": "Point", "coordinates": [ -72.760615, 4.959024, 0.0 ] } },
{ "type": "Feature", "properties": { "FECHA": "27/01/2020 00:00:00 (UTC)", "DEPTO": null, "MUNICIPIO": "TAURAMENA", "VEREDA": null, "GASODUCTO": "(CUSIANA - PORVENIR)", "TRAMO": "Cusiana - Miraflores", "PK_INICIO": "11405", "TP_DUCTO": "Troncal", "DISTRITO": "4", "DIAMETRO": "(20)", "TRM_REG": null, "TP_EVENTO": "SOCAVACIÓN DE FONDO", "LONGITUD": 50.0, "PRIORIDAD": "Media", "AMENAZA": "Medio", "FX2": "20240312_FX2_C04_CP_CUS-MIRAF_PK011+405_VA", "OBSERVACION_GEOTECNISTA": null }, "geometry": { "type": "Point", "coordinates": [ -72.775688, 4.949339, 0.0 ] } },
{ "type": "Feature", "properties": { "FECHA": "27/01/2020 00:00:00 (UTC)", "DEPTO": null, "MUNICIPIO": "TAURAMENA", "VEREDA": null, "GASODUCTO": "(CUSIANA - PORVENIR)", "TRAMO": "Cusiana - Miraflores", "PK_INICIO": "12387", "TP_DUCTO": "Troncal", "DISTRITO": "4", "DIAMETRO": "(20)", "TRM_REG": null, "TP_EVENTO": "SURCOS", "LONGITUD": 30.0, "PRIORIDAD": "Media", "AMENAZA": "Medio", "FX2": "20240312_FX2_C04_CP_CUS-MIRAF_PK012+387_VA", "OBSERVACION_GEOTECNISTA": null }, "geometry": { "type": "Point", "coordinates": [ -72.781273, 4.943283, 0.0 ] } },
{ "type": "Feature", "properties": { "FECHA": "25/01/2020 00:00:00 (UTC)", "DEPTO": null, "MUNICIPIO": "TAURAMENA", "VEREDA": null, "GASODUCTO": "(CUSIANA - PORVENIR)", "TRAMO": "Cusiana - Miraflores", "PK_INICIO": "16955", "TP_DUCTO": "Troncal", "DISTRITO": "4", "DIAMETRO": "(20)", "TRM_REG": null, "TP_EVENTO": "SOCAVACIÓN DE FONDO", "LONGITUD": 20.0, "PRIORIDAD": "Baja", "AMENAZA": "Bajo", "FX2": "20240405_FX2_C04_CP_CUS-MIRAF_PK016+955_VB", "OBSERVACION_GEOTECNISTA": null }, "geometry": { "type": "Point", "coordinates": [ -72.818732, 4.944388, 0.0 ] } },
{ "type": "Feature", "properties": { "FECHA": "30/01/2020 00:00:00 (UTC)", "DEPTO": null, "MUNICIPIO": "MONTERREY", "VEREDA": null, "GASODUCTO": "(CUSIANA - PORVENIR)", "TRAMO": "Cusiana - Miraflores", "PK_INICIO": "31613", "TP_DUCTO": "Troncal", "DISTRITO": "4", "DIAMETRO": "(20)", "TRM_REG": null, "TP_EVENTO": "CARCAVAS", "LONGITUD": 60.0, "PRIORIDAD": "Alta", "AMENAZA": "Extremo", "FX2": "20211013_FX2_C04_CP_CUS-MIRAF_PK031+613_VA", "OBSERVACION_GEOTECNISTA": null }, "geometry": { "type": "Point", "coordinates": [ -72.923994, 4.924841, 0.0 ] } },
{ "type": "Feature", "properties": { "FECHA": "30/01/2020 00:00:00 (UTC)", "DEPTO": null, "MUNICIPIO": "MONTERREY", "VEREDA": null, "GASODUCTO": "(CUSIANA - PORVENIR)", "TRAMO": "Cusiana - Miraflores", "PK_INICIO": "32459", "TP_DUCTO": "Troncal", "DISTRITO": "4", "DIAMETRO": "(20)", "TRM_REG": null, "TP_EVENTO": "CARCAVAS", "LONGITUD": 10.0, "PRIORIDAD": "Baja", "AMENAZA": "Bajo", "FX2": "20240410_FX2_C04_CP_CUS-MIRAF_PK032+459_VB", "OBSERVACION_GEOTECNISTA": null }, "geometry": { "type": "Point", "coordinates": [ -72.930324, 4.92639, 0.0 ] } },
{ "type": "Feature", "properties": { "FECHA": "20/03/2020 00:00:00 (UTC)", "DEPTO": null, "MUNICIPIO": "MONTERREY", "VEREDA": null, "GASODUCTO": "(CUSIANA - APIAY - USME)", "TRAMO": "Cusiana - Pk65", "PK_INICIO": "26628", "TP_DUCTO": "Troncal", "DISTRITO": "4", "DIAMETRO": "22\"", "TRM_REG": null, "TP_EVENTO": "SOCAVACIÓN LATERAL", "LONGITUD": 6.0, "PRIORIDAD": "Baja", "AMENAZA": "Bajo", "FX2": "20240223_FX2_C04_CAU_CUS-PK65_PK026+628_VA", "OBSERVACION_GEOTECNISTA": null }, "geometry": { "type": "Point", "coordinates": [ -72.890937, 4.904933400000061, 0.0 ] } },
{ "type": "Feature", "properties": { "FECHA": "9/09/2020 00:00:00 (UTC)", "DEPTO": null, "MUNICIPIO": "BARRANCABERMEJA", "VEREDA": null, "GASODUCTO": "(CENTRO - ORIENTE)", "TRAMO": "Barrancabermeja - Sebastopol", "PK_INICIO": "7345", "TP_DUCTO": "Troncal", "DISTRITO": "1", "DIAMETRO": "(20)", "TRM_REG": null, "TP_EVENTO": "CARCAVAS", "LONGITUD": 30.0, "PRIORIDAD": "Media", "AMENAZA": "Medio", "FX2": "20230922_FX2_C01_COR_BARRANC-SEB_PK007+345_VB", "OBSERVACION_GEOTECNISTA": null }, "geometry": { "type": "Point", "coordinates": [ -73.805838, 7.071009, 0.0 ] } },
{ "type": "Feature", "properties": { "FECHA": "6/09/2020 00:00:00 (UTC)", "DEPTO": null, "MUNICIPIO": "BARRANCABERMEJA", "VEREDA": null, "GASODUCTO": "(CENTRO - ORIENTE)", "TRAMO": "Barrancabermeja - Sebastopol", "PK_INICIO": "24146", "TP_DUCTO": "Troncal", "DISTRITO": "1", "DIAMETRO": "(20)", "TRM_REG": null, "TP_EVENTO": "SOCAVACIÓN LATERAL", "LONGITUD": 100.0, "PRIORIDAD": "Baja", "AMENAZA": "Bajo", "FX2": "20230809_FX2_C01_C0R_BARRANC-SEB_PK024+246_VA", "OBSERVACION_GEOTECNISTA": null }, "geometry": { "type": "Point", "coordinates": [ -73.833844, 6.935644, 0.0 ] } },
{ "type": "Feature", "properties": { "FECHA": "5/09/2020 00:00:00 (UTC)", "DEPTO": null, "MUNICIPIO": "SIMACOTA", "VEREDA": null, "GASODUCTO": "(CENTRO - ORIENTE)", "TRAMO": "Barrancabermeja - Sebastopol", "PK_INICIO": "32385", "TP_DUCTO": "Troncal", "DISTRITO": "1", "DIAMETRO": "(20)", "TRM_REG": null, "TP_EVENTO": "CARCAVAS", "LONGITUD": 15.0, "PRIORIDAD": "Media", "AMENAZA": "Medio", "FX2": "20210410_FX2_C01_COR_BARRANC-SEB_PK032+385_VB", "OBSERVACION_GEOTECNISTA": null }, "geometry": { "type": "Point", "coordinates": [ -73.86412, 6.87153, 0.0 ] } },
{ "type": "Feature", "properties": { "FECHA": "1/09/2020 00:00:00 (UTC)", "DEPTO": null, "MUNICIPIO": "SIMACOTA", "VEREDA": null, "GASODUCTO": "(CENTRO - ORIENTE)", "TRAMO": "Barrancabermeja - Sebastopol", "PK_INICIO": "38800", "TP_DUCTO": "Troncal", "DISTRITO": "1", "DIAMETRO": "(20)", "TRM_REG": null, "TP_EVENTO": "CARCAVAS", "LONGITUD": 130.0, "PRIORIDAD": "Media", "AMENAZA": "Medio", "FX2": "20230922_FX2_C01_COR_BARRANC-SEB_PK038+800_VB", "OBSERVACION_GEOTECNISTA": null }, "geometry": { "type": "Point", "coordinates": [ -73.898437, 6.82738, 0.0 ] } },
{ "type": "Feature", "properties": { "FECHA": "31/08/2020 00:00:00 (UTC)", "DEPTO": null, "MUNICIPIO": "SIMACOTA", "VEREDA": null, "GASODUCTO": "(CENTRO - ORIENTE)", "TRAMO": "Barrancabermeja - Sebastopol", "PK_INICIO": "46278", "TP_DUCTO": "Troncal", "DISTRITO": "1", "DIAMETRO": "(20)", "TRM_REG": null, "TP_EVENTO": "SOCAVACIÓN DE FONDO", "LONGITUD": 40.0, "PRIORIDAD": "Alta", "AMENAZA": "Extremo", "FX2": "20210309_FX2_C01_COR_BARRANC-SEB_PK046+278_V1", "OBSERVACION_GEOTECNISTA": null }, "geometry": { "type": "Point", "coordinates": [ -73.929721, 6.77127, 0.0 ] } },
{ "type": "Feature", "properties": { "FECHA": "31/01/2020 00:00:00 (UTC)", "DEPTO": null, "MUNICIPIO": "MONTERREY", "VEREDA": null, "GASODUCTO": "(CUSIANA - PORVENIR)", "TRAMO": "Cusiana - Miraflores", "PK_INICIO": "31613", "TP_DUCTO": "Troncal", "DISTRITO": "5", "DIAMETRO": "(20)", "TRM_REG": null, "TP_EVENTO": "SOCAVACIÓN DE FONDO", "LONGITUD": 3.0, "PRIORIDAD": "Alta", "AMENAZA": "Extremo", "FX2": "20211013_FX2_C04_CP_CUS-MIRAF_PK034+032_VD", "OBSERVACION_GEOTECNISTA": null }, "geometry": { "type": "Point", "coordinates": [ -72.94207, 4.925279, 0.0 ] } },
{ "type": "Feature", "properties": { "FECHA": "31/01/2020 00:00:00 (UTC)", "DEPTO": null, "MUNICIPIO": "SABANALARGA", "VEREDA": null, "GASODUCTO": "(CUSIANA - PORVENIR)", "TRAMO": "Cusiana - Miraflores", "PK_INICIO": "36650", "TP_DUCTO": "Troncal", "DISTRITO": "5", "DIAMETRO": "(20)", "TRM_REG": null, "TP_EVENTO": "SOCAVACIÓN DE FONDO", "LONGITUD": 5.0, "PRIORIDAD": "Alta", "AMENAZA": "Extremo", "FX2": "20211013_FX2_C04_CP_CUS-MIRAF_PK036+650_VA", "OBSERVACION_GEOTECNISTA": null }, "geometry": { "type": "Point", "coordinates": [ -72.96339, 4.93348, 0.0 ] } },
{ "type": "Feature", "properties": { "FECHA": "3/02/2020 00:00:00 (UTC)", "DEPTO": null, "MUNICIPIO": "SABANALARGA", "VEREDA": null, "GASODUCTO": "(CUSIANA - PORVENIR)", "TRAMO": "Cusiana - Miraflores", "PK_INICIO": "9826", "TP_DUCTO": "Troncal", "DISTRITO": "5", "DIAMETRO": "(20)", "TRM_REG": null, "TP_EVENTO": "SOCAVACIÓN DE FONDO", "LONGITUD": 12.0, "PRIORIDAD": "Baja", "AMENAZA": "Bajo", "FX2": "20240403_FX2_C04_PB_CUS-MIRAF_PK009+826(PK42+844)_VA", "OBSERVACION_GEOTECNISTA": null }, "geometry": { "type": "Point", "coordinates": [ -72.997548, 4.95652, 0.0 ] } },
{ "type": "Feature", "properties": { "FECHA": "4/02/2020 00:00:00 (UTC)", "DEPTO": null, "MUNICIPIO": "SABANALARGA", "VEREDA": null, "GASODUCTO": "(CUSIANA - PORVENIR)", "TRAMO": "Cusiana - Miraflores", "PK_INICIO": "46658", "TP_DUCTO": "Troncal", "DISTRITO": "5", "DIAMETRO": "(20)", "TRM_REG": null, "TP_EVENTO": "REPTACION", "LONGITUD": 80.0, "PRIORIDAD": "Alta", "AMENAZA": "Alto", "FX2": "20211014_FX2_C04_CP_CUS-MIRAF_PK046+658_VA", "OBSERVACION_GEOTECNISTA": null }, "geometry": { "type": "Point", "coordinates": [ -73.0011, 4.9872, 0.0 ] } },
{ "type": "Feature", "properties": { "FECHA": "5/02/2020 00:00:00 (UTC)", "DEPTO": null, "MUNICIPIO": "PÁEZ", "VEREDA": null, "GASODUCTO": "(CUSIANA - PORVENIR)", "TRAMO": "Cusiana - Miraflores", "PK_INICIO": "47254", "TP_DUCTO": "Troncal", "DISTRITO": "5", "DIAMETRO": "(20)", "TRM_REG": null, "TP_EVENTO": "SOCAVACIÓN DE FONDO", "LONGITUD": 10.0, "PRIORIDAD": "Alta", "AMENAZA": "Extremo", "FX2": "20211014_FX2_C04_CP_CUS-MIRAF_PK047+254_VC", "OBSERVACION_GEOTECNISTA": null }, "geometry": { "type": "Point", "coordinates": [ -72.998863, 4.991617, 0.0 ] } },
{ "type": "Feature", "properties": { "FECHA": "5/02/2020 00:00:00 (UTC)", "DEPTO": null, "MUNICIPIO": "PÁEZ", "VEREDA": null, "GASODUCTO": "(CUSIANA - PORVENIR)", "TRAMO": "Cusiana - Miraflores", "PK_INICIO": "50114", "TP_DUCTO": "Troncal", "DISTRITO": "5", "DIAMETRO": "(20)", "TRM_REG": null, "TP_EVENTO": "SOCAVACIÓN DE FONDO", "LONGITUD": 10.0, "PRIORIDAD": "Alta", "AMENAZA": "Extremo", "FX2": "20211014_FX2_C04_CP_CUS-MIRAF_PK050+114_VB", "OBSERVACION_GEOTECNISTA": null }, "geometry": { "type": "Point", "coordinates": [ -72.9859, 5.011842, 0.0 ] } },
{ "type": "Feature", "properties": { "FECHA": "11/02/2020 00:00:00 (UTC)", "DEPTO": null, "MUNICIPIO": "PÁEZ", "VEREDA": null, "GASODUCTO": "(CUSIANA - PORVENIR)", "TRAMO": "Cusiana - Miraflores", "PK_INICIO": "59915", "TP_DUCTO": "Troncal", "DISTRITO": "5", "DIAMETRO": "(20)", "TRM_REG": null, "TP_EVENTO": "SURCOS", "LONGITUD": 84.0, "PRIORIDAD": "Alta", "AMENAZA": "Alto", "FX2": "20231027_FX2_C04_CP_CUS-MIRAF_PK059+999_VB", "OBSERVACION_GEOTECNISTA": null }, "geometry": { "type": "Point", "coordinates": [ -73.002972, 5.074483, 0.0 ] } },
{ "type": "Feature", "properties": { "FECHA": "12/02/2020 00:00:00 (UTC)", "DEPTO": null, "MUNICIPIO": "PÁEZ", "VEREDA": null, "GASODUCTO": "(CUSIANA - PORVENIR)", "TRAMO": "Cusiana - Miraflores", "PK_INICIO": "40615", "TP_DUCTO": "Troncal", "DISTRITO": "5", "DIAMETRO": "(20)", "TRM_REG": null, "TP_EVENTO": "SOCAVACIÓN DE FONDO", "LONGITUD": 30.0, "PRIORIDAD": "Baja", "AMENAZA": "Bajo", "FX2": "20240423_FX2_C04_PB_CUS-MIRAF_PK040+615(PK72+815)_VB", "OBSERVACION_GEOTECNISTA": null }, "geometry": { "type": "Point", "coordinates": [ -73.084708, 5.122116, 0.0 ] } },
{ "type": "Feature", "properties": { "FECHA": "13/02/2020 00:00:00 (UTC)", "DEPTO": null, "MUNICIPIO": "MIRAFLORES", "VEREDA": null, "GASODUCTO": "(CUSIANA - PORVENIR)", "TRAMO": "Cusiana - Miraflores", "PK_INICIO": "79018", "TP_DUCTO": "Loop", "DISTRITO": "5", "DIAMETRO": "(20)", "TRM_REG": null, "TP_EVENTO": "SOCAVACIÓN DE FONDO", "LONGITUD": 10.0, "PRIORIDAD": "Alta", "AMENAZA": "Alto", "FX2": "20210729_FX2_C04_PB_CUS-MIRAF(L)_PK079+018_VA", "OBSERVACION_GEOTECNISTA": null }, "geometry": { "type": "Point", "coordinates": [ -73.106797, 5.160208, 0.0 ] } },
{ "type": "Feature", "properties": { "FECHA": "9/12/2020 00:00:00 (UTC)", "DEPTO": null, "MUNICIPIO": "MANAURE", "VEREDA": null, "GASODUCTO": "(BALLENAS-BARRANCA)", "TRAMO": "Ballenas - Hato Nuevo", "PK_INICIO": "4243", "TP_DUCTO": "Troncal", "DISTRITO": "6", "DIAMETRO": "(18)", "TRM_REG": null, "TP_EVENTO": "CARCAVAS", "LONGITUD": 350.0, "PRIORIDAD": "Alta", "AMENAZA": "Extremo", "FX2": "20210626_FX2_PM1_BB_BALL-HATO_PK004+243_VA", "OBSERVACION_GEOTECNISTA": null }, "geometry": { "type": "Point", "coordinates": [ -72.70778, 11.66008, 0.0 ] } },
{ "type": "Feature", "properties": { "FECHA": "14/03/2019 00:00:00 (UTC)", "DEPTO": null, "MUNICIPIO": "MANAURE", "VEREDA": null, "GASODUCTO": "(BALLENAS-BARRANCA)", "TRAMO": "Ballenas - Hato Nuevo", "PK_INICIO": "6204", "TP_DUCTO": "Troncal", "DISTRITO": "6", "DIAMETRO": "(18)", "TRM_REG": null, "TP_EVENTO": "CARCAVAS", "LONGITUD": 4.0, "PRIORIDAD": "Baja", "AMENAZA": "Bajo", "FX2": "20211112_FX2_PM01_BB_BALL-HATO_PK006+204_VA.xlsx", "OBSERVACION_GEOTECNISTA": null }, "geometry": { "type": "Point", "coordinates": [ -72.702, 11.643529, 0.0 ] } },
{ "type": "Feature", "properties": { "FECHA": "15/03/2019 00:00:00 (UTC)", "DEPTO": null, "MUNICIPIO": "MANAURE", "VEREDA": null, "GASODUCTO": "(BALLENAS-BARRANCA)", "TRAMO": "Ballenas - Hato Nuevo", "PK_INICIO": "16769", "TP_DUCTO": "Troncal", "DISTRITO": "6", "DIAMETRO": "(18)", "TRM_REG": null, "TP_EVENTO": "CARCAVAS", "LONGITUD": 1.5, "PRIORIDAD": "Baja", "AMENAZA": "Bajo", "FX2": "20210625_FX2_PM1_BB_R-BALL-HATO_PK016+769_VB", "OBSERVACION_GEOTECNISTA": null }, "geometry": { "type": "Point", "coordinates": [ -72.672192, 11.552734, 0.0 ] } },
{ "type": "Feature", "properties": { "FECHA": "16/03/2019 00:00:00 (UTC)", "DEPTO": null, "MUNICIPIO": "MANAURE", "VEREDA": null, "GASODUCTO": "(BALLENAS-BARRANCA)", "TRAMO": "Ballenas - Hato Nuevo", "PK_INICIO": "19987", "TP_DUCTO": "Troncal", "DISTRITO": "6", "DIAMETRO": "(18)", "TRM_REG": null, "TP_EVENTO": "CARCAVAS", "LONGITUD": 17.0, "PRIORIDAD": "Baja", "AMENAZA": "Bajo", "FX2": "20210625_FX2_PM1_BB_R-BALL-HATO_PK019+987_VA", "OBSERVACION_GEOTECNISTA": null }, "geometry": { "type": "Point", "coordinates": [ -72.663054, 11.525003, 0.0 ] } },
{ "type": "Feature", "properties": { "FECHA": "16/03/2019 00:00:00 (UTC)", "DEPTO": null, "MUNICIPIO": "MANAURE", "VEREDA": null, "GASODUCTO": "(BALLENAS-BARRANCA)", "TRAMO": "Ballenas - Hato Nuevo", "PK_INICIO": "22826", "TP_DUCTO": "Troncal", "DISTRITO": "6", "DIAMETRO": "(18)", "TRM_REG": null, "TP_EVENTO": "CARCAVAS", "LONGITUD": 19.0, "PRIORIDAD": "Baja", "AMENAZA": "Bajo", "FX2": "20210625_FX2_PM1_BB_R-BALL-HATO_PK022+826_VA", "OBSERVACION_GEOTECNISTA": null }, "geometry": { "type": "Point", "coordinates": [ -72.655, 11.50055, 0.0 ] } },
{ "type": "Feature", "properties": { "FECHA": "19/03/2019 00:00:00 (UTC)", "DEPTO": null, "MUNICIPIO": "RIOHACHA", "VEREDA": null, "GASODUCTO": "(BALLENAS-BARRANCA)", "TRAMO": "Ballenas - Hato Nuevo", "PK_INICIO": "43804", "TP_DUCTO": "Troncal", "DISTRITO": "6", "DIAMETRO": "(18)", "TRM_REG": null, "TP_EVENTO": "SURCOS", "LONGITUD": 60.0, "PRIORIDAD": "Media", "AMENAZA": "Medio", "FX2": "20220726_FX2_PM01_BB_BALL-HATO_PK043+804_VA.xlsx", "OBSERVACION_GEOTECNISTA": null }, "geometry": { "type": "Point", "coordinates": [ -72.636742, 11.314322, 0.0 ] } },
{ "type": "Feature", "properties": { "FECHA": "19/03/2019 00:00:00 (UTC)", "DEPTO": null, "MUNICIPIO": "RIOHACHA", "VEREDA": null, "GASODUCTO": "(BALLENAS-BARRANCA)", "TRAMO": "Ballenas - Hato Nuevo", "PK_INICIO": "43804", "TP_DUCTO": "Troncal", "DISTRITO": "6", "DIAMETRO": "(18)", "TRM_REG": null, "TP_EVENTO": "SURCOS", "LONGITUD": 30.0, "PRIORIDAD": "Media", "AMENAZA": "Medio", "FX2": "20210526_FX2_PM01_BB_BALL-HATO_PK044+558_VA.xlsx", "OBSERVACION_GEOTECNISTA": null }, "geometry": { "type": "Point", "coordinates": [ -72.636075, 11.307558, 0.0 ] } },
{ "type": "Feature", "properties": { "FECHA": "20/03/2019 00:00:00 (UTC)", "DEPTO": null, "MUNICIPIO": "RIOHACHA", "VEREDA": null, "GASODUCTO": "(BALLENAS-BARRANCA)", "TRAMO": "Ballenas - Hato Nuevo", "PK_INICIO": "50782", "TP_DUCTO": "Troncal", "DISTRITO": "6", "DIAMETRO": "(18)", "TRM_REG": null, "TP_EVENTO": "CARCAVAS", "LONGITUD": 25.0, "PRIORIDAD": "Media", "AMENAZA": "Medio", "FX2": "20220808_FX2_PM01_BB_BALL-HATO_PK050+782_VA.xlsx", "OBSERVACION_GEOTECNISTA": null }, "geometry": { "type": "Point", "coordinates": [ -72.617935, 11.254911, 0.0 ] } },
{ "type": "Feature", "properties": { "FECHA": "21/03/2019 00:00:00 (UTC)", "DEPTO": null, "MUNICIPIO": "RIOHACHA", "VEREDA": null, "GASODUCTO": "(BALLENAS-BARRANCA)", "TRAMO": "Ballenas - Hato Nuevo", "PK_INICIO": "51704", "TP_DUCTO": "Troncal", "DISTRITO": "6", "DIAMETRO": "(18)", "TRM_REG": null, "TP_EVENTO": "SURCOS", "LONGITUD": 40.0, "PRIORIDAD": "Media", "AMENAZA": "Medio", "FX2": "20220808_FX2_PM01_BB_BALL-HATO_PK051+704_VA.xlsx", "OBSERVACION_GEOTECNISTA": null }, "geometry": { "type": "Point", "coordinates": [ -72.615842, 11.246899, 0.0 ] } },
{ "type": "Feature", "properties": { "FECHA": "20/03/2019 00:00:00 (UTC)", "DEPTO": null, "MUNICIPIO": "RIOHACHA", "VEREDA": null, "GASODUCTO": "(BALLENAS-BARRANCA)", "TRAMO": "Ballenas - Hato Nuevo", "PK_INICIO": "52688", "TP_DUCTO": "Troncal", "DISTRITO": "6", "DIAMETRO": "(18)", "TRM_REG": null, "TP_EVENTO": "SURCOS", "LONGITUD": 25.0, "PRIORIDAD": "Baja", "AMENAZA": "Bajo", "FX2": "20220806_FX2_PM01_BB_BALL-HATO_PK052+688_VB.xlsx", "OBSERVACION_GEOTECNISTA": null }, "geometry": { "type": "Point", "coordinates": [ -72.613634, 11.238488, 0.0 ] } },
{ "type": "Feature", "properties": { "FECHA": "21/03/2019 00:00:00 (UTC)", "DEPTO": null, "MUNICIPIO": "ALBANIA", "VEREDA": null, "GASODUCTO": "(BALLENAS-BARRANCA)", "TRAMO": "Ballenas - Hato Nuevo", "PK_INICIO": "61500", "TP_DUCTO": "Troncal", "DISTRITO": "6", "DIAMETRO": "(18)", "TRM_REG": null, "TP_EVENTO": "CARCAVAS", "LONGITUD": 2.0, "PRIORIDAD": "Media", "AMENAZA": "Medio", "FX2": "20220506_FX2_PM1_BB_BALL-HATO_PK061+500_VA", "OBSERVACION_GEOTECNISTA": null }, "geometry": { "type": "Point", "coordinates": [ -72.614103, 11.171977, 0.0 ] } },
{ "type": "Feature", "properties": { "FECHA": "29/03/2019 00:00:00 (UTC)", "DEPTO": null, "MUNICIPIO": "EL MOLINO", "VEREDA": null, "GASODUCTO": "(BALLENAS-BARRANCA)", "TRAMO": "El Molino", "PK_INICIO": "7264", "TP_DUCTO": "Ramal", "DISTRITO": "6", "DIAMETRO": "3\"", "TRM_REG": null, "TP_EVENTO": "SOCAVACIÓN DE FONDO", "LONGITUD": 3.0, "PRIORIDAD": "Alta", "AMENAZA": "Alto", "FX2": "20220505_FX2_PM1_BB_R-EL MOLINO_PK007+264_VB", "OBSERVACION_GEOTECNISTA": null }, "geometry": { "type": "Point", "coordinates": [ -72.933553, 10.657568, 0.0 ] } },
{ "type": "Feature", "properties": { "FECHA": "23/03/2019 00:00:00 (UTC)", "DEPTO": null, "MUNICIPIO": "HATO NUEVO", "VEREDA": null, "GASODUCTO": "(BALLENAS-BARRANCA)", "TRAMO": "Hato Nuevo - Jagua del Pilar", "PK_INICIO": "81142", "TP_DUCTO": "Troncal", "DISTRITO": "6", "DIAMETRO": "(18)", "TRM_REG": null, "TP_EVENTO": "SURCOS", "LONGITUD": 10.0, "PRIORIDAD": "Baja", "AMENAZA": "Bajo", "FX2": "20231122_FX2_PM01_BB_JAGUA-CASAC_PK081+142_VA.xlsx", "OBSERVACION_GEOTECNISTA": null }, "geometry": { "type": "Point", "coordinates": [ -72.75092, 11.07022, 0.0 ] } },
{ "type": "Feature", "properties": { "FECHA": "23/03/2019 00:00:00 (UTC)", "DEPTO": null, "MUNICIPIO": "HATO NUEVO", "VEREDA": null, "GASODUCTO": "(BALLENAS-BARRANCA)", "TRAMO": "Hato Nuevo - Jagua del Pilar", "PK_INICIO": "81597", "TP_DUCTO": "Troncal", "DISTRITO": "6", "DIAMETRO": "(18)", "TRM_REG": null, "TP_EVENTO": "CARCAVAS", "LONGITUD": 30.0, "PRIORIDAD": "Baja", "AMENAZA": "Bajo", "FX2": "20231122_FX2_PM01_BB_JAGUA-CASAC_PK081+597_VA.xlsx", "OBSERVACION_GEOTECNISTA": null }, "geometry": { "type": "Point", "coordinates": [ -72.749508, 11.066362, 0.0 ] } },
{ "type": "Feature", "properties": { "FECHA": "26/03/2019 00:00:00 (UTC)", "DEPTO": null, "MUNICIPIO": "FONSECA", "VEREDA": null, "GASODUCTO": "(BALLENAS-BARRANCA)", "TRAMO": "Hato Nuevo - Jagua del Pilar", "PK_INICIO": "104770", "TP_DUCTO": "Troncal", "DISTRITO": "6", "DIAMETRO": "(18)", "TRM_REG": null, "TP_EVENTO": "SOCAVACIÓN LATERAL", "LONGITUD": 20.0, "PRIORIDAD": "Baja", "AMENAZA": "Bajo", "FX2": "20231122_FX2_PM01_BB_JAGUA-CASAC_PK104+770 (PK104+580)_VA.xlsx", "OBSERVACION_GEOTECNISTA": null }, "geometry": { "type": "Point", "coordinates": [ -72.859575, 10.898799, 0.0 ] } },
{ "type": "Feature", "properties": { "FECHA": "28/03/2019 00:00:00 (UTC)", "DEPTO": null, "MUNICIPIO": "SAN JUAN DEL CESAR", "VEREDA": null, "GASODUCTO": "(BALLENAS-BARRANCA)", "TRAMO": "San Juan", "PK_INICIO": "4693", "TP_DUCTO": "Ramal", "DISTRITO": "6", "DIAMETRO": "3\"", "TRM_REG": null, "TP_EVENTO": "SOCAVACIÓN DE FONDO", "LONGITUD": 3.0, "PRIORIDAD": "Media", "AMENAZA": "Medio", "FX2": "20220505_FX2_PM1_BB_R-SAN JUAN_PK004+693_VB", "OBSERVACION_GEOTECNISTA": null }, "geometry": { "type": "Point", "coordinates": [ -72.995092, 10.758983, 0.0 ] } },
{ "type": "Feature", "properties": { "FECHA": "6/08/2020 00:00:00 (UTC)", "DEPTO": null, "MUNICIPIO": "TUNJA", "VEREDA": null, "GASODUCTO": "(BOYACA - SANTANDER)", "TRAMO": "Teatinos - Belencito", "PK_INICIO": "9890", "TP_DUCTO": "Troncal", "DISTRITO": "5", "DIAMETRO": "18\"", "TRM_REG": null, "TP_EVENTO": "CARCAVAS", "LONGITUD": 45.0, "PRIORIDAD": "Media", "AMENAZA": "Medio", "FX2": "20230725_FX2_C05_GBS_TEAT-BELENC_PK009+890_VA.xlsx", "OBSERVACION_GEOTECNISTA": null }, "geometry": { "type": "Point", "coordinates": [ -73.4036, 5.5462, 0.0 ] } },
{ "type": "Feature", "properties": { "FECHA": "17/08/2020 00:00:00 (UTC)", "DEPTO": null, "MUNICIPIO": "MOTAVITA", "VEREDA": null, "GASODUCTO": "(BOYACA - SANTANDER)", "TRAMO": "Teatinos - Belencito", "PK_INICIO": "13950", "TP_DUCTO": "Troncal", "DISTRITO": "5", "DIAMETRO": "18\"", "TRM_REG": null, "TP_EVENTO": "SURCOS", "LONGITUD": 10.0, "PRIORIDAD": "Baja", "AMENAZA": "Bajo", "FX2": "20210329_FX2_C05_GBS_TEAT-BELENC_PK013+950_VB", "OBSERVACION_GEOTECNISTA": null }, "geometry": { "type": "Point", "coordinates": [ -73.3811, 5.571401, 0.0 ] } },
{ "type": "Feature", "properties": { "FECHA": "19/08/2020 00:00:00 (UTC)", "DEPTO": null, "MUNICIPIO": "OICATÁ", "VEREDA": null, "GASODUCTO": "(BOYACA - SANTANDER)", "TRAMO": "Teatinos - Belencito", "PK_INICIO": "23057", "TP_DUCTO": "Troncal", "DISTRITO": "5", "DIAMETRO": "18\"", "TRM_REG": null, "TP_EVENTO": "SURCOS", "LONGITUD": 20.0, "PRIORIDAD": "Baja", "AMENAZA": "Bajo", "FX2": "20230808_FX2_C05_GBS_TEAT-BELENC_PK023+067_VA", "OBSERVACION_GEOTECNISTA": null }, "geometry": { "type": "Point", "coordinates": [ -73.319, 5.6097, 0.0 ] } },
{ "type": "Feature", "properties": { "FECHA": "27/08/2020 00:00:00 (UTC)", "DEPTO": null, "MUNICIPIO": "PAIPA", "VEREDA": null, "GASODUCTO": "(BOYACA - SANTANDER)", "TRAMO": "Teatinos - Belencito", "PK_INICIO": "54158", "TP_DUCTO": "Troncal", "DISTRITO": "5", "DIAMETRO": "18\"", "TRM_REG": null, "TP_EVENTO": "SOCAVACIÓN LATERAL", "LONGITUD": 15.0, "PRIORIDAD": "Media", "AMENAZA": "Medio", "FX2": "20230905_FX2_C05_GBS_TEAT-BELENC_PK054+158_VA", "OBSERVACION_GEOTECNISTA": null }, "geometry": { "type": "Point", "coordinates": [ -73.1152, 5.7419, 0.0 ] } },
{ "type": "Feature", "properties": { "FECHA": "18/03/2019 00:00:00 (UTC)", "DEPTO": null, "MUNICIPIO": "AGUAZUL", "VEREDA": null, "GASODUCTO": "(CUSIANA - APIAY - USME)", "TRAMO": "Aguazul", "PK_INICIO": "8365", "TP_DUCTO": "Ramal", "DISTRITO": "4", "DIAMETRO": "3\"", "TRM_REG": null, "TP_EVENTO": "SOCAVACIÓN DE FONDO", "LONGITUD": 3.0, "PRIORIDAD": "Baja", "AMENAZA": "Bajo", "FX2": "20240415_FX2_C04_CAU_R-AGUAZUL_PK008+365_VA", "OBSERVACION_GEOTECNISTA": null }, "geometry": { "type": "Point", "coordinates": [ -72.652329, 5.029017, 0.0 ] } },
{ "type": "Feature", "properties": { "FECHA": "19/03/2019 00:00:00 (UTC)", "DEPTO": null, "MUNICIPIO": "AGUAZUL", "VEREDA": null, "GASODUCTO": "(CUSIANA - APIAY - USME)", "TRAMO": "Aguazul", "PK_INICIO": "10504", "TP_DUCTO": "Ramal", "DISTRITO": "4", "DIAMETRO": "3\"", "TRM_REG": null, "TP_EVENTO": "SURCOS", "LONGITUD": 3.0, "PRIORIDAD": "Media", "AMENAZA": "Medio", "FX2": "20240415_FX2_C04_CAU_R-AGUAZUL_PK010+504_VA", "OBSERVACION_GEOTECNISTA": null }, "geometry": { "type": "Point", "coordinates": [ -72.637104, 5.039409, 0.0 ] } },
{ "type": "Feature", "properties": { "FECHA": "19/03/2019 00:00:00 (UTC)", "DEPTO": null, "MUNICIPIO": "AGUAZUL", "VEREDA": null, "GASODUCTO": "(CUSIANA - APIAY - USME)", "TRAMO": "Aguazul", "PK_INICIO": "17063", "TP_DUCTO": "Ramal", "DISTRITO": "4", "DIAMETRO": "3\"", "TRM_REG": null, "TP_EVENTO": "CARCAVAS", "LONGITUD": 35.0, "PRIORIDAD": "Media", "AMENAZA": "Medio", "FX2": "20240416_FX2_C04_CAU_R-AGUAZUL_PK017+063_VB", "OBSERVACION_GEOTECNISTA": null }, "geometry": { "type": "Point", "coordinates": [ -72.615281, 5.090518, 0.0 ] } },
{ "type": "Feature", "properties": { "FECHA": "21/03/2019 00:00:00 (UTC)", "DEPTO": null, "MUNICIPIO": "AGUAZUL", "VEREDA": null, "GASODUCTO": "(CUSIANA - APIAY - USME)", "TRAMO": "Aguazul", "PK_INICIO": "26673", "TP_DUCTO": "Ramal", "DISTRITO": "4", "DIAMETRO": "3\"", "TRM_REG": null, "TP_EVENTO": "SOCAVACIÓN DE FONDO", "LONGITUD": 6.0, "PRIORIDAD": "Baja", "AMENAZA": "Bajo", "FX2": "20240419_FX2_C04_CAU_R-AGUAZUL_PK026+673_VA", "OBSERVACION_GEOTECNISTA": null }, "geometry": { "type": "Point", "coordinates": [ -72.571677599999987, 5.159830400000033, 0.0 ] } },
{ "type": "Feature", "properties": { "FECHA": "30/03/2019 00:00:00 (UTC)", "DEPTO": null, "MUNICIPIO": "ARMENIA", "VEREDA": null, "GASODUCTO": "(MARIQUITA - CALI)", "TRAMO": "Montenegro", "PK_INICIO": "5355", "TP_DUCTO": "Ramal", "DISTRITO": "7", "DIAMETRO": "4\"", "TRM_REG": null, "TP_EVENTO": "SOCAVACIÓN DE FONDO", "LONGITUD": 7.0, "PRIORIDAD": "Alta", "AMENAZA": "Extremo", "FX2": "20220125_FX2_C08_MC_R-MONTENEG_PK005+355_VA", "OBSERVACION_GEOTECNISTA": null }, "geometry": { "type": "Point", "coordinates": [ -75.745476, 4.52571, 0.0 ] } },
{ "type": "Feature", "properties": { "FECHA": "9/03/2019 00:00:00 (UTC)", "DEPTO": null, "MUNICIPIO": "ZARZAL", "VEREDA": null, "GASODUCTO": "(MARIQUITA - CALI)", "TRAMO": "Zarzal", "PK_INICIO": "100", "TP_DUCTO": "Ramal", "DISTRITO": "8", "DIAMETRO": "3\"", "TRM_REG": null, "TP_EVENTO": "CARCAVAS", "LONGITUD": 5.0, "PRIORIDAD": "Media", "AMENAZA": "Medio", "FX2": "20230609_FX2_C08_MC_R-ZARZAL_PK000+100_VA", "OBSERVACION_GEOTECNISTA": null }, "geometry": { "type": "Point", "coordinates": [ -76.0575, 4.388956, 0.0 ] } },
{ "type": "Feature", "properties": { "FECHA": "30/03/2019 00:00:00 (UTC)", "DEPTO": null, "MUNICIPIO": "HERVEO", "VEREDA": null, "GASODUCTO": "(MARIQUITA - CALI)", "TRAMO": "Letras - Marsella", "PK_INICIO": "67756", "TP_DUCTO": "Troncal", "DISTRITO": "7", "DIAMETRO": "(20)", "TRM_REG": null, "TP_EVENTO": "DESLIZAMIENTO TRASLACIONAL", "LONGITUD": 7.0, "PRIORIDAD": "Media", "AMENAZA": "Medio", "FX2": "20240104_FX2_C07_MC_LET-MARS_PK067+756_VB", "OBSERVACION_GEOTECNISTA": null }, "geometry": { "type": "Point", "coordinates": [ -75.340642, 5.060438, 0.0 ] } },
{ "type": "Feature", "properties": { "FECHA": "1/04/2019 00:00:00 (UTC)", "DEPTO": null, "MUNICIPIO": "MANIZALES", "VEREDA": null, "GASODUCTO": "(MARIQUITA - CALI)", "TRAMO": "Letras - Marsella", "PK_INICIO": "75250", "TP_DUCTO": "Troncal", "DISTRITO": "7", "DIAMETRO": "(20)", "TRM_REG": null, "TP_EVENTO": "DESLIZAMIENTO TRASLACIONAL", "LONGITUD": 700.0, "PRIORIDAD": "Alta", "AMENAZA": "Alto", "FX2": "20220211_FX2_C07_MC_LET-MARS_PK075+250_VA", "OBSERVACION_GEOTECNISTA": null }, "geometry": { "type": "Point", "coordinates": [ -75.400987, 5.050627, 0.0 ] } },
{ "type": "Feature", "properties": { "FECHA": "1/04/2019 00:00:00 (UTC)", "DEPTO": null, "MUNICIPIO": "MANIZALES", "VEREDA": null, "GASODUCTO": "(MARIQUITA - CALI)", "TRAMO": "Letras - Marsella", "PK_INICIO": "77865", "TP_DUCTO": "Troncal", "DISTRITO": "7", "DIAMETRO": "(20)", "TRM_REG": null, "TP_EVENTO": "DESLIZAMIENTO ROTACIONAL", "LONGITUD": 65.0, "PRIORIDAD": "Alta", "AMENAZA": "Alto", "FX2": "20220526_FX2_C07_MC_LET-MARS_PK077+865_VA", "OBSERVACION_GEOTECNISTA": null }, "geometry": { "type": "Point", "coordinates": [ -75.416797, 5.037917, 0.0 ] } },
{ "type": "Feature", "properties": { "FECHA": "6/04/2019 00:00:00 (UTC)", "DEPTO": null, "MUNICIPIO": "MANIZALES", "VEREDA": null, "GASODUCTO": "(MARIQUITA - CALI)", "TRAMO": "Letras - Marsella", "PK_INICIO": "79064", "TP_DUCTO": "Troncal", "DISTRITO": "7", "DIAMETRO": "(20)", "TRM_REG": null, "TP_EVENTO": "REPTACION", "LONGITUD": 100.0, "PRIORIDAD": "Alta", "AMENAZA": "Extremo", "FX2": "20210324_FX2_C07_MC_LET-MARS_PK079+082_VA", "OBSERVACION_GEOTECNISTA": null }, "geometry": { "type": "Point", "coordinates": [ -75.425752, 5.033641, 0.0 ] } },
{ "type": "Feature", "properties": { "FECHA": "8/04/2019 00:00:00 (UTC)", "DEPTO": null, "MUNICIPIO": "VILLAMARÍA", "VEREDA": null, "GASODUCTO": "(MARIQUITA - CALI)", "TRAMO": "Letras - Marsella", "PK_INICIO": "96288", "TP_DUCTO": "Troncal", "DISTRITO": "7", "DIAMETRO": "(20)", "TRM_REG": null, "TP_EVENTO": "DESLIZAMIENTO TRASLACIONAL", "LONGITUD": 100.0, "PRIORIDAD": "Baja", "AMENAZA": "Bajo", "FX2": "20220509_FX2_C07_MC_LET-MARS_PK096+288_VA", "OBSERVACION_GEOTECNISTA": null }, "geometry": { "type": "Point", "coordinates": [ -75.543485, 5.000564, 0.0 ] } },
{ "type": "Feature", "properties": { "FECHA": "8/04/2019 00:00:00 (UTC)", "DEPTO": null, "MUNICIPIO": "VILLAMARÍA", "VEREDA": null, "GASODUCTO": "(MARIQUITA - CALI)", "TRAMO": "Letras - Marsella", "PK_INICIO": "99744", "TP_DUCTO": "Troncal", "DISTRITO": "7", "DIAMETRO": "(20)", "TRM_REG": null, "TP_EVENTO": "SOCAVACIÓN LATERAL", "LONGITUD": 20.0, "PRIORIDAD": "Alta", "AMENAZA": "Alto", "FX2": "20231012_FX2_C07_MC_LET-MARS_PK099+744_VA", "OBSERVACION_GEOTECNISTA": null }, "geometry": { "type": "Point", "coordinates": [ -75.56847, 4.993326, 0.0 ] } },
{ "type": "Feature", "properties": { "FECHA": "13/04/2019 00:00:00 (UTC)", "DEPTO": null, "MUNICIPIO": "CHINCHINÁ", "VEREDA": null, "GASODUCTO": "(MARIQUITA - CALI)", "TRAMO": "Letras - Marsella", "PK_INICIO": "110290", "TP_DUCTO": "Troncal", "DISTRITO": "7", "DIAMETRO": "(20)", "TRM_REG": null, "TP_EVENTO": "CARCAVAS", "LONGITUD": 4.0, "PRIORIDAD": "Baja", "AMENAZA": "Bajo", "FX2": "20231012_FX2_C07_MC_LET-MARS_PK110+290_VA", "OBSERVACION_GEOTECNISTA": null }, "geometry": { "type": "Point", "coordinates": [ -75.649272, 4.9965, 0.0 ] } },
{ "type": "Feature", "properties": { "FECHA": "2/08/2019 00:00:00 (UTC)", "DEPTO": null, "MUNICIPIO": "VILLAMARÍA", "VEREDA": null, "GASODUCTO": "(MARIQUITA - CALI)", "TRAMO": "Letras - Marsella", "PK_INICIO": "95300", "TP_DUCTO": "Troncal", "DISTRITO": "7", "DIAMETRO": "(20)", "TRM_REG": null, "TP_EVENTO": "DESLIZAMIENTO TRASLACIONAL", "LONGITUD": 40.0, "PRIORIDAD": "Media", "AMENAZA": "Medio", "FX2": "20220405_FX2_C07_MC_LET-MARS_PK095+300_VA", "OBSERVACION_GEOTECNISTA": null }, "geometry": { "type": "Point", "coordinates": [ -75.536243, 4.997147, 0.0 ] } },
{ "type": "Feature", "properties": { "FECHA": "17/03/2020 00:00:00 (UTC)", "DEPTO": null, "MUNICIPIO": "TAURAMENA", "VEREDA": null, "GASODUCTO": "(CUSIANA - APIAY - USME)", "TRAMO": "Cusiana - Pk65", "PK_INICIO": "1415", "TP_DUCTO": "Troncal", "DISTRITO": "4", "DIAMETRO": "22\"", "TRM_REG": null, "TP_EVENTO": "CARCAVAS", "LONGITUD": 3.0, "PRIORIDAD": "Alta", "AMENAZA": "Extremo", "FX2": "20230112_FX2_C04_CAU_CUS-PK65_PK001+415_VB", "OBSERVACION_GEOTECNISTA": null }, "geometry": { "type": "Point", "coordinates": [ -72.714912, 4.982409, 0.0 ] } },
{ "type": "Feature", "properties": { "FECHA": "17/03/2020 00:00:00 (UTC)", "DEPTO": null, "MUNICIPIO": "TAURAMENA", "VEREDA": null, "GASODUCTO": "(CUSIANA - APIAY - USME)", "TRAMO": "Cusiana - Pk65", "PK_INICIO": "2061", "TP_DUCTO": "Troncal", "DISTRITO": "4", "DIAMETRO": "22\"", "TRM_REG": null, "TP_EVENTO": "SURCOS", "LONGITUD": 20.0, "PRIORIDAD": "Baja", "AMENAZA": "Bajo", "FX2": "20230309_FX2_C04_CAU_CUS-PK65_PK002+061_VA", "OBSERVACION_GEOTECNISTA": null }, "geometry": { "type": "Point", "coordinates": [ -72.71107, 4.983934, 0.0 ] } },
{ "type": "Feature", "properties": { "FECHA": "18/03/2020 00:00:00 (UTC)", "DEPTO": null, "MUNICIPIO": "TAURAMENA", "VEREDA": null, "GASODUCTO": "(CUSIANA - APIAY - USME)", "TRAMO": "Cusiana - Pk65", "PK_INICIO": "8020", "TP_DUCTO": "Troncal", "DISTRITO": "4", "DIAMETRO": "22\"", "TRM_REG": null, "TP_EVENTO": "DESLIZAMIENTO ROTACIONAL", "LONGITUD": 26.0, "PRIORIDAD": "Media", "AMENAZA": "Medio", "FX2": "20240305_FX2_C04_CAU_CUS-PK65_PK008+020_VA", "OBSERVACION_GEOTECNISTA": null }, "geometry": { "type": "Point", "coordinates": [ -72.753225, 4.961112, 0.0 ] } },
{ "type": "Feature", "properties": { "FECHA": "18/03/2020 00:00:00 (UTC)", "DEPTO": null, "MUNICIPIO": "TAURAMENA", "VEREDA": null, "GASODUCTO": "(CUSIANA - APIAY - USME)", "TRAMO": "Cusiana - Pk65", "PK_INICIO": "11146", "TP_DUCTO": "Troncal", "DISTRITO": "4", "DIAMETRO": "22\"", "TRM_REG": null, "TP_EVENTO": "SOCAVACIÓN LATERAL", "LONGITUD": 15.0, "PRIORIDAD": "Media", "AMENAZA": "Medio", "FX2": "20240304_FX2_C04_CAU_CUS-PK65_PK011+146_VA", "OBSERVACION_GEOTECNISTA": null }, "geometry": { "type": "Point", "coordinates": [ -72.774521, 4.951072, 0.0 ] } },
{ "type": "Feature", "properties": { "FECHA": "18/03/2020 00:00:00 (UTC)", "DEPTO": null, "MUNICIPIO": "TAURAMENA", "VEREDA": null, "GASODUCTO": "(CUSIANA - APIAY - USME)", "TRAMO": "Cusiana - Pk65", "PK_INICIO": "11834", "TP_DUCTO": "Troncal", "DISTRITO": "4", "DIAMETRO": "22\"", "TRM_REG": null, "TP_EVENTO": "SOCAVACIÓN LATERAL", "LONGITUD": 15.0, "PRIORIDAD": "Baja", "AMENAZA": "Bajo", "FX2": "20240304_FX2_C04_CAU_CUS-PK65_PK011+834_VA", "OBSERVACION_GEOTECNISTA": null }, "geometry": { "type": "Point", "coordinates": [ -72.779723, 4.948442, 0.0 ] } },
{ "type": "Feature", "properties": { "FECHA": "20/03/2020 00:00:00 (UTC)", "DEPTO": null, "MUNICIPIO": "MONTERREY", "VEREDA": null, "GASODUCTO": "(CUSIANA - APIAY - USME)", "TRAMO": "Cusiana - Pk65", "PK_INICIO": "26321", "TP_DUCTO": "Troncal", "DISTRITO": "4", "DIAMETRO": "22\"", "TRM_REG": null, "TP_EVENTO": "SOCAVACIÓN LATERAL", "LONGITUD": 40.0, "PRIORIDAD": "Alta", "AMENAZA": "Extremo", "FX2": "20211013_FX2_C04_CP_CUS-MIRAF_PK026+321_VA", "OBSERVACION_GEOTECNISTA": null }, "geometry": { "type": "Point", "coordinates": [ -72.889038, 4.903906, 0.0 ] } },
{ "type": "Feature", "properties": { "FECHA": "21/03/2020 00:00:00 (UTC)", "DEPTO": null, "MUNICIPIO": "MONTERREY", "VEREDA": null, "GASODUCTO": "(CUSIANA - APIAY - USME)", "TRAMO": "Cusiana - Pk65", "PK_INICIO": "28093", "TP_DUCTO": "Troncal", "DISTRITO": "4", "DIAMETRO": "22\"", "TRM_REG": null, "TP_EVENTO": "CARCAVAS", "LONGITUD": 2.0, "PRIORIDAD": "Media", "AMENAZA": "Medio", "FX2": "20240223_FX2_C04_CAU_CUS-PK65_PK028+093_VB", "OBSERVACION_GEOTECNISTA": null }, "geometry": { "type": "Point", "coordinates": [ -72.898983, 4.895763, 0.0 ] } },
{ "type": "Feature", "properties": { "FECHA": "31/05/2020 00:00:00 (UTC)", "DEPTO": null, "MUNICIPIO": "MONTERREY", "VEREDA": null, "GASODUCTO": "(CUSIANA - APIAY - USME)", "TRAMO": "Cusiana - Pk65", "PK_INICIO": "36537", "TP_DUCTO": "Troncal", "DISTRITO": "4", "DIAMETRO": "22\"", "TRM_REG": null, "TP_EVENTO": "SOCAVACIÓN DE FONDO", "LONGITUD": 20.0, "PRIORIDAD": "Alta", "AMENAZA": "Extremo", "FX2": "20230111_FX2_C06_CAU_CUS-PK65_PK036+537_VA", "OBSERVACION_GEOTECNISTA": null }, "geometry": { "type": "Point", "coordinates": [ -72.942464, 4.833214, 0.0 ] } },
{ "type": "Feature", "properties": { "FECHA": "1/06/2020 00:00:00 (UTC)", "DEPTO": null, "MUNICIPIO": "MONTERREY", "VEREDA": null, "GASODUCTO": "(CUSIANA - APIAY - USME)", "TRAMO": "Cusiana - Pk65", "PK_INICIO": "38092", "TP_DUCTO": "Troncal", "DISTRITO": "4", "DIAMETRO": "22\"", "TRM_REG": null, "TP_EVENTO": "SOCAVACIÓN DE FONDO", "LONGITUD": 6.0, "PRIORIDAD": "Alta", "AMENAZA": "Alto", "FX2": "20230111_FX2_C06_CAU_CUS-PK65_PK038+092_VA", "OBSERVACION_GEOTECNISTA": null }, "geometry": { "type": "Point", "coordinates": [ -72.950719, 4.82186, 0.0 ] } },
{ "type": "Feature", "properties": { "FECHA": "2/06/2020 00:00:00 (UTC)", "DEPTO": null, "MUNICIPIO": "SABANALARGA", "VEREDA": null, "GASODUCTO": "(CUSIANA - APIAY - USME)", "TRAMO": "Cusiana - Pk65", "PK_INICIO": "44360", "TP_DUCTO": "Troncal", "DISTRITO": "4", "DIAMETRO": "22\"", "TRM_REG": null, "TP_EVENTO": "SOCAVACIÓN DE FONDO", "LONGITUD": 4.0, "PRIORIDAD": "Alta", "AMENAZA": "Extremo", "FX2": "20230131_FX2_C04_CAU_CUS-PK65_PK044+360_VA", "OBSERVACION_GEOTECNISTA": null }, "geometry": { "type": "Point", "coordinates": [ -72.992807, 4.785017, 0.0 ] } },
{ "type": "Feature", "properties": { "FECHA": "2/06/2020 00:00:00 (UTC)", "DEPTO": null, "MUNICIPIO": "SABANALARGA", "VEREDA": null, "GASODUCTO": "(CUSIANA - APIAY - USME)", "TRAMO": "Cusiana - Pk65", "PK_INICIO": "44944", "TP_DUCTO": "Troncal", "DISTRITO": "4", "DIAMETRO": "22\"", "TRM_REG": null, "TP_EVENTO": "OTRO", "LONGITUD": 123.0, "PRIORIDAD": "Alta", "AMENAZA": "Extremo", "FX2": " ", "OBSERVACION_GEOTECNISTA": null }, "geometry": { "type": "Point", "coordinates": [ -72.994694, 4.780876, 0.0 ] } },
{ "type": "Feature", "properties": { "FECHA": "2/06/2020 00:00:00 (UTC)", "DEPTO": null, "MUNICIPIO": "SABANALARGA", "VEREDA": null, "GASODUCTO": "(CUSIANA - APIAY - USME)", "TRAMO": "Cusiana - Pk65", "PK_INICIO": "46194", "TP_DUCTO": "Troncal", "DISTRITO": "4", "DIAMETRO": "22\"", "TRM_REG": null, "TP_EVENTO": "SOCAVACIÓN DE FONDO", "LONGITUD": 2.0, "PRIORIDAD": "Alta", "AMENAZA": "Extremo", "FX2": "20230111_FX2_C06_CAU_CUS-PK65_PK046+194_VB", "OBSERVACION_GEOTECNISTA": null }, "geometry": { "type": "Point", "coordinates": [ -73.001617, 4.770829, 0.0 ] } },
{ "type": "Feature", "properties": { "FECHA": "2/06/2020 00:00:00 (UTC)", "DEPTO": null, "MUNICIPIO": "SABANALARGA", "VEREDA": null, "GASODUCTO": "(CUSIANA - APIAY - USME)", "TRAMO": "Cusiana - Pk65", "PK_INICIO": "47200", "TP_DUCTO": "Troncal", "DISTRITO": "4", "DIAMETRO": "22\"", "TRM_REG": null, "TP_EVENTO": "SOCAVACIÓN DE FONDO", "LONGITUD": 5.0, "PRIORIDAD": "Alta", "AMENAZA": "Extremo", "FX2": "20230111_FX2_C06_CAU_CUS-PK65_PK047+200_VA", "OBSERVACION_GEOTECNISTA": null }, "geometry": { "type": "Point", "coordinates": [ -73.002981, 4.763049, 0.0 ] } },
{ "type": "Feature", "properties": { "FECHA": "3/06/2020 00:00:00 (UTC)", "DEPTO": null, "MUNICIPIO": "SABANALARGA", "VEREDA": null, "GASODUCTO": "(CUSIANA - APIAY - USME)", "TRAMO": "Cusiana - Pk65", "PK_INICIO": "50746", "TP_DUCTO": "Troncal", "DISTRITO": "4", "DIAMETRO": "22\"", "TRM_REG": null, "TP_EVENTO": "SOCAVACIÓN DE FONDO", "LONGITUD": 2.0, "PRIORIDAD": "Baja", "AMENAZA": "Bajo", "FX2": "20230201_FX2_C04_CAU_CUS-PK65_PK50+746_VA", "OBSERVACION_GEOTECNISTA": null }, "geometry": { "type": "Point", "coordinates": [ -73.008762, 4.732422, 0.0 ] } },
{ "type": "Feature", "properties": { "FECHA": "3/06/2020 00:00:00 (UTC)", "DEPTO": null, "MUNICIPIO": "SABANALARGA", "VEREDA": null, "GASODUCTO": "(CUSIANA - APIAY - USME)", "TRAMO": "Cusiana - Pk65", "PK_INICIO": "51857", "TP_DUCTO": "Troncal", "DISTRITO": "4", "DIAMETRO": "22\"", "TRM_REG": null, "TP_EVENTO": "SOCAVACIÓN DE FONDO", "LONGITUD": 7.0, "PRIORIDAD": "Alta", "AMENAZA": "Extremo", "FX2": "20230201_FX2_C04_CAU_CUS-PK65_PK51+857_VB", "OBSERVACION_GEOTECNISTA": null }, "geometry": { "type": "Point", "coordinates": [ -73.012641, 4.733292, 0.0 ] } },
{ "type": "Feature", "properties": { "FECHA": "4/06/2020 00:00:00 (UTC)", "DEPTO": null, "MUNICIPIO": "SABANALARGA", "VEREDA": null, "GASODUCTO": "(CUSIANA - APIAY - USME)", "TRAMO": "Cusiana - Pk65", "PK_INICIO": "54420", "TP_DUCTO": "Troncal", "DISTRITO": "4", "DIAMETRO": "22\"", "TRM_REG": null, "TP_EVENTO": "SOCAVACIÓN DE FONDO", "LONGITUD": 7.0, "PRIORIDAD": "Media", "AMENAZA": "Medio", "FX2": "20230201_FX2_C04_CAU_CUS-PK65_PK54+420_VA", "OBSERVACION_GEOTECNISTA": null }, "geometry": { "type": "Point", "coordinates": [ -73.024083, 4.702471, 0.0 ] } },
{ "type": "Feature", "properties": { "FECHA": "31/03/2019 00:00:00 (UTC)", "DEPTO": null, "MUNICIPIO": "TAURAMENA", "VEREDA": null, "GASODUCTO": "(CUSIANA - APIAY - USME)", "TRAMO": "Tauramena", "PK_INICIO": "3734", "TP_DUCTO": "Ramal", "DISTRITO": "4", "DIAMETRO": "3\"", "TRM_REG": null, "TP_EVENTO": "SOCAVACIÓN LATERAL", "LONGITUD": 4.0, "PRIORIDAD": "Baja", "AMENAZA": "Bajo", "FX2": "20240308_FX2_C04_CAU_R-TAURAM_PK003+734_VA", "OBSERVACION_GEOTECNISTA": null }, "geometry": { "type": "Point", "coordinates": [ -72.73784, 5.0028, 0.0 ] } },
{ "type": "Feature", "properties": { "FECHA": "28/11/2020 00:00:00 (UTC)", "DEPTO": null, "MUNICIPIO": "TAURAMENA", "VEREDA": null, "GASODUCTO": "(CUSIANA - APIAY - USME)", "TRAMO": "Tauramena", "PK_INICIO": "3877", "TP_DUCTO": "Ramal", "DISTRITO": "4", "DIAMETRO": "3\"", "TRM_REG": null, "TP_EVENTO": "SOCAVACIÓN DE FONDO", "LONGITUD": 6.0, "PRIORIDAD": "Alta", "AMENAZA": "Extremo", "FX2": "20220203_FX2_C04_CAU_R-TAURAM_PK003+877_VA", "OBSERVACION_GEOTECNISTA": null }, "geometry": { "type": "Point", "coordinates": [ -72.739173, 5.00259, 0.0 ] } },
{ "type": "Feature", "properties": { "FECHA": "27/11/2020 00:00:00 (UTC)", "DEPTO": null, "MUNICIPIO": "SABANALARGA", "VEREDA": null, "GASODUCTO": "(CUSIANA - APIAY - USME)", "TRAMO": "Villanueva", "PK_INICIO": "3677", "TP_DUCTO": "Ramal", "DISTRITO": "4", "DIAMETRO": "3\"", "TRM_REG": null, "TP_EVENTO": "SOCAVACIÓN DE FONDO", "LONGITUD": 2.0, "PRIORIDAD": "Alta", "AMENAZA": "Extremo", "FX2": "20210827_FX2_C06_CAU_R-VILLANUEVA_PK003+677_VA", "OBSERVACION_GEOTECNISTA": null }, "geometry": { "type": "Point", "coordinates": [ -73.001553789999946, 4.68031620000005, 0.0 ] } },
{ "type": "Feature", "properties": { "FECHA": "15/04/2019 00:00:00 (UTC)", "DEPTO": null, "MUNICIPIO": "ZETAQUIRA", "VEREDA": null, "GASODUCTO": "(PORVENIR - LA BELLEZA)", "TRAMO": "Miraflores - Sutamarchan", "PK_INICIO": "62221", "TP_DUCTO": "Troncal", "DISTRITO": "5", "DIAMETRO": "(20)", "TRM_REG": null, "TP_EVENTO": "SOCAVACIÓN DE FONDO", "LONGITUD": 10.0, "PRIORIDAD": "Baja", "AMENAZA": "Bajo", "FX2": "20240320_FX2_C04_PB_MIRAF-SUT_PK062+221_VA", "OBSERVACION_GEOTECNISTA": null }, "geometry": { "type": "Point", "coordinates": [ -73.218892, 5.224174, 0.0 ] } },
{ "type": "Feature", "properties": { "FECHA": "16/04/2019 00:00:00 (UTC)", "DEPTO": null, "MUNICIPIO": "ZETAQUIRA", "VEREDA": null, "GASODUCTO": "(PORVENIR - LA BELLEZA)", "TRAMO": "Miraflores - Sutamarchan", "PK_INICIO": "62528", "TP_DUCTO": "Troncal", "DISTRITO": "5", "DIAMETRO": "(20)", "TRM_REG": null, "TP_EVENTO": "REPTACION", "LONGITUD": 100.0, "PRIORIDAD": "Alta", "AMENAZA": "Alto", "FX2": "20240320_FX2_C04_PB_MIRAF-SUT_PK062+594_VC", "OBSERVACION_GEOTECNISTA": null }, "geometry": { "type": "Point", "coordinates": [ -73.219846, 5.226337, 0.0 ] } },
{ "type": "Feature", "properties": { "FECHA": "16/04/2019 00:00:00 (UTC)", "DEPTO": null, "MUNICIPIO": "ZETAQUIRA", "VEREDA": null, "GASODUCTO": "(PORVENIR - LA BELLEZA)", "TRAMO": "Miraflores - Sutamarchan", "PK_INICIO": "96021", "TP_DUCTO": "Troncal", "DISTRITO": "5", "DIAMETRO": "(20)", "TRM_REG": null, "TP_EVENTO": "SOCAVACIÓN DE FONDO", "LONGITUD": 24.0, "PRIORIDAD": "Baja", "AMENAZA": "Bajo", "FX2": "20231219_FX2_C04_PB_MIRAF-SUT_PK096+021_(PK062+855)_VB", "OBSERVACION_GEOTECNISTA": null }, "geometry": { "type": "Point", "coordinates": [ -73.221571, 5.22852, 0.0 ] } },
{ "type": "Feature", "properties": { "FECHA": "18/03/2019 00:00:00 (UTC)", "DEPTO": null, "MUNICIPIO": "JENESANO", "VEREDA": null, "GASODUCTO": "(PORVENIR - LA BELLEZA)", "TRAMO": "Miraflores - Sutamarchan", "PK_INICIO": "114813", "TP_DUCTO": "Troncal", "DISTRITO": "5", "DIAMETRO": "(20)", "TRM_REG": null, "TP_EVENTO": "DESLIZAMIENTO ROTACIONAL", "LONGITUD": 280.0, "PRIORIDAD": "Baja", "AMENAZA": "Bajo", "FX2": "20220831_FX2_C04_PB_MIRAF-SUT_PK114+813_(PK081+633)_VA.xlsx", "OBSERVACION_GEOTECNISTA": null }, "geometry": { "type": "Point", "coordinates": [ -73.335262, 5.330085, 0.0 ] } },
{ "type": "Feature", "properties": { "FECHA": "25/04/2019 00:00:00 (UTC)", "DEPTO": null, "MUNICIPIO": "RAMIRIQUÍ", "VEREDA": null, "GASODUCTO": "(PORVENIR - LA BELLEZA)", "TRAMO": "Miraflores - Sutamarchan", "PK_INICIO": "87085", "TP_DUCTO": "Troncal", "DISTRITO": "5", "DIAMETRO": "(20)", "TRM_REG": null, "TP_EVENTO": "SOCAVACIÓN DE FONDO", "LONGITUD": 30.0, "PRIORIDAD": "Media", "AMENAZA": "Medio", "FX2": "20210814_FX2_C04_PB_MIRAF-PTEG_PK087+086_VB", "OBSERVACION_GEOTECNISTA": null }, "geometry": { "type": "Point", "coordinates": [ -73.363665, 5.36731, 0.0 ] } },
{ "type": "Feature", "properties": { "FECHA": "17/05/2019 00:00:00 (UTC)", "DEPTO": null, "MUNICIPIO": "VENTAQUEMADA", "VEREDA": null, "GASODUCTO": "(PORVENIR - LA BELLEZA)", "TRAMO": "Miraflores - Sutamarchan", "PK_INICIO": "134866", "TP_DUCTO": "Troncal", "DISTRITO": "5", "DIAMETRO": "(20)", "TRM_REG": null, "TP_EVENTO": "REPTACION", "LONGITUD": 35.0, "PRIORIDAD": "Media", "AMENAZA": "Medio", "FX2": "20240105_FX2_C04_PB_MIRAF-SUT_PK134+866_(PK101+855)_VA", "OBSERVACION_GEOTECNISTA": null }, "geometry": { "type": "Point", "coordinates": [ -73.445494, 5.460058, 0.0 ] } },
{ "type": "Feature", "properties": { "FECHA": "1/05/2019 00:00:00 (UTC)", "DEPTO": null, "MUNICIPIO": "SAMACÁ", "VEREDA": null, "GASODUCTO": "(PORVENIR - LA BELLEZA)", "TRAMO": "Miraflores - Sutamarchan", "PK_INICIO": "136516", "TP_DUCTO": "Troncal", "DISTRITO": "5", "DIAMETRO": "(20)", "TRM_REG": null, "TP_EVENTO": "OTRO", "LONGITUD": 12.0, "PRIORIDAD": "Media", "AMENAZA": "Medio", "FX2": "20240113_FX2_C04_PB_MIRAF-SUT_PK136+516_(PK103+493)_VA", "OBSERVACION_GEOTECNISTA": null }, "geometry": { "type": "Point", "coordinates": [ -73.454385, 5.470645, 0.0 ] } },
{ "type": "Feature", "properties": { "FECHA": "16/04/2019 00:00:00 (UTC)", "DEPTO": null, "MUNICIPIO": "MIRAFLORES", "VEREDA": null, "GASODUCTO": "(PORVENIR - LA BELLEZA)", "TRAMO": "Miraflores - Puente Guillermo", "PK_INICIO": "93284", "TP_DUCTO": "Loop", "DISTRITO": "5", "DIAMETRO": "(20)", "TRM_REG": null, "TP_EVENTO": "OTRO", "LONGITUD": 76.0, "PRIORIDAD": "Baja", "AMENAZA": "Bajo", "FX2": "20231219_FX2_C04_PB_PTEG-BELL_PK093+360_(PK091+295)_VA", "OBSERVACION_GEOTECNISTA": null }, "geometry": { "type": "Point", "coordinates": [ -73.206909, 5.204066, 0.0 ] } },
{ "type": "Feature", "properties": { "FECHA": "20/04/2019 00:00:00 (UTC)", "DEPTO": null, "MUNICIPIO": "ZETAQUIRA", "VEREDA": null, "GASODUCTO": "(PORVENIR - LA BELLEZA)", "TRAMO": "Miraflores - Puente Guillermo", "PK_INICIO": "103224", "TP_DUCTO": "Loop", "DISTRITO": "5", "DIAMETRO": "(20)", "TRM_REG": null, "TP_EVENTO": "OTRO", "LONGITUD": 162.0, "PRIORIDAD": "Baja", "AMENAZA": "Bajo", "FX2": "20231214_FX2_C04_PB_ MIRAF-PTEG_PK103+224_(PK101+164)_VA", "OBSERVACION_GEOTECNISTA": null }, "geometry": { "type": "Point", "coordinates": [ -73.252427, 5.269589, 0.0 ] } },
{ "type": "Feature", "properties": { "FECHA": "28/04/2019 00:00:00 (UTC)", "DEPTO": null, "MUNICIPIO": "JENESANO", "VEREDA": null, "GASODUCTO": "(PORVENIR - LA BELLEZA)", "TRAMO": "Miraflores - Puente Guillermo", "PK_INICIO": "123516", "TP_DUCTO": "Loop", "DISTRITO": "5", "DIAMETRO": "(20)", "TRM_REG": null, "TP_EVENTO": "OTRO", "LONGITUD": 197.0, "PRIORIDAD": "Media", "AMENAZA": "Medio", "FX2": "20240110_FX2_C04_PB_MIRAF-PTEG_PK123+516_(PK121+546)_VB", "OBSERVACION_GEOTECNISTA": null }, "geometry": { "type": "Point", "coordinates": [ -73.377586, 5.381231, 0.0 ] } },
{ "type": "Feature", "properties": { "FECHA": "29/08/2020 00:00:00 (UTC)", "DEPTO": null, "MUNICIPIO": "PUERTO PARRA", "VEREDA": null, "GASODUCTO": "(CENTRO - ORIENTE)", "TRAMO": "Barrancabermeja - Sebastopol", "PK_INICIO": "55446", "TP_DUCTO": "Troncal", "DISTRITO": "1", "DIAMETRO": "(20)", "TRM_REG": null, "TP_EVENTO": "SOCAVACIÓN DE FONDO", "LONGITUD": 50.0, "PRIORIDAD": "Alta", "AMENAZA": "Extremo", "FX2": "20210317_FX2_C01_COR_BARRANC-SEB_PK055+446_V1", "OBSERVACION_GEOTECNISTA": null }, "geometry": { "type": "Point", "coordinates": [ -73.97955, 6.70934, 0.0 ] } },
{ "type": "Feature", "properties": { "FECHA": "29/08/2020 00:00:00 (UTC)", "DEPTO": null, "MUNICIPIO": "PUERTO PARRA", "VEREDA": null, "GASODUCTO": "(CENTRO - ORIENTE)", "TRAMO": "Barrancabermeja - Sebastopol", "PK_INICIO": "61679", "TP_DUCTO": "Troncal", "DISTRITO": "1", "DIAMETRO": "(20)", "TRM_REG": null, "TP_EVENTO": "REPTACION", "LONGITUD": 10.0, "PRIORIDAD": "Baja", "AMENAZA": "Bajo", "FX2": "20220812_FX2_C01_C0R_BARRANC-SEB_PK061+679_VA", "OBSERVACION_GEOTECNISTA": null }, "geometry": { "type": "Point", "coordinates": [ -74.024177, 6.676039, 0.0 ] } },
{ "type": "Feature", "properties": { "FECHA": "1/09/2020 00:00:00 (UTC)", "DEPTO": null, "MUNICIPIO": "CIMITARRA", "VEREDA": null, "GASODUCTO": "(CENTRO - ORIENTE)", "TRAMO": "Barrancabermeja - Sebastopol", "PK_INICIO": "77848", "TP_DUCTO": "Troncal", "DISTRITO": "1", "DIAMETRO": "(20)", "TRM_REG": null, "TP_EVENTO": "CARCAVAS", "LONGITUD": 30.0, "PRIORIDAD": "Baja", "AMENAZA": "Bajo", "FX2": "20230809_FX2_C01_C0R_BARRANC-SEB_PK077+848_VA", "OBSERVACION_GEOTECNISTA": null }, "geometry": { "type": "Point", "coordinates": [ -74.134052, 6.59351, 0.0 ] } },
{ "type": "Feature", "properties": { "FECHA": "2/09/2020 00:00:00 (UTC)", "DEPTO": null, "MUNICIPIO": "CIMITARRA", "VEREDA": null, "GASODUCTO": "(CENTRO - ORIENTE)", "TRAMO": "Barrancabermeja - Sebastopol", "PK_INICIO": "80233", "TP_DUCTO": "Troncal", "DISTRITO": "1", "DIAMETRO": "(20)", "TRM_REG": null, "TP_EVENTO": "CARCAVAS", "LONGITUD": 40.0, "PRIORIDAD": "Media", "AMENAZA": "Medio", "FX2": "20230704_FX2_C01_C0R_BARRANC-SEB_PK080+233_VB", "OBSERVACION_GEOTECNISTA": null }, "geometry": { "type": "Point", "coordinates": [ -74.150222, 6.57979, 0.0 ] } },
{ "type": "Feature", "properties": { "FECHA": "7/09/2020 00:00:00 (UTC)", "DEPTO": null, "MUNICIPIO": "CIMITARRA", "VEREDA": null, "GASODUCTO": "(CENTRO - ORIENTE)", "TRAMO": "Barrancabermeja - Sebastopol", "PK_INICIO": "99154", "TP_DUCTO": "Troncal", "DISTRITO": "1", "DIAMETRO": "(20)", "TRM_REG": null, "TP_EVENTO": "SOCAVACIÓN DE FONDO", "LONGITUD": 20.0, "PRIORIDAD": "Alta", "AMENAZA": "Alto", "FX2": "20220615_FX2_C01_COR_BARRANC-SEB_PK 099+154_VA", "OBSERVACION_GEOTECNISTA": null }, "geometry": { "type": "Point", "coordinates": [ -74.302372, 6.518445, 0.0 ] } },
{ "type": "Feature", "properties": { "FECHA": "7/09/2020 00:00:00 (UTC)", "DEPTO": null, "MUNICIPIO": "CIMITARRA", "VEREDA": null, "GASODUCTO": "(CENTRO - ORIENTE)", "TRAMO": "Barrancabermeja - Sebastopol", "PK_INICIO": "100478", "TP_DUCTO": "Troncal", "DISTRITO": "1", "DIAMETRO": "(20)", "TRM_REG": null, "TP_EVENTO": "CARCAVAS", "LONGITUD": 37.0, "PRIORIDAD": "Media", "AMENAZA": "Medio", "FX2": "20230810_FX2_C01_C0R_BARRANC-SEB_PK100+478_VB", "OBSERVACION_GEOTECNISTA": null }, "geometry": { "type": "Point", "coordinates": [ -74.313843, 6.516485, 0.0 ] } },
{ "type": "Feature", "properties": { "FECHA": "24/06/2019 00:00:00 (UTC)", "DEPTO": null, "MUNICIPIO": "AGUSTIN CODAZZI", "VEREDA": null, "GASODUCTO": "(BALLENAS-BARRANCA)", "TRAMO": "Agustín Codazzi", "PK_INICIO": "4210", "TP_DUCTO": "Ramal", "DISTRITO": "6", "DIAMETRO": "3\"", "TRM_REG": null, "TP_EVENTO": "SOCAVACIÓN LATERAL", "LONGITUD": 16.0, "PRIORIDAD": "Baja", "AMENAZA": "Bajo", "FX2": "20240130_FX2_C01_BB_R-AGUSTIN COD_PK004+215_VA.xlsx", "OBSERVACION_GEOTECNISTA": null }, "geometry": { "type": "Point", "coordinates": [ -73.25165, 10.03743, 0.0 ] } },
{ "type": "Feature", "properties": { "FECHA": "27/04/2019 00:00:00 (UTC)", "DEPTO": null, "MUNICIPIO": "AGUSTÍN CODAZZI", "VEREDA": null, "GASODUCTO": "(BALLENAS-BARRANCA)", "TRAMO": "Casacará", "PK_INICIO": "3513", "TP_DUCTO": "Ramal", "DISTRITO": "6", "DIAMETRO": "3\"", "TRM_REG": null, "TP_EVENTO": "SOCAVACIÓN DE FONDO", "LONGITUD": 6.0, "PRIORIDAD": "Alta", "AMENAZA": "Extremo", "FX2": "20220913_FX2_PM1_BB_R-CASACARA_PK003+513_VA", "OBSERVACION_GEOTECNISTA": null }, "geometry": { "type": "Point", "coordinates": [ -73.307308, 9.833936, 0.0 ] } },
{ "type": "Feature", "properties": { "FECHA": "27/04/2019 00:00:00 (UTC)", "DEPTO": null, "MUNICIPIO": "AGUSTIN CODAZZI", "VEREDA": null, "GASODUCTO": "(BALLENAS-BARRANCA)", "TRAMO": "Casacará", "PK_INICIO": "6074", "TP_DUCTO": "Ramal", "DISTRITO": "6", "DIAMETRO": "3\"", "TRM_REG": null, "TP_EVENTO": "CARCAVAS", "LONGITUD": 1.0, "PRIORIDAD": "Media", "AMENAZA": "Medio", "FX2": "20240110_FX2_PM01_BB_R-CASACARA_PK006+074_VB.xlsx", "OBSERVACION_GEOTECNISTA": null }, "geometry": { "type": "Point", "coordinates": [ -73.284674, 9.829692, 0.0 ] } },
{ "type": "Feature", "properties": { "FECHA": "18/04/2019 00:00:00 (UTC)", "DEPTO": null, "MUNICIPIO": "TAMALAMEQUE", "VEREDA": null, "GASODUCTO": "(BALLENAS-BARRANCA)", "TRAMO": "El Banco", "PK_INICIO": "12459", "TP_DUCTO": "Ramal", "DISTRITO": "6", "DIAMETRO": "4\"", "TRM_REG": null, "TP_EVENTO": "OTRO", "LONGITUD": 16.1, "PRIORIDAD": "Media", "AMENAZA": "Medio", "FX2": "20240201_FX2_PM1_BB_R-EL BANCO_PK012+459_VA", "OBSERVACION_GEOTECNISTA": null }, "geometry": { "type": "Point", "coordinates": [ -73.848929, 8.965333, 0.0 ] } },
{ "type": "Feature", "properties": { "FECHA": "18/04/2019 00:00:00 (UTC)", "DEPTO": null, "MUNICIPIO": "EL BANCO", "VEREDA": null, "GASODUCTO": "(BALLENAS-BARRANCA)", "TRAMO": "El Banco", "PK_INICIO": "16542", "TP_DUCTO": "Ramal", "DISTRITO": "6", "DIAMETRO": "4\"", "TRM_REG": null, "TP_EVENTO": "OTRO", "LONGITUD": 7.0, "PRIORIDAD": "Alta", "AMENAZA": "Alto", "FX2": "20220118_FX2_PM1_BB_R-EL BANCO_PK016+542_VA", "OBSERVACION_GEOTECNISTA": null }, "geometry": { "type": "Point", "coordinates": [ -73.87903, 8.98121, 0.0 ] } },
{ "type": "Feature", "properties": { "FECHA": "22/04/2019 00:00:00 (UTC)", "DEPTO": null, "MUNICIPIO": "LA GLORIA", "VEREDA": null, "GASODUCTO": "(BALLENAS-BARRANCA)", "TRAMO": "La Gloria", "PK_INICIO": "3779", "TP_DUCTO": "Ramal", "DISTRITO": "6", "DIAMETRO": "3\"", "TRM_REG": null, "TP_EVENTO": "SOCAVACIÓN LATERAL", "LONGITUD": 4.0, "PRIORIDAD": "Baja", "AMENAZA": "Bajo", "FX2": "20240202_FX2_PM1_BB_R-LA GLORIA_PK003+809_VA", "OBSERVACION_GEOTECNISTA": null }, "geometry": { "type": "Point", "coordinates": [ -73.709736, 8.624233, 0.0 ] } },
{ "type": "Feature", "properties": { "FECHA": "29/04/2019 00:00:00 (UTC)", "DEPTO": null, "MUNICIPIO": "SANTA ROSA DE CABAL", "VEREDA": null, "GASODUCTO": "(MARIQUITA - CALI)", "TRAMO": "Dos Quebradas", "PK_INICIO": "3180", "TP_DUCTO": "Ramal", "DISTRITO": "7", "DIAMETRO": "4\"", "TRM_REG": null, "TP_EVENTO": "SOCAVACIÓN LATERAL", "LONGITUD": 2.0, "PRIORIDAD": "Alta", "AMENAZA": "Alto", "FX2": "20220407_FX2_C07_MC_R-DOS QUEB_PK003+180_VA", "OBSERVACION_GEOTECNISTA": null }, "geometry": { "type": "Point", "coordinates": [ -75.637696, 4.878836, 0.0 ] } },
{ "type": "Feature", "properties": { "FECHA": "3/05/2019 00:00:00 (UTC)", "DEPTO": null, "MUNICIPIO": "CHINCHINÁ", "VEREDA": null, "GASODUCTO": "(MARIQUITA - CALI)", "TRAMO": "Letras - Marsella", "PK_INICIO": "125793", "TP_DUCTO": "Troncal", "DISTRITO": "7", "DIAMETRO": "(20)", "TRM_REG": null, "TP_EVENTO": "SOCAVACIÓN LATERAL", "LONGITUD": 6.0, "PRIORIDAD": "Alta", "AMENAZA": "Extremo", "FX2": "20231005_FX2_C07_MC_LET-MARS_PK125+793_VB", "OBSERVACION_GEOTECNISTA": null }, "geometry": { "type": "Point", "coordinates": [ -75.745847, 5.046535, 0.0 ] } },
{ "type": "Feature", "properties": { "FECHA": "6/05/2019 00:00:00 (UTC)", "DEPTO": null, "MUNICIPIO": "MARSELLA", "VEREDA": null, "GASODUCTO": "(MARIQUITA - CALI)", "TRAMO": "Marsella - Obando", "PK_INICIO": "138200", "TP_DUCTO": "Troncal", "DISTRITO": "7", "DIAMETRO": "(20)", "TRM_REG": null, "TP_EVENTO": "SOCAVACIÓN DE FONDO", "LONGITUD": 20.0, "PRIORIDAD": "Alta", "AMENAZA": "Extremo", "FX2": "20211203_FX2_C07_MC_MARS-OBAND_PK138+200_VB", "OBSERVACION_GEOTECNISTA": null }, "geometry": { "type": "Point", "coordinates": [ -75.781388, 4.959108, 0.0 ] } },
{ "type": "Feature", "properties": { "FECHA": "5/06/2020 00:00:00 (UTC)", "DEPTO": null, "MUNICIPIO": "BARRANCA DE UPÍA", "VEREDA": null, "GASODUCTO": "(CUSIANA - APIAY - USME)", "TRAMO": "Cusiana - Pk65", "PK_INICIO": "59767", "TP_DUCTO": "Troncal", "DISTRITO": "4", "DIAMETRO": "22\"", "TRM_REG": null, "TP_EVENTO": "CARCAVAS", "LONGITUD": 80.0, "PRIORIDAD": "Media", "AMENAZA": "Medio", "FX2": "20230504_FX2_C04_CAU_CUS-PK65_PK59+767_VA", "OBSERVACION_GEOTECNISTA": null }, "geometry": { "type": "Point", "coordinates": [ -73.054161, 4.666178, 0.0 ] } },
{ "type": "Feature", "properties": { "FECHA": "6/06/2020 00:00:00 (UTC)", "DEPTO": null, "MUNICIPIO": "BARRANCA DE UPÍA", "VEREDA": null, "GASODUCTO": "(CUSIANA - APIAY - USME)", "TRAMO": "Cusiana - Pk65", "PK_INICIO": "61481", "TP_DUCTO": "Troncal", "DISTRITO": "4", "DIAMETRO": "22\"", "TRM_REG": null, "TP_EVENTO": "CARCAVAS", "LONGITUD": 100.0, "PRIORIDAD": "Alta", "AMENAZA": "Alto", "FX2": "20210825_FX2_C04_CAU_CUS-PK65_PK61+481_VC", "OBSERVACION_GEOTECNISTA": null }, "geometry": { "type": "Point", "coordinates": [ -73.049162, 4.654672, 0.0 ] } },
{ "type": "Feature", "properties": { "FECHA": "6/06/2020 00:00:00 (UTC)", "DEPTO": null, "MUNICIPIO": "BARRANCA DE UPÍA", "VEREDA": null, "GASODUCTO": "(CUSIANA - APIAY - USME)", "TRAMO": "Cusiana - Pk65", "PK_INICIO": "62903", "TP_DUCTO": "Troncal", "DISTRITO": "4", "DIAMETRO": "22\"", "TRM_REG": null, "TP_EVENTO": "SOCAVACIÓN LATERAL", "LONGITUD": 6.0, "PRIORIDAD": "Baja", "AMENAZA": "Bajo", "FX2": "20230914_FX2_C04_CAU_CUS-PK65_PK062+903_VB", "OBSERVACION_GEOTECNISTA": null }, "geometry": { "type": "Point", "coordinates": [ -73.046035, 4.641643, 0.0 ] } },
{ "type": "Feature", "properties": { "FECHA": "9/06/2020 00:00:00 (UTC)", "DEPTO": null, "MUNICIPIO": "PARATEBUENO", "VEREDA": null, "GASODUCTO": "(CUSIANA - APIAY - USME)", "TRAMO": "PK65 - Apiay", "PK_INICIO": "78877", "TP_DUCTO": "Troncal", "DISTRITO": "4", "DIAMETRO": "18\"", "TRM_REG": null, "TP_EVENTO": "SOCAVACIÓN DE FONDO", "LONGITUD": 2.0, "PRIORIDAD": "Media", "AMENAZA": "Medio", "FX2": "20240419_FX2_C06_CAU_PK65-APIAY_PK078+877_VB", "OBSERVACION_GEOTECNISTA": null }, "geometry": { "type": "Point", "coordinates": [ -73.09679, 4.509646, 0.0 ] } },
{ "type": "Feature", "properties": { "FECHA": "11/06/2020 00:00:00 (UTC)", "DEPTO": null, "MUNICIPIO": "PARATEBUENO", "VEREDA": null, "GASODUCTO": "(CUSIANA - APIAY - USME)", "TRAMO": "PK65 - Apiay", "PK_INICIO": "90891", "TP_DUCTO": "Troncal", "DISTRITO": "4", "DIAMETRO": "18\"", "TRM_REG": null, "TP_EVENTO": "SOCAVACIÓN LATERAL", "LONGITUD": 100.0, "PRIORIDAD": "Alta", "AMENAZA": "Alto", "FX2": "20210526_FX2_C06_CAU_PK65-APIAY_PK090+891_VB", "OBSERVACION_GEOTECNISTA": null }, "geometry": { "type": "Point", "coordinates": [ -73.174584, 4.440694, 0.0 ] } },
{ "type": "Feature", "properties": { "FECHA": "12/06/2020 00:00:00 (UTC)", "DEPTO": null, "MUNICIPIO": "PARATEBUENO", "VEREDA": null, "GASODUCTO": "(CUSIANA - APIAY - USME)", "TRAMO": "PK65 - Apiay", "PK_INICIO": "92033", "TP_DUCTO": "Troncal", "DISTRITO": "4", "DIAMETRO": "18\"", "TRM_REG": null, "TP_EVENTO": "CARCAVAS", "LONGITUD": 4.0, "PRIORIDAD": "Media", "AMENAZA": "Medio", "FX2": "20240425_FX2_C06_CAU_PK65-APIAY_PK092+033_VB", "OBSERVACION_GEOTECNISTA": null }, "geometry": { "type": "Point", "coordinates": [ -73.183556, 4.435694, 0.0 ] } },
{ "type": "Feature", "properties": { "FECHA": "19/06/2020 00:00:00 (UTC)", "DEPTO": null, "MUNICIPIO": "PARATEBUENO", "VEREDA": null, "GASODUCTO": "(CUSIANA - APIAY - USME)", "TRAMO": "PK65 - Apiay", "PK_INICIO": "93200", "TP_DUCTO": "Troncal", "DISTRITO": "4", "DIAMETRO": "18\"", "TRM_REG": null, "TP_EVENTO": "SOCAVACIÓN DE FONDO", "LONGITUD": 5.0, "PRIORIDAD": "Media", "AMENAZA": "Medio", "FX2": "20240425_FX2_C06_CAU_PK65-APIAY_PK093+200_VA", "OBSERVACION_GEOTECNISTA": null }, "geometry": { "type": "Point", "coordinates": [ -73.193647, 4.43098, 0.0 ] } },
{ "type": "Feature", "properties": { "FECHA": "19/06/2020 00:00:00 (UTC)", "DEPTO": null, "MUNICIPIO": "PARATEBUENO", "VEREDA": null, "GASODUCTO": "(CUSIANA - APIAY - USME)", "TRAMO": "PK65 - Apiay", "PK_INICIO": "94583", "TP_DUCTO": "Troncal", "DISTRITO": "4", "DIAMETRO": "18\"", "TRM_REG": null, "TP_EVENTO": "SOCAVACIÓN DE FONDO", "LONGITUD": 20.0, "PRIORIDAD": "Media", "AMENAZA": "Medio", "FX2": "20240425_FX2_C06_CAU_PK65-APIAY_PK094+583_VB", "OBSERVACION_GEOTECNISTA": null }, "geometry": { "type": "Point", "coordinates": [ -73.204282, 4.424355, 0.0 ] } },
{ "type": "Feature", "properties": { "FECHA": "19/06/2020 00:00:00 (UTC)", "DEPTO": null, "MUNICIPIO": "PARATEBUENO", "VEREDA": null, "GASODUCTO": "(CUSIANA - APIAY - USME)", "TRAMO": "PK65 - Apiay", "PK_INICIO": "95573", "TP_DUCTO": "Troncal", "DISTRITO": "4", "DIAMETRO": "18\"", "TRM_REG": null, "TP_EVENTO": "SOCAVACIÓN LATERAL", "LONGITUD": 18.0, "PRIORIDAD": "Media", "AMENAZA": "Medio", "FX2": "20240425_FX2_C06_CAU_PK65-APIAY_PK095+573_VA.xlsx", "OBSERVACION_GEOTECNISTA": null }, "geometry": { "type": "Point", "coordinates": [ -73.211785, 4.42056, 0.0 ] } },
{ "type": "Feature", "properties": { "FECHA": "19/06/2020 00:00:00 (UTC)", "DEPTO": null, "MUNICIPIO": "PARATEBUENO", "VEREDA": null, "GASODUCTO": "(CUSIANA - APIAY - USME)", "TRAMO": "PK65 - Apiay", "PK_INICIO": "96515", "TP_DUCTO": "Troncal", "DISTRITO": "4", "DIAMETRO": "18\"", "TRM_REG": null, "TP_EVENTO": "SOCAVACIÓN DE FONDO", "LONGITUD": 12.0, "PRIORIDAD": "Media", "AMENAZA": "Medio", "FX2": "20240426_FX2_C06_CAU_PK65-APIAY_PK096+515_VA", "OBSERVACION_GEOTECNISTA": null }, "geometry": { "type": "Point", "coordinates": [ -73.21804, 4.41567, 0.0 ] } },
{ "type": "Feature", "properties": { "FECHA": "19/06/2020 00:00:00 (UTC)", "DEPTO": null, "MUNICIPIO": "PARATEBUENO", "VEREDA": null, "GASODUCTO": "(CUSIANA - APIAY - USME)", "TRAMO": "PK65 - Apiay", "PK_INICIO": "96668", "TP_DUCTO": "Troncal", "DISTRITO": "4", "DIAMETRO": "18\"", "TRM_REG": null, "TP_EVENTO": "SOCAVACIÓN LATERAL", "LONGITUD": 12.0, "PRIORIDAD": "Media", "AMENAZA": "Medio", "FX2": "20240426_FX2_C06_CAU_PK65-APIAY_PK096+668_VA", "OBSERVACION_GEOTECNISTA": null }, "geometry": { "type": "Point", "coordinates": [ -73.219038, 4.414819, 0.0 ] } },
{ "type": "Feature", "properties": { "FECHA": "19/06/2020 00:00:00 (UTC)", "DEPTO": null, "MUNICIPIO": "PARATEBUENO", "VEREDA": null, "GASODUCTO": "(CUSIANA - APIAY - USME)", "TRAMO": "PK65 - Apiay", "PK_INICIO": "98438", "TP_DUCTO": "Troncal", "DISTRITO": "4", "DIAMETRO": "18\"", "TRM_REG": null, "TP_EVENTO": "SOCAVACIÓN LATERAL", "LONGITUD": 12.0, "PRIORIDAD": "Media", "AMENAZA": "Medio", "FX2": "20240426_FX2_C06_CAU_PK65-APIAY_PK098+438_VA", "OBSERVACION_GEOTECNISTA": null }, "geometry": { "type": "Point", "coordinates": [ -73.231371, 4.404564, 0.0 ] } },
{ "type": "Feature", "properties": { "FECHA": "25/02/2020 00:00:00 (UTC)", "DEPTO": null, "MUNICIPIO": "PUENTE NACIONAL", "VEREDA": null, "GASODUCTO": "(BOYACA - SANTANDER)", "TRAMO": "Otero - Santana", "PK_INICIO": "7448", "TP_DUCTO": "Troncal", "DISTRITO": "5", "DIAMETRO": "14\"", "TRM_REG": null, "TP_EVENTO": "CARCAVAS", "LONGITUD": 25.0, "PRIORIDAD": "Media", "AMENAZA": "Medio", "FX2": "20230327_FX2_C05_GBS_OTERO-SANT_PK007+448_VA", "OBSERVACION_GEOTECNISTA": null }, "geometry": { "type": "Point", "coordinates": [ -73.672746, 5.863731, 0.0 ] } },
{ "type": "Feature", "properties": { "FECHA": "25/02/2020 00:00:00 (UTC)", "DEPTO": null, "MUNICIPIO": "PUENTE NACIONAL", "VEREDA": null, "GASODUCTO": "(BOYACA - SANTANDER)", "TRAMO": "Otero - Santana", "PK_INICIO": "10010", "TP_DUCTO": "Troncal", "DISTRITO": "5", "DIAMETRO": "14\"", "TRM_REG": null, "TP_EVENTO": "OTRO", "LONGITUD": 6.0, "PRIORIDAD": "Baja", "AMENAZA": "Bajo", "FX2": " ", "OBSERVACION_GEOTECNISTA": null }, "geometry": { "type": "Point", "coordinates": [ -73.662425, 5.880592, 0.0 ] } },
{ "type": "Feature", "properties": { "FECHA": "26/02/2020 00:00:00 (UTC)", "DEPTO": null, "MUNICIPIO": "MONIQUIRA", "VEREDA": null, "GASODUCTO": "(BOYACA - SANTANDER)", "TRAMO": "Otero - Santana", "PK_INICIO": "17842", "TP_DUCTO": "Troncal", "DISTRITO": "5", "DIAMETRO": "14\"", "TRM_REG": null, "TP_EVENTO": "DESLIZAMIENTO ROTACIONAL", "LONGITUD": 22.0, "PRIORIDAD": "Media", "AMENAZA": "Medio", "FX2": "20231128_FX2_C05_GBS_OTERO-SANT_PK017+842_VB.xlsx", "OBSERVACION_GEOTECNISTA": null }, "geometry": { "type": "Point", "coordinates": [ -73.6175, 5.9227, 0.0 ] } },
{ "type": "Feature", "properties": { "FECHA": "28/02/2020 00:00:00 (UTC)", "DEPTO": null, "MUNICIPIO": "BARBOSA", "VEREDA": null, "GASODUCTO": "(BOYACA - SANTANDER)", "TRAMO": "Otero - Santana", "PK_INICIO": "24584", "TP_DUCTO": "Troncal", "DISTRITO": "5", "DIAMETRO": "14\"", "TRM_REG": null, "TP_EVENTO": "SOCAVACIÓN DE FONDO", "LONGITUD": 2.0, "PRIORIDAD": "Alta", "AMENAZA": "Extremo", "FX2": "20210306_FX2_C05_GBS_OTERO-SANT_PK024+584_VB", "OBSERVACION_GEOTECNISTA": null }, "geometry": { "type": "Point", "coordinates": [ -73.600555555999961, 5.967237800000021, 0.0 ] } },
{ "type": "Feature", "properties": { "FECHA": "1/03/2020 00:00:00 (UTC)", "DEPTO": null, "MUNICIPIO": "BARBOSA", "VEREDA": null, "GASODUCTO": "(BOYACA - SANTANDER)", "TRAMO": "Otero - Santana", "PK_INICIO": "27064", "TP_DUCTO": "Troncal", "DISTRITO": "5", "DIAMETRO": "14\"", "TRM_REG": null, "TP_EVENTO": "SOCAVACIÓN DE FONDO", "LONGITUD": 3.0, "PRIORIDAD": "Alta", "AMENAZA": "Extremo", "FX2": "20210308_FX2_C05_GBS_OTERO-SANT_PK027+064_VB", "OBSERVACION_GEOTECNISTA": null }, "geometry": { "type": "Point", "coordinates": [ -73.59471138899994, 5.98619, 0.0 ] } },
{ "type": "Feature", "properties": { "FECHA": "1/03/2020 00:00:00 (UTC)", "DEPTO": null, "MUNICIPIO": "GÜEPSA", "VEREDA": null, "GASODUCTO": "(BOYACA - SANTANDER)", "TRAMO": "Otero - Santana", "PK_INICIO": "29672", "TP_DUCTO": "Troncal", "DISTRITO": "5", "DIAMETRO": "14\"", "TRM_REG": null, "TP_EVENTO": "OTRO", "LONGITUD": 1.0, "PRIORIDAD": "Media", "AMENAZA": "Medio", "FX2": "20231207_FX2_C05_GBS_OTERO-SANT_PK029+672_VA", "OBSERVACION_GEOTECNISTA": null }, "geometry": { "type": "Point", "coordinates": [ -73.5868, 6.0043, 0.0 ] } },
{ "type": "Feature", "properties": { "FECHA": "2/03/2020 00:00:00 (UTC)", "DEPTO": null, "MUNICIPIO": "GÜEPSA", "VEREDA": null, "GASODUCTO": "(BOYACA - SANTANDER)", "TRAMO": "Otero - Santana", "PK_INICIO": "30629", "TP_DUCTO": "Troncal", "DISTRITO": "5", "DIAMETRO": "14\"", "TRM_REG": null, "TP_EVENTO": "SOCAVACIÓN DE FONDO", "LONGITUD": 2.0, "PRIORIDAD": "Alta", "AMENAZA": "Extremo", "FX2": "20220401_FX2_C05_GBS_OTERO-SANT_PK030+629(PK030+800)_VA", "OBSERVACION_GEOTECNISTA": null }, "geometry": { "type": "Point", "coordinates": [ -73.582548, 6.013586, 0.0 ] } },
{ "type": "Feature", "properties": { "FECHA": "29/02/2020 00:00:00 (UTC)", "DEPTO": null, "MUNICIPIO": "GÜEPSA", "VEREDA": null, "GASODUCTO": "(BOYACA - SANTANDER)", "TRAMO": "Otero - Santana", "PK_INICIO": "34596", "TP_DUCTO": "Troncal", "DISTRITO": "5", "DIAMETRO": "14\"", "TRM_REG": null, "TP_EVENTO": "REPTACION", "LONGITUD": 300.0, "PRIORIDAD": "Alta", "AMENAZA": "Alto", "FX2": "20210625_FX2_C05_GBS_OTERO-SANT_PK034+956_VC", "OBSERVACION_GEOTECNISTA": null }, "geometry": { "type": "Point", "coordinates": [ -73.562563, 6.030053, 0.0 ] } },
{ "type": "Feature", "properties": { "FECHA": "2/03/2020 00:00:00 (UTC)", "DEPTO": null, "MUNICIPIO": "SANTANA", "VEREDA": null, "GASODUCTO": "(BOYACA - SANTANDER)", "TRAMO": "Otero - Santana", "PK_INICIO": "41748", "TP_DUCTO": "Troncal", "DISTRITO": "5", "DIAMETRO": "14\"", "TRM_REG": null, "TP_EVENTO": "SOCAVACIÓN DE FONDO", "LONGITUD": 6.0, "PRIORIDAD": "Media", "AMENAZA": "Medio", "FX2": "20240219_FX2_C05_GBS_OTERO-SANT_PK041+748_VA", "OBSERVACION_GEOTECNISTA": null }, "geometry": { "type": "Point", "coordinates": [ -73.515746, 6.036316, 0.0 ] } },
{ "type": "Feature", "properties": { "FECHA": "2/03/2020 00:00:00 (UTC)", "DEPTO": null, "MUNICIPIO": "SANTANA", "VEREDA": null, "GASODUCTO": "(BOYACA - SANTANDER)", "TRAMO": "Otero - Santana", "PK_INICIO": "41864", "TP_DUCTO": "Troncal", "DISTRITO": "5", "DIAMETRO": "14\"", "TRM_REG": null, "TP_EVENTO": "SOCAVACIÓN DE FONDO", "LONGITUD": 6.0, "PRIORIDAD": "Alta", "AMENAZA": "Extremo", "FX2": "20240219_FX2_C05_GBS_OTERO-SANT_PK041+864_VA", "OBSERVACION_GEOTECNISTA": null }, "geometry": { "type": "Point", "coordinates": [ -73.5148, 6.0364, 0.0 ] } },
{ "type": "Feature", "properties": { "FECHA": "9/05/2019 00:00:00 (UTC)", "DEPTO": null, "MUNICIPIO": "EL CERRITO", "VEREDA": null, "GASODUCTO": "(MARIQUITA - CALI)", "TRAMO": "Pradera", "PK_INICIO": "3831", "TP_DUCTO": "Ramal", "DISTRITO": "8", "DIAMETRO": "10\"", "TRM_REG": null, "TP_EVENTO": "SOCAVACIÓN LATERAL", "LONGITUD": 40.0, "PRIORIDAD": "Alta", "AMENAZA": "Alto", "FX2": "20231213_FX2_C08_MC_R-PRADERA_PK003+831_VA", "OBSERVACION_GEOTECNISTA": null }, "geometry": { "type": "Point", "coordinates": [ -76.315792, 3.664337, 0.0 ] } },
{ "type": "Feature", "properties": { "FECHA": "12/05/2019 00:00:00 (UTC)", "DEPTO": null, "MUNICIPIO": "PALMIRA", "VEREDA": null, "GASODUCTO": "(MARIQUITA - CALI)", "TRAMO": "Pradera", "PK_INICIO": "20000", "TP_DUCTO": "Ramal", "DISTRITO": "8", "DIAMETRO": "10\"", "TRM_REG": null, "TP_EVENTO": "CARCAVAS", "LONGITUD": 5.0, "PRIORIDAD": "Media", "AMENAZA": "Medio", "FX2": "20231213_FX2_C08_MC_R-PRADERA_PK020+000_VA", "OBSERVACION_GEOTECNISTA": null }, "geometry": { "type": "Point", "coordinates": [ -76.332975, 3.520203, 0.0 ] } },
{ "type": "Feature", "properties": { "FECHA": "19/05/2019 00:00:00 (UTC)", "DEPTO": null, "MUNICIPIO": "PUERTO BOYACÁ", "VEREDA": null, "GASODUCTO": "(CENTRO - ORIENTE)", "TRAMO": "Sebastopol - Vasconia", "PK_INICIO": "148529", "TP_DUCTO": "Troncal", "DISTRITO": "1", "DIAMETRO": "(20)", "TRM_REG": null, "TP_EVENTO": "CARCAVAS", "LONGITUD": 30.0, "PRIORIDAD": "Alta", "AMENAZA": "Alto", "FX2": "20210510_FX2_C01_COR_SEB-VASC_PK148+529_VB", "OBSERVACION_GEOTECNISTA": null }, "geometry": { "type": "Point", "coordinates": [ -74.53201, 6.24572, 0.0 ] } },
{ "type": "Feature", "properties": { "FECHA": "23/05/2019 00:00:00 (UTC)", "DEPTO": null, "MUNICIPIO": "PUERTO BOYACÁ", "VEREDA": null, "GASODUCTO": "(CENTRO - ORIENTE)", "TRAMO": "Sebastopol - Vasconia", "PK_INICIO": "165208", "TP_DUCTO": "Troncal", "DISTRITO": "1", "DIAMETRO": "(20)", "TRM_REG": null, "TP_EVENTO": "SOCAVACIÓN DE FONDO", "LONGITUD": 5.0, "PRIORIDAD": "Alta", "AMENAZA": "Alto", "FX2": "20210511_FX2_C01_COR_SEB-VASC_PK165+208_VB", "OBSERVACION_GEOTECNISTA": null }, "geometry": { "type": "Point", "coordinates": [ -74.55526, 6.11029, 0.0 ] } },
{ "type": "Feature", "properties": { "FECHA": "1/06/2019 00:00:00 (UTC)", "DEPTO": null, "MUNICIPIO": "PUERTO BOYACÁ", "VEREDA": null, "GASODUCTO": "(CENTRO - ORIENTE)", "TRAMO": "Vasconia - Puerto Salgar", "PK_INICIO": "207686", "TP_DUCTO": "Troncal", "DISTRITO": "1", "DIAMETRO": "(20)", "TRM_REG": null, "TP_EVENTO": "SOCAVACIÓN DE FONDO", "LONGITUD": 2.5, "PRIORIDAD": "Alta", "AMENAZA": "Alto", "FX2": "20210512_FX2_C01_COR_SEB-VASC_PK207+686_VB", "OBSERVACION_GEOTECNISTA": null }, "geometry": { "type": "Point", "coordinates": [ -74.63774, 5.7951, 0.0 ] } },
{ "type": "Feature", "properties": { "FECHA": "18/05/2020 00:00:00 (UTC)", "DEPTO": null, "MUNICIPIO": "SANTA SOFIA", "VEREDA": null, "GASODUCTO": "(PORVENIR - LA BELLEZA)", "TRAMO": "Sutamarchan - La Belleza", "PK_INICIO": "134980", "TP_DUCTO": "Troncal", "DISTRITO": "5", "DIAMETRO": "(20)", "TRM_REG": null, "TP_EVENTO": "REPTACION", "LONGITUD": 20.0, "PRIORIDAD": "Alta", "AMENAZA": "Alto", "FX2": "20240207_FX2_C05_PB_SUT-BELL_PK134+980(PK167+422)_VA.xlsx", "OBSERVACION_GEOTECNISTA": null }, "geometry": { "type": "Point", "coordinates": [ -73.587614, 5.708926, 0.0 ] } },
{ "type": "Feature", "properties": { "FECHA": "22/05/2020 00:00:00 (UTC)", "DEPTO": null, "MUNICIPIO": "SANTA SOFÍA", "VEREDA": null, "GASODUCTO": "(PORVENIR - LA BELLEZA)", "TRAMO": "Sutamarchan - La Belleza", "PK_INICIO": "173548", "TP_DUCTO": "Troncal", "DISTRITO": "5", "DIAMETRO": "(20)", "TRM_REG": null, "TP_EVENTO": "SOCAVACIÓN DE FONDO", "LONGITUD": 5.0, "PRIORIDAD": "Alta", "AMENAZA": "Extremo", "FX2": "20210424_FX2_C05_PB_SUT-BELL_PK173+548_VB", "OBSERVACION_GEOTECNISTA": null }, "geometry": { "type": "Point", "coordinates": [ -73.599783, 5.761944, 0.0 ] } },
{ "type": "Feature", "properties": { "FECHA": "22/05/2020 00:00:00 (UTC)", "DEPTO": null, "MUNICIPIO": "MONIQUIRÁ", "VEREDA": null, "GASODUCTO": "(PORVENIR - LA BELLEZA)", "TRAMO": "Sutamarchan - La Belleza", "PK_INICIO": "177928", "TP_DUCTO": "Troncal", "DISTRITO": "5", "DIAMETRO": "(20)", "TRM_REG": null, "TP_EVENTO": "SOCAVACIÓN DE FONDO", "LONGITUD": 3.0, "PRIORIDAD": "Alta", "AMENAZA": "Alto", "FX2": "20220210_FX2_C05_PB_SUT-BELL_PK145+593(177+928)_VB", "OBSERVACION_GEOTECNISTA": null }, "geometry": { "type": "Point", "coordinates": [ -73.623, 5.7925, 0.0 ] } },
{ "type": "Feature", "properties": { "FECHA": "24/05/2020 00:00:00 (UTC)", "DEPTO": null, "MUNICIPIO": "PUENTE NACIONAL", "VEREDA": null, "GASODUCTO": "(PORVENIR - LA BELLEZA)", "TRAMO": "Sutamarchan - La Belleza", "PK_INICIO": "181900", "TP_DUCTO": "Troncal", "DISTRITO": "5", "DIAMETRO": "(20)", "TRM_REG": null, "TP_EVENTO": "REPTACION", "LONGITUD": 15.0, "PRIORIDAD": "Baja", "AMENAZA": "Bajo", "FX2": "20220331_FX2_C05_PB_SUT-BELL_PK181+925_VB", "OBSERVACION_GEOTECNISTA": null }, "geometry": { "type": "Point", "coordinates": [ -73.653659, 5.803648, 0.0 ] } },
{ "type": "Feature", "properties": { "FECHA": "26/05/2020 00:00:00 (UTC)", "DEPTO": null, "MUNICIPIO": "PUENTE NACIONAL", "VEREDA": null, "GASODUCTO": "(PORVENIR - LA BELLEZA)", "TRAMO": "Sutamarchan - La Belleza", "PK_INICIO": "183128", "TP_DUCTO": "Troncal", "DISTRITO": "5", "DIAMETRO": "(20)", "TRM_REG": null, "TP_EVENTO": "SOCAVACIÓN LATERAL", "LONGITUD": 10.0, "PRIORIDAD": "Media", "AMENAZA": "Medio", "FX2": "20222102_FX2_C05_PB_SUT-BELL_PK183+128_VA", "OBSERVACION_GEOTECNISTA": null }, "geometry": { "type": "Point", "coordinates": [ -73.664057, 5.805868, 0.0 ] } },
{ "type": "Feature", "properties": { "FECHA": "26/05/2020 00:00:00 (UTC)", "DEPTO": null, "MUNICIPIO": "PUENTE NACIONAL", "VEREDA": null, "GASODUCTO": "(PORVENIR - LA BELLEZA)", "TRAMO": "Sutamarchan - La Belleza", "PK_INICIO": "185390", "TP_DUCTO": "Troncal", "DISTRITO": "5", "DIAMETRO": "(20)", "TRM_REG": null, "TP_EVENTO": "SOCAVACIÓN LATERAL", "LONGITUD": 10.0, "PRIORIDAD": "Media", "AMENAZA": "Medio", "FX2": "20221202_FX2_C05_PB_SUT-BELL_PK185+390_VA", "OBSERVACION_GEOTECNISTA": null }, "geometry": { "type": "Point", "coordinates": [ -73.682986, 5.809611, 0.0 ] } },
{ "type": "Feature", "properties": { "FECHA": "19/01/2020 00:00:00 (UTC)", "DEPTO": null, "MUNICIPIO": "PUENTE NACIONAL", "VEREDA": null, "GASODUCTO": "(CENTRO - ORIENTE)", "TRAMO": "Puente Guillermo - Sucre Oriental", "PK_INICIO": "1290", "TP_DUCTO": "Troncal", "DISTRITO": "3", "DIAMETRO": "(20)", "TRM_REG": null, "TP_EVENTO": "DESLIZAMIENTO TRASLACIONAL", "LONGITUD": 330.0, "PRIORIDAD": "Alta", "AMENAZA": "Alto", "FX2": "20210904_FX2_C03_COR_PTE GUI-SUCREO_PK001+620 (PK155+202 SUT-BELL)_VE", "OBSERVACION_GEOTECNISTA": null }, "geometry": { "type": "Point", "coordinates": [ -73.70032, 5.81072, 0.0 ] } },
{ "type": "Feature", "properties": { "FECHA": "18/01/2020 00:00:00 (UTC)", "DEPTO": null, "MUNICIPIO": "PUENTE NACIONAL", "VEREDA": null, "GASODUCTO": "(PORVENIR - LA BELLEZA)", "TRAMO": "Sutamarchan - La Belleza", "PK_INICIO": "190449", "TP_DUCTO": "Troncal", "DISTRITO": "5", "DIAMETRO": "(20)", "TRM_REG": null, "TP_EVENTO": "SOCAVACIÓN LATERAL", "LONGITUD": 10.0, "PRIORIDAD": "Baja", "AMENAZA": "Bajo", "FX2": "20240117_FX2_C05_PB_SUT-BELL_PK190+449_VA", "OBSERVACION_GEOTECNISTA": null }, "geometry": { "type": "Point", "coordinates": [ -73.726981, 5.810681, 0.0 ] } },
{ "type": "Feature", "properties": { "FECHA": "19/01/2020 00:00:00 (UTC)", "DEPTO": null, "MUNICIPIO": "PUENTE NACIONAL", "VEREDA": null, "GASODUCTO": "(PORVENIR - LA BELLEZA)", "TRAMO": "Sutamarchan - La Belleza", "PK_INICIO": "158649", "TP_DUCTO": "Troncal", "DISTRITO": "5", "DIAMETRO": "(20)", "TRM_REG": null, "TP_EVENTO": "SOCAVACIÓN DE FONDO", "LONGITUD": 15.0, "PRIORIDAD": "Alta", "AMENAZA": "Extremo", "FX2": "20210903_FX2_C05_PB_SUT-BELL_PK158+659_VA_(PK190+956)", "OBSERVACION_GEOTECNISTA": null }, "geometry": { "type": "Point", "coordinates": [ -73.731371, 5.810261, 0.0 ] } },
{ "type": "Feature", "properties": { "FECHA": "19/01/2020 00:00:00 (UTC)", "DEPTO": null, "MUNICIPIO": "PUENTE NACIONAL", "VEREDA": null, "GASODUCTO": "(PORVENIR - LA BELLEZA)", "TRAMO": "Sutamarchan - La Belleza", "PK_INICIO": "192844", "TP_DUCTO": "Troncal", "DISTRITO": "5", "DIAMETRO": "(20)", "TRM_REG": null, "TP_EVENTO": "REPTACION", "LONGITUD": 25.0, "PRIORIDAD": "Media", "AMENAZA": "Medio", "FX2": "20210903_FX2_C05_PB_SUT-BELL_PK192+844_VB", "OBSERVACION_GEOTECNISTA": null }, "geometry": { "type": "Point", "coordinates": [ -73.747584, 5.808784, 0.0 ] } },
{ "type": "Feature", "properties": { "FECHA": "20/01/2020 00:00:00 (UTC)", "DEPTO": null, "MUNICIPIO": "ALBANIA", "VEREDA": null, "GASODUCTO": "(PORVENIR - LA BELLEZA)", "TRAMO": "Sutamarchan - La Belleza", "PK_INICIO": "198361", "TP_DUCTO": "Troncal", "DISTRITO": "5", "DIAMETRO": "(20)", "TRM_REG": null, "TP_EVENTO": "FLUJOS", "LONGITUD": 15.0, "PRIORIDAD": "Media", "AMENAZA": "Medio", "FX2": "20240113_FX2_C05_PB_SUT-BELL_PK198+361_VA", "OBSERVACION_GEOTECNISTA": null }, "geometry": { "type": "Point", "coordinates": [ -73.792833, 5.820282, 0.0 ] } },
{ "type": "Feature", "properties": { "FECHA": "17/05/2020 00:00:00 (UTC)", "DEPTO": null, "MUNICIPIO": "SANTA SOFÍA", "VEREDA": null, "GASODUCTO": "(PORVENIR - LA BELLEZA)", "TRAMO": "Miraflores - Puente Guillermo", "PK_INICIO": "166120", "TP_DUCTO": "Loop", "DISTRITO": "5", "DIAMETRO": "(20)", "TRM_REG": null, "TP_EVENTO": "SURCOS", "LONGITUD": 30.0, "PRIORIDAD": "Baja", "AMENAZA": "Bajo", "FX2": "20210721_FX2_C05_PB_MIRAF-PTEG_PK166+120_(166+114)_VA", "OBSERVACION_GEOTECNISTA": null }, "geometry": { "type": "Point", "coordinates": [ -73.583475, 5.682436, 0.0 ] } },
{ "type": "Feature", "properties": { "FECHA": "12/07/2019 00:00:00 (UTC)", "DEPTO": null, "MUNICIPIO": "Barrancabermeja", "VEREDA": null, "GASODUCTO": "(CENTRO - ORIENTE)", "TRAMO": "Gases de Barrancabermeja", "PK_INICIO": "172", "TP_DUCTO": "Ramal", "DISTRITO": "1", "DIAMETRO": "6\"", "TRM_REG": null, "TP_EVENTO": "REPTACION", "LONGITUD": 18.0, "PRIORIDAD": "Alta", "AMENAZA": "Extremo", "FX2": "20220810_FX2_C01_C0R_GAS BARRANC_PK000+172_VB", "OBSERVACION_GEOTECNISTA": null }, "geometry": { "type": "Point", "coordinates": [ -73.862616, 7.084926, 0.0 ] } },
{ "type": "Feature", "properties": { "FECHA": "7/06/2019 00:00:00 (UTC)", "DEPTO": null, "MUNICIPIO": "ANSERMANUEVO", "VEREDA": null, "GASODUCTO": "(MARIQUITA - CALI)", "TRAMO": "Ansermanuevo", "PK_INICIO": "9950", "TP_DUCTO": "Ramal", "DISTRITO": "8", "DIAMETRO": "3\"", "TRM_REG": null, "TP_EVENTO": "SOCAVACIÓN DE FONDO", "LONGITUD": 40.0, "PRIORIDAD": "Alta", "AMENAZA": "Extremo", "FX2": "20210409_FX2_C08_MC_R-ANSERM_PK009+950_VC", "OBSERVACION_GEOTECNISTA": null }, "geometry": { "type": "Point", "coordinates": [ -75.961482, 4.819212, 0.0 ] } },
{ "type": "Feature", "properties": { "FECHA": "9/06/2019 00:00:00 (UTC)", "DEPTO": null, "MUNICIPIO": "PEREIRA", "VEREDA": null, "GASODUCTO": "(MARIQUITA - CALI)", "TRAMO": "Marsella - Obando", "PK_INICIO": "165740", "TP_DUCTO": "Troncal", "DISTRITO": "7", "DIAMETRO": "(20)", "TRM_REG": null, "TP_EVENTO": "DESLIZAMIENTO TRASLACIONAL", "LONGITUD": 5.0, "PRIORIDAD": "Alta", "AMENAZA": "Alto", "FX2": "20231003_FX2_C07_MC_MARS-OBAND_PK165+740_VA", "OBSERVACION_GEOTECNISTA": null }, "geometry": { "type": "Point", "coordinates": [ -75.880632, 4.788072, 0.0 ] } },
{ "type": "Feature", "properties": { "FECHA": "10/06/2019 00:00:00 (UTC)", "DEPTO": null, "MUNICIPIO": "PEREIRA", "VEREDA": null, "GASODUCTO": "(MARIQUITA - CALI)", "TRAMO": "Marsella - Obando", "PK_INICIO": "165907", "TP_DUCTO": "Troncal", "DISTRITO": "7", "DIAMETRO": "(20)", "TRM_REG": null, "TP_EVENTO": "DESLIZAMIENTO TRASLACIONAL", "LONGITUD": 5.0, "PRIORIDAD": "Alta", "AMENAZA": "Extremo", "FX2": "20220512_FX2_C07_MC_MARS-OBAND_PK165+907_VA", "OBSERVACION_GEOTECNISTA": null }, "geometry": { "type": "Point", "coordinates": [ -75.880991, 4.786471, 0.0 ] } },
{ "type": "Feature", "properties": { "FECHA": "12/06/2019 00:00:00 (UTC)", "DEPTO": null, "MUNICIPIO": "EL MOLINO", "VEREDA": null, "GASODUCTO": "(BALLENAS-BARRANCA)", "TRAMO": "Hato Nuevo - Jagua del Pilar", "PK_INICIO": "134751", "TP_DUCTO": "Troncal", "DISTRITO": "6", "DIAMETRO": "(18)", "TRM_REG": null, "TP_EVENTO": "SOCAVACIÓN DE FONDO", "LONGITUD": 20.0, "PRIORIDAD": "Baja", "AMENAZA": "Bajo", "FX2": "20220822_FX2_PM01_BB_HATO-JAGUA_PK134+751_VA.xlsx", "OBSERVACION_GEOTECNISTA": null }, "geometry": { "type": "Point", "coordinates": [ -73.002047, 10.668853, 0.0 ] } },
{ "type": "Feature", "properties": { "FECHA": "12/06/2019 00:00:00 (UTC)", "DEPTO": null, "MUNICIPIO": "VILLANUEVA", "VEREDA": null, "GASODUCTO": "(BALLENAS-BARRANCA)", "TRAMO": "Hato Nuevo - Jagua del Pilar", "PK_INICIO": "134896", "TP_DUCTO": "Troncal", "DISTRITO": "6", "DIAMETRO": "(18)", "TRM_REG": null, "TP_EVENTO": "SOCAVACIÓN DE FONDO", "LONGITUD": 7.0, "PRIORIDAD": "Baja", "AMENAZA": "Bajo", "FX2": "20220822_FX2_PM01_BB_HATO-JAGUA_PK134+896_VA.xlsx", "OBSERVACION_GEOTECNISTA": null }, "geometry": { "type": "Point", "coordinates": [ -73.002645, 10.667693, 0.0 ] } },
{ "type": "Feature", "properties": { "FECHA": "18/06/2019 00:00:00 (UTC)", "DEPTO": null, "MUNICIPIO": "VILLANUEVA", "VEREDA": null, "GASODUCTO": "(BALLENAS-BARRANCA)", "TRAMO": "Hato Nuevo - Jagua del Pilar", "PK_INICIO": "140981", "TP_DUCTO": "Troncal", "DISTRITO": "6", "DIAMETRO": "(18)", "TRM_REG": null, "TP_EVENTO": "SOCAVACIÓN LATERAL", "LONGITUD": 10.0, "PRIORIDAD": "Baja", "AMENAZA": "Bajo", "FX2": "20231123_FX2_PM1_BB_HATO-JAGUA_PK140+981_VB", "OBSERVACION_GEOTECNISTA": null }, "geometry": { "type": "Point", "coordinates": [ -73.028175, 10.619239, 0.0 ] } },
{ "type": "Feature", "properties": { "FECHA": "18/06/2019 00:00:00 (UTC)", "DEPTO": null, "MUNICIPIO": "VILLANUEVA", "VEREDA": null, "GASODUCTO": "(BALLENAS-BARRANCA)", "TRAMO": "Hato Nuevo - Jagua del Pilar", "PK_INICIO": "142173", "TP_DUCTO": "Troncal", "DISTRITO": "6", "DIAMETRO": "(18)", "TRM_REG": null, "TP_EVENTO": "SOCAVACIÓN LATERAL", "LONGITUD": 1.0, "PRIORIDAD": "Media", "AMENAZA": "Medio", "FX2": "20231123_FX2_PM1_BB_HATO-JAGUA_PK142+173_VB", "OBSERVACION_GEOTECNISTA": null }, "geometry": { "type": "Point", "coordinates": [ -73.032267, 10.610977, 0.0 ] } },
{ "type": "Feature", "properties": { "FECHA": "15/06/2019 00:00:00 (UTC)", "DEPTO": null, "MUNICIPIO": "URUMITA", "VEREDA": null, "GASODUCTO": "(BALLENAS-BARRANCA)", "TRAMO": "Hato Nuevo - Jagua del Pilar", "PK_INICIO": "158348", "TP_DUCTO": "Troncal", "DISTRITO": "6", "DIAMETRO": "(18)", "TRM_REG": null, "TP_EVENTO": "SOCAVACIÓN LATERAL", "LONGITUD": 30.0, "PRIORIDAD": "Alta", "AMENAZA": "Alto", "FX2": "20231123_FX2_PM1_BB_HATO-JAGUA_PK158+348_VA.xlsx", "OBSERVACION_GEOTECNISTA": null }, "geometry": { "type": "Point", "coordinates": [ -73.115987, 10.494836, 0.0 ] } },
{ "type": "Feature", "properties": { "FECHA": "16/06/2019 00:00:00 (UTC)", "DEPTO": null, "MUNICIPIO": "LA JAGUA DEL PILAR", "VEREDA": null, "GASODUCTO": "(BALLENAS-BARRANCA)", "TRAMO": "Jagua del Pilar - Casacará", "PK_INICIO": "165048", "TP_DUCTO": "Troncal", "DISTRITO": "6", "DIAMETRO": "(18)", "TRM_REG": null, "TP_EVENTO": "SOCAVACIÓN LATERAL", "LONGITUD": 16.0, "PRIORIDAD": "Baja", "AMENAZA": "Bajo", "FX2": "20231124_FX2_PM1_BB_JAGUA-CASAC_PK165+048_VA.xlsx", "OBSERVACION_GEOTECNISTA": null }, "geometry": { "type": "Point", "coordinates": [ -73.147777, 10.443845, 0.0 ] } },
{ "type": "Feature", "properties": { "FECHA": "23/06/2019 00:00:00 (UTC)", "DEPTO": null, "MUNICIPIO": "SAN DIEGO", "VEREDA": null, "GASODUCTO": "(BALLENAS-BARRANCA)", "TRAMO": "Jagua del Pilar - Casacará", "PK_INICIO": "179780", "TP_DUCTO": "Troncal", "DISTRITO": "6", "DIAMETRO": "(18)", "TRM_REG": null, "TP_EVENTO": "SURCOS", "LONGITUD": 50.0, "PRIORIDAD": "Media", "AMENAZA": "Medio", "FX2": "20210511_FX2_PM1_BB_JAGUA-CASAC_PK179+780_VA", "OBSERVACION_GEOTECNISTA": null }, "geometry": { "type": "Point", "coordinates": [ -73.217877, 10.333833, 0.0 ] } },
{ "type": "Feature", "properties": { "FECHA": "23/06/2019 00:00:00 (UTC)", "DEPTO": null, "MUNICIPIO": "SAN DIEGO", "VEREDA": null, "GASODUCTO": "(BALLENAS-BARRANCA)", "TRAMO": "Jagua del Pilar - Casacará", "PK_INICIO": "182199", "TP_DUCTO": "Troncal", "DISTRITO": "6", "DIAMETRO": "(18)", "TRM_REG": null, "TP_EVENTO": "SOCAVACIÓN DE FONDO", "LONGITUD": 2.0, "PRIORIDAD": "Media", "AMENAZA": "Medio", "FX2": "20220504_FX2_PM1_BB_JAGUA-CASAC_PK182+199_VA", "OBSERVACION_GEOTECNISTA": null }, "geometry": { "type": "Point", "coordinates": [ -73.231036, 10.315164, 0.0 ] } },
{ "type": "Feature", "properties": { "FECHA": "22/06/2019 00:00:00 (UTC)", "DEPTO": null, "MUNICIPIO": "SAN DIEGO", "VEREDA": null, "GASODUCTO": "(BALLENAS-BARRANCA)", "TRAMO": "Jagua del Pilar - Casacará", "PK_INICIO": "203473", "TP_DUCTO": "Troncal", "DISTRITO": "6", "DIAMETRO": "(18)", "TRM_REG": null, "TP_EVENTO": "CARCAVAS", "LONGITUD": 24.0, "PRIORIDAD": "Baja", "AMENAZA": "Bajo", "FX2": "20231124_FX2_PM1_BB_JAGUA-CASAC_PK203+473_VA.xlsx", "OBSERVACION_GEOTECNISTA": null }, "geometry": { "type": "Point", "coordinates": [ -73.29374, 10.139352, 0.0 ] } },
{ "type": "Feature", "properties": { "FECHA": "28/06/2019 00:00:00 (UTC)", "DEPTO": null, "MUNICIPIO": "AGUSTÍN CODAZZI", "VEREDA": null, "GASODUCTO": "(BALLENAS-BARRANCA)", "TRAMO": "Jagua del Pilar - Casacará", "PK_INICIO": "220608", "TP_DUCTO": "Troncal", "DISTRITO": "6", "DIAMETRO": "(18)", "TRM_REG": null, "TP_EVENTO": "SOCAVACIÓN DE FONDO", "LONGITUD": 6.0, "PRIORIDAD": "Alta", "AMENAZA": "Alto", "FX2": "20211021_FX2_PM1_BB_JAGUA-CASAC_PK220+608_VA", "OBSERVACION_GEOTECNISTA": null }, "geometry": { "type": "Point", "coordinates": [ -73.285599, 9.987871, 0.0 ] } },
{ "type": "Feature", "properties": { "FECHA": "29/06/2019 00:00:00 (UTC)", "DEPTO": null, "MUNICIPIO": "AGUSTÍN CODAZZI", "VEREDA": null, "GASODUCTO": "(BALLENAS-BARRANCA)", "TRAMO": "Jagua del Pilar - Casacará", "PK_INICIO": "224114", "TP_DUCTO": "Troncal", "DISTRITO": "6", "DIAMETRO": "(18)", "TRM_REG": null, "TP_EVENTO": "OTRO", "LONGITUD": 20.0, "PRIORIDAD": "Media", "AMENAZA": "Medio", "FX2": "20230512_FX2_PM1_BB_JAGUA-CASAC_PK224+114_VB", "OBSERVACION_GEOTECNISTA": null }, "geometry": { "type": "Point", "coordinates": [ -73.286444, 9.956776, 0.0 ] } },
{ "type": "Feature", "properties": { "FECHA": "29/06/2019 00:00:00 (UTC)", "DEPTO": null, "MUNICIPIO": "AGUSTÍN CODAZZI", "VEREDA": null, "GASODUCTO": "(BALLENAS-BARRANCA)", "TRAMO": "Jagua del Pilar - Casacará", "PK_INICIO": "225134", "TP_DUCTO": "Troncal", "DISTRITO": "6", "DIAMETRO": "(18)", "TRM_REG": null, "TP_EVENTO": "SOCAVACIÓN DE FONDO", "LONGITUD": 3.0, "PRIORIDAD": "Media", "AMENAZA": "Medio", "FX2": "20230512_FX2_PM1_BB_JAGUA-CASAC_PK225+134_VA", "OBSERVACION_GEOTECNISTA": null }, "geometry": { "type": "Point", "coordinates": [ -73.289137, 9.948001, 0.0 ] } },
{ "type": "Feature", "properties": { "FECHA": "29/06/2019 00:00:00 (UTC)", "DEPTO": null, "MUNICIPIO": "AGUSTÍN CODAZZI", "VEREDA": null, "GASODUCTO": "(BALLENAS-BARRANCA)", "TRAMO": "Jagua del Pilar - Casacará", "PK_INICIO": "225271", "TP_DUCTO": "Troncal", "DISTRITO": "6", "DIAMETRO": "(18)", "TRM_REG": null, "TP_EVENTO": "SOCAVACIÓN DE FONDO", "LONGITUD": 6.0, "PRIORIDAD": "Alta", "AMENAZA": "Alto", "FX2": "20211021_FX2_PM1_BB_JAGUA-CASAC_PK225+271_VB", "OBSERVACION_GEOTECNISTA": null }, "geometry": { "type": "Point", "coordinates": [ -73.289389, 9.94682, 0.0 ] } },
{ "type": "Feature", "properties": { "FECHA": "14/06/2019 00:00:00 (UTC)", "DEPTO": null, "MUNICIPIO": "VILLANUEVA", "VEREDA": null, "GASODUCTO": "(BALLENAS-BARRANCA)", "TRAMO": "Urumita", "PK_INICIO": "2374", "TP_DUCTO": "Ramal", "DISTRITO": "6", "DIAMETRO": "4\"", "TRM_REG": null, "TP_EVENTO": "SOCAVACIÓN DE FONDO", "LONGITUD": 60.0, "PRIORIDAD": "Media", "AMENAZA": "Medio", "FX2": "20220505_FX2_PM1_BB_R-URUMITA_PK002+374_VA", "OBSERVACION_GEOTECNISTA": null }, "geometry": { "type": "Point", "coordinates": [ -73.029885, 10.569081, 0.0 ] } },
{ "type": "Feature", "properties": { "FECHA": "19/06/2019 00:00:00 (UTC)", "DEPTO": null, "MUNICIPIO": "VALLEDUPAR", "VEREDA": null, "GASODUCTO": "(BALLENAS-BARRANCA)", "TRAMO": "Valledupar", "PK_INICIO": "3839", "TP_DUCTO": "Ramal", "DISTRITO": "6", "DIAMETRO": "6\"", "TRM_REG": null, "TP_EVENTO": "SOCAVACIÓN LATERAL", "LONGITUD": 12.0, "PRIORIDAD": "Baja", "AMENAZA": "Bajo", "FX2": "20230901_FX2_PM01_BB_R-VALLEDUPAR_PK003+839_VA.xlsx", "OBSERVACION_GEOTECNISTA": null }, "geometry": { "type": "Point", "coordinates": [ -73.207182, 10.409764, 0.0 ] } },
{ "type": "Feature", "properties": { "FECHA": "8/07/2020 00:00:00 (UTC)", "DEPTO": null, "MUNICIPIO": "GUAMAL", "VEREDA": null, "GASODUCTO": "(GASODUCTO DEL ARIARI)", "TRAMO": "Gasoducto del Ariari", "PK_INICIO": "20080", "TP_DUCTO": "Troncal", "DISTRITO": "4", "DIAMETRO": "4\"", "TRM_REG": null, "TP_EVENTO": "SOCAVACIÓN DE FONDO", "LONGITUD": 15.0, "PRIORIDAD": "Alta", "AMENAZA": "Extremo", "FX2": "20210618_FX2_C06_AA_G-ARIARI_PK020+080_VB", "OBSERVACION_GEOTECNISTA": null }, "geometry": { "type": "Point", "coordinates": [ -73.772501, 3.863742, 0.0 ] } },
{ "type": "Feature", "properties": { "FECHA": "10/07/2020 00:00:00 (UTC)", "DEPTO": null, "MUNICIPIO": "GUAMAL", "VEREDA": null, "GASODUCTO": "(GASODUCTO DEL ARIARI)", "TRAMO": "Gasoducto del Ariari", "PK_INICIO": "25602", "TP_DUCTO": "Troncal", "DISTRITO": "4", "DIAMETRO": "4\"", "TRM_REG": null, "TP_EVENTO": "SOCAVACIÓN DE FONDO", "LONGITUD": 50.0, "PRIORIDAD": "Alta", "AMENAZA": "Alto", "FX2": "20210715_FX2_C06_AA_ARIARI_PK025+652_VC", "OBSERVACION_GEOTECNISTA": null }, "geometry": { "type": "Point", "coordinates": [ -73.750091, 3.816962, 0.0 ] } },
{ "type": "Feature", "properties": { "FECHA": "21/06/2019 00:00:00 (UTC)", "DEPTO": null, "MUNICIPIO": "CUMARAL", "VEREDA": null, "GASODUCTO": "(CUSIANA - APIAY - USME)", "TRAMO": "Restrepo", "PK_INICIO": "4982", "TP_DUCTO": "Ramal", "DISTRITO": "4", "DIAMETRO": "3\"", "TRM_REG": null, "TP_EVENTO": "SOCAVACIÓN LATERAL", "LONGITUD": 20.0, "PRIORIDAD": "Baja", "AMENAZA": "Bajo", "FX2": "20230301_FX2_C06_CAU_R-RESTREPO_PK004+982_VA", "OBSERVACION_GEOTECNISTA": null }, "geometry": { "type": "Point", "coordinates": [ -73.44506, 4.260024, 0.0 ] } },
{ "type": "Feature", "properties": { "FECHA": "16/06/2020 00:00:00 (UTC)", "DEPTO": null, "MUNICIPIO": "PARATEBUENO", "VEREDA": null, "GASODUCTO": "(CUSIANA - APIAY - USME)", "TRAMO": "PK65 - Apiay", "PK_INICIO": "105789", "TP_DUCTO": "Troncal", "DISTRITO": "4", "DIAMETRO": "18\"", "TRM_REG": null, "TP_EVENTO": "SOCAVACIÓN LATERAL", "LONGITUD": 200.0, "PRIORIDAD": "Baja", "AMENAZA": "Bajo", "FX2": "20231121_FX2_C06_CAU_PK65-APIAY_PK105+789_VA", "OBSERVACION_GEOTECNISTA": null }, "geometry": { "type": "Point", "coordinates": [ -73.292271, 4.390464, 0.0 ] } },
{ "type": "Feature", "properties": { "FECHA": "17/06/2020 00:00:00 (UTC)", "DEPTO": null, "MUNICIPIO": "PARATEBUENO", "VEREDA": null, "GASODUCTO": "(CUSIANA - APIAY - USME)", "TRAMO": "PK65 - Apiay", "PK_INICIO": "108054", "TP_DUCTO": "Troncal", "DISTRITO": "4", "DIAMETRO": "18\"", "TRM_REG": null, "TP_EVENTO": "SOCAVACIÓN LATERAL", "LONGITUD": 1.0, "PRIORIDAD": "Alta", "AMENAZA": "Alto", "FX2": "20210826_FX2_C06_CAU_PK65-APIAY_PK108+054_VB", "OBSERVACION_GEOTECNISTA": null }, "geometry": { "type": "Point", "coordinates": [ -73.300160299999959, 4.373696460000076, 0.0 ] } },
{ "type": "Feature", "properties": { "FECHA": "18/06/2020 00:00:00 (UTC)", "DEPTO": null, "MUNICIPIO": "PARATEBUENO", "VEREDA": null, "GASODUCTO": "(CUSIANA - APIAY - USME)", "TRAMO": "PK65 - Apiay", "PK_INICIO": "113057", "TP_DUCTO": "Troncal", "DISTRITO": "4", "DIAMETRO": "18\"", "TRM_REG": null, "TP_EVENTO": "SOCAVACIÓN DE FONDO", "LONGITUD": 6.0, "PRIORIDAD": "Alta", "AMENAZA": "Alto", "FX2": "20220112_FX2_C06_CAU_PK65-APIAY_PK113+057_VA", "OBSERVACION_GEOTECNISTA": null }, "geometry": { "type": "Point", "coordinates": [ -73.32605486999995, 4.340376010000057, 0.0 ] } },
{ "type": "Feature", "properties": { "FECHA": "18/06/2020 00:00:00 (UTC)", "DEPTO": null, "MUNICIPIO": "PARATEBUENO", "VEREDA": null, "GASODUCTO": "(CUSIANA - APIAY - USME)", "TRAMO": "PK65 - Apiay", "PK_INICIO": "115237", "TP_DUCTO": "Troncal", "DISTRITO": "4", "DIAMETRO": "18\"", "TRM_REG": null, "TP_EVENTO": "SOCAVACIÓN DE FONDO", "LONGITUD": 30.0, "PRIORIDAD": "Media", "AMENAZA": "Medio", "FX2": "20240510_FX2_C06_CAU_PK65-APIAY_PK115+237_VA.xlsx", "OBSERVACION_GEOTECNISTA": null }, "geometry": { "type": "Point", "coordinates": [ -73.344381, 4.340064, 0.0 ] } },
{ "type": "Feature", "properties": { "FECHA": "20/06/2020 00:00:00 (UTC)", "DEPTO": null, "MUNICIPIO": "PARATEBUENO", "VEREDA": null, "GASODUCTO": "(CUSIANA - APIAY - USME)", "TRAMO": "PK65 - Apiay", "PK_INICIO": "119867", "TP_DUCTO": "Troncal", "DISTRITO": "4", "DIAMETRO": "18\"", "TRM_REG": null, "TP_EVENTO": "SOCAVACIÓN DE FONDO", "LONGITUD": 1.0, "PRIORIDAD": "Media", "AMENAZA": "Medio", "FX2": "20240515_FX2_C06_CAU_PK65-APIAY_PK119+867_VB", "OBSERVACION_GEOTECNISTA": null }, "geometry": { "type": "Point", "coordinates": [ -73.384012, 4.326433, 0.0 ] } },
{ "type": "Feature", "properties": { "FECHA": "21/06/2020 00:00:00 (UTC)", "DEPTO": null, "MUNICIPIO": "PARATEBUENO", "VEREDA": null, "GASODUCTO": "(CUSIANA - APIAY - USME)", "TRAMO": "PK65 - Apiay", "PK_INICIO": "123127", "TP_DUCTO": "Troncal", "DISTRITO": "4", "DIAMETRO": "18\"", "TRM_REG": null, "TP_EVENTO": "SOCAVACIÓN DE FONDO", "LONGITUD": 20.0, "PRIORIDAD": "Baja", "AMENAZA": "Bajo", "FX2": "20240515_FX2_C06_CAU_PK65-APIAY_PK123+127_VB", "OBSERVACION_GEOTECNISTA": null }, "geometry": { "type": "Point", "coordinates": [ -73.409791, 4.314895, 0.0 ] } },
{ "type": "Feature", "properties": { "FECHA": "21/06/2020 00:00:00 (UTC)", "DEPTO": null, "MUNICIPIO": "CUMARAL", "VEREDA": null, "GASODUCTO": "(CUSIANA - APIAY - USME)", "TRAMO": "PK65 - Apiay", "PK_INICIO": "126679", "TP_DUCTO": "Troncal", "DISTRITO": "4", "DIAMETRO": "18\"", "TRM_REG": null, "TP_EVENTO": "SOCAVACIÓN DE FONDO", "LONGITUD": 20.0, "PRIORIDAD": "Media", "AMENAZA": "Medio", "FX2": "20240516_FX2_C06_CAU_PK65-APIAY_PK126+679_VA.xlsx", "OBSERVACION_GEOTECNISTA": null }, "geometry": { "type": "Point", "coordinates": [ -73.4083, 4.2841, 0.0 ] } },
{ "type": "Feature", "properties": { "FECHA": "23/06/2020 00:00:00 (UTC)", "DEPTO": null, "MUNICIPIO": "CUMARAL", "VEREDA": null, "GASODUCTO": "(CUSIANA - APIAY - USME)", "TRAMO": "PK65 - Apiay", "PK_INICIO": "134814", "TP_DUCTO": "Troncal", "DISTRITO": "4", "DIAMETRO": "18\"", "TRM_REG": null, "TP_EVENTO": "SOCAVACIÓN DE FONDO", "LONGITUD": 2.0, "PRIORIDAD": "Alta", "AMENAZA": "Extremo", "FX2": "20220113_FX2_C06_CAU_PK65-APIAY_PK134+814_VA", "OBSERVACION_GEOTECNISTA": null }, "geometry": { "type": "Point", "coordinates": [ -73.394052, 4.212699, 0.0 ] } },
{ "type": "Feature", "properties": { "FECHA": "24/06/2020 00:00:00 (UTC)", "DEPTO": null, "MUNICIPIO": "CUMARAL", "VEREDA": null, "GASODUCTO": "(CUSIANA - APIAY - USME)", "TRAMO": "PK65 - Apiay", "PK_INICIO": "135040", "TP_DUCTO": "Troncal", "DISTRITO": "4", "DIAMETRO": "18\"", "TRM_REG": null, "TP_EVENTO": "SOCAVACIÓN DE FONDO", "LONGITUD": 2.0, "PRIORIDAD": "Alta", "AMENAZA": "Extremo", "FX2": "20220113_FX2_C06_CAU_PK65-APIAY_PK135+040_VB", "OBSERVACION_GEOTECNISTA": null }, "geometry": { "type": "Point", "coordinates": [ -73.39391, 4.210738, 0.0 ] } },
{ "type": "Feature", "properties": { "FECHA": "28/06/2020 00:00:00 (UTC)", "DEPTO": null, "MUNICIPIO": "VILLAVICENCIO", "VEREDA": null, "GASODUCTO": "(CUSIANA - APIAY - USME)", "TRAMO": "PK65 - Apiay", "PK_INICIO": "143999", "TP_DUCTO": "Troncal", "DISTRITO": "4", "DIAMETRO": "18\"", "TRM_REG": null, "TP_EVENTO": "SOCAVACIÓN LATERAL", "LONGITUD": 12.0, "PRIORIDAD": "Alta", "AMENAZA": "Extremo", "FX2": "20221101_FX2_C06_CAU_PK65-APIAY_PK143+999_VB", "OBSERVACION_GEOTECNISTA": null }, "geometry": { "type": "Point", "coordinates": [ -73.382646, 4.128888, 0.0 ] } },
{ "type": "Feature", "properties": { "FECHA": "28/06/2020 00:00:00 (UTC)", "DEPTO": null, "MUNICIPIO": "VILLAVICENCIO", "VEREDA": null, "GASODUCTO": "(CUSIANA - APIAY - USME)", "TRAMO": "PK65 - Apiay", "PK_INICIO": "145792", "TP_DUCTO": "Troncal", "DISTRITO": "4", "DIAMETRO": "18\"", "TRM_REG": null, "TP_EVENTO": "OTRO", "LONGITUD": 0.0, "PRIORIDAD": "Alta", "AMENAZA": "Alto", "FX2": " ", "OBSERVACION_GEOTECNISTA": null }, "geometry": { "type": "Point", "coordinates": [ -73.381824, 4.112637, 0.0 ] } },
{ "type": "Feature", "properties": { "FECHA": "5/07/2019 00:00:00 (UTC)", "DEPTO": null, "MUNICIPIO": "ARCABUCO", "VEREDA": null, "GASODUCTO": "(BOYACA - SANTANDER)", "TRAMO": "Arcabuco", "PK_INICIO": "10131", "TP_DUCTO": "Ramal", "DISTRITO": "5", "DIAMETRO": "3\"", "TRM_REG": null, "TP_EVENTO": "SURCOS", "LONGITUD": 150.0, "PRIORIDAD": "Alta", "AMENAZA": "Alto", "FX2": "20210305_FX2_C05_GBS_R-ARCABUCO_PK010+131_VB", "OBSERVACION_GEOTECNISTA": null }, "geometry": { "type": "Point", "coordinates": [ -73.360371943999951, 5.677721400000053, 0.0 ] } },
{ "type": "Feature", "properties": { "FECHA": "5/07/2019 00:00:00 (UTC)", "DEPTO": null, "MUNICIPIO": "ARCABUCO", "VEREDA": null, "GASODUCTO": "(BOYACA - SANTANDER)", "TRAMO": "Arcabuco", "PK_INICIO": "10345", "TP_DUCTO": "Ramal", "DISTRITO": "5", "DIAMETRO": "3\"", "TRM_REG": null, "TP_EVENTO": "SOCAVACIÓN LATERAL", "LONGITUD": 10.0, "PRIORIDAD": "Alta", "AMENAZA": "Alto", "FX2": "20220928_FX2_C05_GBS_R-ARCABUCO_PK010+345_VB", "OBSERVACION_GEOTECNISTA": null }, "geometry": { "type": "Point", "coordinates": [ -73.360844, 5.679117, 0.0 ] } },
{ "type": "Feature", "properties": { "FECHA": "20/06/2019 00:00:00 (UTC)", "DEPTO": null, "MUNICIPIO": "TIBASOSA", "VEREDA": null, "GASODUCTO": "(BOYACA - SANTANDER)", "TRAMO": "Belén", "PK_INICIO": "5", "TP_DUCTO": "Ramal", "DISTRITO": "5", "DIAMETRO": "4\"", "TRM_REG": null, "TP_EVENTO": "SURCOS", "LONGITUD": 17.0, "PRIORIDAD": "Baja", "AMENAZA": "Bajo", "FX2": "20231009_FX2_C05_GBS_R-BELEN_PK000+005_VA", "OBSERVACION_GEOTECNISTA": null }, "geometry": { "type": "Point", "coordinates": [ -73.017187, 5.783243, 0.0 ] } },
{ "type": "Feature", "properties": { "FECHA": "27/06/2019 00:00:00 (UTC)", "DEPTO": null, "MUNICIPIO": "SANTA ROSA DE VITERBO", "VEREDA": null, "GASODUCTO": "(BOYACA - SANTANDER)", "TRAMO": "Belén", "PK_INICIO": "10677", "TP_DUCTO": "Ramal", "DISTRITO": "5", "DIAMETRO": "4\"", "TRM_REG": null, "TP_EVENTO": "CARCAVAS", "LONGITUD": 8.0, "PRIORIDAD": "Media", "AMENAZA": "Medio", "FX2": "20230316_FX2_C05_GBS_R-BELEN_PK010+677_VA", "OBSERVACION_GEOTECNISTA": null }, "geometry": { "type": "Point", "coordinates": [ -72.985311, 5.843932, 0.0 ] } },
{ "type": "Feature", "properties": { "FECHA": "2/07/2019 00:00:00 (UTC)", "DEPTO": null, "MUNICIPIO": "CERINZA", "VEREDA": null, "GASODUCTO": "(BOYACA - SANTANDER)", "TRAMO": "Belén", "PK_INICIO": "24370", "TP_DUCTO": "Ramal", "DISTRITO": "5", "DIAMETRO": "4\"", "TRM_REG": null, "TP_EVENTO": "SOCAVACIÓN LATERAL", "LONGITUD": 8.0, "PRIORIDAD": "Baja", "AMENAZA": "Bajo", "FX2": "20231102_FX2_C05_GBS_R-BELEN_PK024+370_VB", "OBSERVACION_GEOTECNISTA": null }, "geometry": { "type": "Point", "coordinates": [ -72.943, 5.9479, 0.0 ] } },
{ "type": "Feature", "properties": { "FECHA": "12/08/2019 00:00:00 (UTC)", "DEPTO": null, "MUNICIPIO": "SOGAMOSO", "VEREDA": null, "GASODUCTO": "(BOYACA - SANTANDER)", "TRAMO": "Nobsa", "PK_INICIO": "0", "TP_DUCTO": "Ramal", "DISTRITO": "5", "DIAMETRO": "3\"", "TRM_REG": null, "TP_EVENTO": "OTRO", "LONGITUD": 20.0, "PRIORIDAD": "Baja", "AMENAZA": "Bajo", "FX2": "20231002_FX2_C05_GBS_R-NOBSA_PK000+020 (000+005)_VA.xlsx", "OBSERVACION_GEOTECNISTA": null }, "geometry": { "type": "Point", "coordinates": [ -72.936805555999968, 5.748541700000033, 0.0 ] } },
{ "type": "Feature", "properties": { "FECHA": "25/07/2019 00:00:00 (UTC)", "DEPTO": null, "MUNICIPIO": "OICATÁ", "VEREDA": null, "GASODUCTO": "(BOYACA - SANTANDER)", "TRAMO": "Oicatá", "PK_INICIO": "1101", "TP_DUCTO": "Ramal", "DISTRITO": "5", "DIAMETRO": "3\"", "TRM_REG": null, "TP_EVENTO": "SOCAVACIÓN LATERAL", "LONGITUD": 5.0, "PRIORIDAD": "Baja", "AMENAZA": "Bajo", "FX2": "20231030_FX2_C05_GBS_R-OICATA_PK001+101_VA", "OBSERVACION_GEOTECNISTA": null }, "geometry": { "type": "Point", "coordinates": [ -73.310410953999963, 5.604214885000033, 0.0 ] } },
{ "type": "Feature", "properties": { "FECHA": "10/06/2019 00:00:00 (UTC)", "DEPTO": null, "MUNICIPIO": "BOLÍVAR", "VEREDA": null, "GASODUCTO": "(BOYACA - SANTANDER)", "TRAMO": "Bolívar", "PK_INICIO": "17975", "TP_DUCTO": "Ramal", "DISTRITO": "5", "DIAMETRO": "3\"", "TRM_REG": null, "TP_EVENTO": "OTRO", "LONGITUD": 4.0, "PRIORIDAD": "Alta", "AMENAZA": "Alto", "FX2": "20210522_FX2_C05_GBS_R-BOLIVAR_PK017+915_VB", "OBSERVACION_GEOTECNISTA": null }, "geometry": { "type": "Point", "coordinates": [ -73.778205, 5.96109, 0.0 ] } },
{ "type": "Feature", "properties": { "FECHA": "11/06/2019 00:00:00 (UTC)", "DEPTO": null, "MUNICIPIO": "BOLÍVAR", "VEREDA": null, "GASODUCTO": "(BOYACA - SANTANDER)", "TRAMO": "Bolívar", "PK_INICIO": "20517", "TP_DUCTO": "Ramal", "DISTRITO": "5", "DIAMETRO": "3\"", "TRM_REG": null, "TP_EVENTO": "OTRO", "LONGITUD": 40.0, "PRIORIDAD": "Alta", "AMENAZA": "Medio", "FX2": "20210522_FX2_C05_GBS_R-BOLIVAR_PK020+517_VB", "OBSERVACION_GEOTECNISTA": null }, "geometry": { "type": "Point", "coordinates": [ -73.774796, 5.980594, 0.0 ] } },
{ "type": "Feature", "properties": { "FECHA": "15/05/2020 00:00:00 (UTC)", "DEPTO": null, "MUNICIPIO": "CHIPATÁ", "VEREDA": null, "GASODUCTO": "(BOYACA - SANTANDER)", "TRAMO": "Chipatá", "PK_INICIO": "4308", "TP_DUCTO": "Ramal", "DISTRITO": "5", "DIAMETRO": "3\"", "TRM_REG": null, "TP_EVENTO": "SURCOS", "LONGITUD": 6.0, "PRIORIDAD": "Media", "AMENAZA": "Medio", "FX2": "20240116_FX2_C05_GBS_R-CHIPATA_PK004+308_VA.xlsx", "OBSERVACION_GEOTECNISTA": null }, "geometry": { "type": "Point", "coordinates": [ -73.623964, 6.047066, 0.0 ] } },
{ "type": "Feature", "properties": { "FECHA": "7/03/2020 00:00:00 (UTC)", "DEPTO": null, "MUNICIPIO": "SANTANA", "VEREDA": null, "GASODUCTO": "(BOYACA - SANTANDER)", "TRAMO": "Chitaraque", "PK_INICIO": "167", "TP_DUCTO": "Ramal", "DISTRITO": "5", "DIAMETRO": "3\"", "TRM_REG": null, "TP_EVENTO": "SOCAVACIÓN DE FONDO", "LONGITUD": 1.0, "PRIORIDAD": "Alta", "AMENAZA": "Extremo", "FX2": "20220401_FX2_C05_GBS_R-CHITARAQUE_PK000+167_VB", "OBSERVACION_GEOTECNISTA": null }, "geometry": { "type": "Point", "coordinates": [ -73.500505, 6.049147, 0.0 ] } },
{ "type": "Feature", "properties": { "FECHA": "8/03/2020 00:00:00 (UTC)", "DEPTO": null, "MUNICIPIO": "SANTANA", "VEREDA": null, "GASODUCTO": "(BOYACA - SANTANDER)", "TRAMO": "Chitaraque", "PK_INICIO": "4530", "TP_DUCTO": "Ramal", "DISTRITO": "5", "DIAMETRO": "3\"", "TRM_REG": null, "TP_EVENTO": "SURCOS", "LONGITUD": 200.0, "PRIORIDAD": "Alta", "AMENAZA": "Extremo", "FX2": "20220401_FX2_C05_GBS_R-CHITARAQUE_PK004+610_VB", "OBSERVACION_GEOTECNISTA": null }, "geometry": { "type": "Point", "coordinates": [ -73.4721, 6.024171, 0.0 ] } },
{ "type": "Feature", "properties": { "FECHA": "8/03/2020 00:00:00 (UTC)", "DEPTO": null, "MUNICIPIO": "CHITARAQUE", "VEREDA": null, "GASODUCTO": "(BOYACA - SANTANDER)", "TRAMO": "Chitaraque", "PK_INICIO": "5265", "TP_DUCTO": "Ramal", "DISTRITO": "5", "DIAMETRO": "3\"", "TRM_REG": null, "TP_EVENTO": "OTRO", "LONGITUD": 1.0, "PRIORIDAD": "Alta", "AMENAZA": "Extremo", "FX2": "20220401_FX2_C05_GBS_R-CHITARAQUE_PK005+265_VB", "OBSERVACION_GEOTECNISTA": null }, "geometry": { "type": "Point", "coordinates": [ -73.469317, 6.022096, 0.0 ] } },
{ "type": "Feature", "properties": { "FECHA": "4/09/2020 00:00:00 (UTC)", "DEPTO": null, "MUNICIPIO": "CHITARAQUE", "VEREDA": null, "GASODUCTO": "(BOYACA - SANTANDER)", "TRAMO": "Chitaraque", "PK_INICIO": "8017", "TP_DUCTO": "Ramal", "DISTRITO": "5", "DIAMETRO": "3\"", "TRM_REG": null, "TP_EVENTO": "CARCAVAS", "LONGITUD": 5.0, "PRIORIDAD": "Alta", "AMENAZA": "Alto", "FX2": "20220401_FX2_C05_GBS_R-CHITARAQUE_PK008+017_VB", "OBSERVACION_GEOTECNISTA": null }, "geometry": { "type": "Point", "coordinates": [ -73.449438, 6.022369, 0.0 ] } },
{ "type": "Feature", "properties": { "FECHA": "8/03/2020 00:00:00 (UTC)", "DEPTO": null, "MUNICIPIO": "CHITARAQUE", "VEREDA": null, "GASODUCTO": "(BOYACA - SANTANDER)", "TRAMO": "Chitaraque", "PK_INICIO": "8199", "TP_DUCTO": "Ramal", "DISTRITO": "5", "DIAMETRO": "3\"", "TRM_REG": null, "TP_EVENTO": "SOCAVACIÓN LATERAL", "LONGITUD": 3.0, "PRIORIDAD": "Alta", "AMENAZA": "Alto", "FX2": "20221129_FX2_C05_GBS_R-CHITARAQUE_PK008+200_VA", "OBSERVACION_GEOTECNISTA": null }, "geometry": { "type": "Point", "coordinates": [ -73.4471, 6.023447, 0.0 ] } },
{ "type": "Feature", "properties": { "FECHA": "18/03/2020 00:00:00 (UTC)", "DEPTO": null, "MUNICIPIO": "VÉLEZ", "VEREDA": null, "GASODUCTO": "(BOYACA - SANTANDER)", "TRAMO": "Guavatá", "PK_INICIO": "1227", "TP_DUCTO": "Ramal", "DISTRITO": "5", "DIAMETRO": "3\"", "TRM_REG": null, "TP_EVENTO": "FLUJOS", "LONGITUD": 10.0, "PRIORIDAD": "Alta", "AMENAZA": "Alto", "FX2": "20221122_FX2_C05_GBS_R-GUAVATA_PK001+227_VB", "OBSERVACION_GEOTECNISTA": null }, "geometry": { "type": "Point", "coordinates": [ -73.658546, 6.000075, 0.0 ] } },
{ "type": "Feature", "properties": { "FECHA": "18/03/2020 00:00:00 (UTC)", "DEPTO": null, "MUNICIPIO": "VÉLEZ", "VEREDA": null, "GASODUCTO": "(BOYACA - SANTANDER)", "TRAMO": "Guavatá", "PK_INICIO": "3550", "TP_DUCTO": "Ramal", "DISTRITO": "5", "DIAMETRO": "3\"", "TRM_REG": null, "TP_EVENTO": "SOCAVACIÓN DE FONDO", "LONGITUD": 5.0, "PRIORIDAD": "Baja", "AMENAZA": "Bajo", "FX2": "20240115_FX2_C05_GBS_R-GUAVATA_PK003+550_VA", "OBSERVACION_GEOTECNISTA": null }, "geometry": { "type": "Point", "coordinates": [ -73.672787, 5.989359, 0.0 ] } },
{ "type": "Feature", "properties": { "FECHA": "19/03/2020 00:00:00 (UTC)", "DEPTO": null, "MUNICIPIO": "VÉLEZ", "VEREDA": null, "GASODUCTO": "(BOYACA - SANTANDER)", "TRAMO": "Guavatá", "PK_INICIO": "5044", "TP_DUCTO": "Ramal", "DISTRITO": "5", "DIAMETRO": "3\"", "TRM_REG": null, "TP_EVENTO": "SOCAVACIÓN DE FONDO", "LONGITUD": 20.0, "PRIORIDAD": "Alta", "AMENAZA": "Extremo", "FX2": "20220401_FX2_C05_GBS_R-GUAVATA_PK005+044_VB", "OBSERVACION_GEOTECNISTA": null }, "geometry": { "type": "Point", "coordinates": [ -73.677805, 5.978658, 0.0 ] } },
{ "type": "Feature", "properties": { "FECHA": "11/03/2020 00:00:00 (UTC)", "DEPTO": null, "MUNICIPIO": "MONIQUIRÁ", "VEREDA": null, "GASODUCTO": "(BOYACA - SANTANDER)", "TRAMO": "Togui", "PK_INICIO": "6393", "TP_DUCTO": "Ramal", "DISTRITO": "5", "DIAMETRO": "3\"", "TRM_REG": null, "TP_EVENTO": "SOCAVACIÓN DE FONDO", "LONGITUD": 1.0, "PRIORIDAD": "Alta", "AMENAZA": "Alto", "FX2": "20210305_FX2_C05_GBS_R-TOGUI_PK006+393_VB", "OBSERVACION_GEOTECNISTA": null }, "geometry": { "type": "Point", "coordinates": [ -73.569166, 5.894722, 0.0 ] } },
{ "type": "Feature", "properties": { "FECHA": "11/03/2020 00:00:00 (UTC)", "DEPTO": null, "MUNICIPIO": "MONIQUIRÁ", "VEREDA": null, "GASODUCTO": "(BOYACA - SANTANDER)", "TRAMO": "Togui", "PK_INICIO": "7292", "TP_DUCTO": "Ramal", "DISTRITO": "5", "DIAMETRO": "3\"", "TRM_REG": null, "TP_EVENTO": "DESLIZAMIENTO ROTACIONAL", "LONGITUD": 10.0, "PRIORIDAD": "Media", "AMENAZA": "Medio", "FX2": "20231218_FX2_C05_GBS_R-TOGUI_PK007+292_VB", "OBSERVACION_GEOTECNISTA": null }, "geometry": { "type": "Point", "coordinates": [ -73.56564, 5.890289, 0.0 ] } },
{ "type": "Feature", "properties": { "FECHA": "12/03/2020 00:00:00 (UTC)", "DEPTO": null, "MUNICIPIO": "TOGÜÍ", "VEREDA": null, "GASODUCTO": "(BOYACA - SANTANDER)", "TRAMO": "Togui", "PK_INICIO": "14006", "TP_DUCTO": "Ramal", "DISTRITO": "5", "DIAMETRO": "3\"", "TRM_REG": null, "TP_EVENTO": "OTRO", "LONGITUD": 2.0, "PRIORIDAD": "Media", "AMENAZA": "Medio", "FX2": "20231222_FX2_C05_GBS_R-TOGUI_PK014+006_VA", "OBSERVACION_GEOTECNISTA": null }, "geometry": { "type": "Point", "coordinates": [ -73.530203, 5.919466, 0.0 ] } },
{ "type": "Feature", "properties": { "FECHA": "16/03/2020 00:00:00 (UTC)", "DEPTO": null, "MUNICIPIO": "GÜEPSA", "VEREDA": null, "GASODUCTO": "(BOYACA - SANTANDER)", "TRAMO": "Vélez", "PK_INICIO": "2377", "TP_DUCTO": "Ramal", "DISTRITO": "5", "DIAMETRO": "3\"", "TRM_REG": null, "TP_EVENTO": "SOCAVACIÓN LATERAL", "LONGITUD": 6.0, "PRIORIDAD": "Media", "AMENAZA": "Medio", "FX2": "20231206_FX2_C05_GBS_R-VELEZ_PKPK002+377(PK002+379)_VB", "OBSERVACION_GEOTECNISTA": null }, "geometry": { "type": "Point", "coordinates": [ -73.603106558999968, 6.012298854000051, 0.0 ] } },
{ "type": "Feature", "properties": { "FECHA": "17/03/2020 00:00:00 (UTC)", "DEPTO": null, "MUNICIPIO": "VÉLEZ", "VEREDA": null, "GASODUCTO": "(BOYACA - SANTANDER)", "TRAMO": "Vélez", "PK_INICIO": "7624", "TP_DUCTO": "Ramal", "DISTRITO": "5", "DIAMETRO": "3\"", "TRM_REG": null, "TP_EVENTO": "SOCAVACIÓN DE FONDO", "LONGITUD": 6.0, "PRIORIDAD": "Alta", "AMENAZA": "Alto", "FX2": "20221122_FX2_C05_GBS_R-VELEZ_PK007+624_VA", "OBSERVACION_GEOTECNISTA": null }, "geometry": { "type": "Point", "coordinates": [ -73.638729, 6.010353, 0.0 ] } },
{ "type": "Feature", "properties": { "FECHA": "17/03/2020 00:00:00 (UTC)", "DEPTO": null, "MUNICIPIO": "VÉLEZ", "VEREDA": null, "GASODUCTO": "(BOYACA - SANTANDER)", "TRAMO": "Vélez", "PK_INICIO": "9757", "TP_DUCTO": "Ramal", "DISTRITO": "5", "DIAMETRO": "3\"", "TRM_REG": null, "TP_EVENTO": "OTRO", "LONGITUD": 20.0, "PRIORIDAD": "Alta", "AMENAZA": "Alto", "FX2": "20221122_FX2_C05_GBS_R-VELEZ_PK009+797_VA", "OBSERVACION_GEOTECNISTA": null }, "geometry": { "type": "Point", "coordinates": [ -73.657659, 6.010723, 0.0 ] } },
{ "type": "Feature", "properties": { "FECHA": "30/01/2020 00:00:00 (UTC)", "DEPTO": null, "MUNICIPIO": "FLORIÁN", "VEREDA": null, "GASODUCTO": "(CENTRO - ORIENTE)", "TRAMO": "La Belleza - Vasconia", "PK_INICIO": "196822", "TP_DUCTO": "Troncal", "DISTRITO": "3", "DIAMETRO": "(14)", "TRM_REG": null, "TP_EVENTO": "FLUJOS", "LONGITUD": 236.0, "PRIORIDAD": "Alta", "AMENAZA": "Alto", "FX2": "20221103_FX2_C03_COR_BELL-VASC_PK196+922_VB", "OBSERVACION_GEOTECNISTA": null }, "geometry": { "type": "Point", "coordinates": [ -74.029866, 5.839278, 0.0 ] } },
{ "type": "Feature", "properties": { "FECHA": "31/01/2020 00:00:00 (UTC)", "DEPTO": null, "MUNICIPIO": "FLORIÁN", "VEREDA": null, "GASODUCTO": "(CENTRO - ORIENTE)", "TRAMO": "La Belleza - Vasconia", "PK_INICIO": "199923", "TP_DUCTO": "Troncal", "DISTRITO": "3", "DIAMETRO": "(14)", "TRM_REG": null, "TP_EVENTO": "REPTACION", "LONGITUD": 80.0, "PRIORIDAD": "Media", "AMENAZA": "Medio", "FX2": "20222508_FX2_C03_C0R_BELL-VASC_PK199+973_VB", "OBSERVACION_GEOTECNISTA": null }, "geometry": { "type": "Point", "coordinates": [ -74.054458, 5.83639, 0.0 ] } },
{ "type": "Feature", "properties": { "FECHA": "19/10/2020 00:00:00 (UTC)", "DEPTO": null, "MUNICIPIO": "OTANCHE", "VEREDA": null, "GASODUCTO": "(CENTRO - ORIENTE)", "TRAMO": "La Belleza - Vasconia", "PK_INICIO": "218182", "TP_DUCTO": "Troncal", "DISTRITO": "1", "DIAMETRO": "(14)", "TRM_REG": null, "TP_EVENTO": "DESLIZAMIENTO TRASLACIONAL", "LONGITUD": 40.0, "PRIORIDAD": "Alta", "AMENAZA": "Extremo", "FX2": "20211130_FX2_C03_C0R_BELL-VASC_PK218+182_VG", "OBSERVACION_GEOTECNISTA": null }, "geometry": { "type": "Point", "coordinates": [ -74.18401, 5.81755, 0.0 ] } },
{ "type": "Feature", "properties": { "FECHA": "3/09/2019 00:00:00 (UTC)", "DEPTO": null, "MUNICIPIO": "OTANCHE", "VEREDA": null, "GASODUCTO": "(CENTRO - ORIENTE)", "TRAMO": "La Belleza - Vasconia", "PK_INICIO": "222648", "TP_DUCTO": "Troncal", "DISTRITO": "1", "DIAMETRO": "22\"", "TRM_REG": null, "TP_EVENTO": "REPTACION", "LONGITUD": 80.0, "PRIORIDAD": "Alta", "AMENAZA": "Alto", "FX2": "20210723_FX2_C03_C0R_BELL-VASC_PK222+648_VB", "OBSERVACION_GEOTECNISTA": null }, "geometry": { "type": "Point", "coordinates": [ -74.215591, 5.823007, 0.0 ] } },
{ "type": "Feature", "properties": { "FECHA": "23/10/2020 00:00:00 (UTC)", "DEPTO": null, "MUNICIPIO": "PUERTO BOYACÁ", "VEREDA": null, "GASODUCTO": "(CENTRO - ORIENTE)", "TRAMO": "La Belleza - Vasconia", "PK_INICIO": "240605", "TP_DUCTO": "Troncal", "DISTRITO": "1", "DIAMETRO": "22\"", "TRM_REG": null, "TP_EVENTO": "SOCAVACIÓN LATERAL", "LONGITUD": 50.0, "PRIORIDAD": "Baja", "AMENAZA": "Bajo", "FX2": "20220520_FX2_C03_C0R_BELL-VASC_PK240+657_VA", "OBSERVACION_GEOTECNISTA": null }, "geometry": { "type": "Point", "coordinates": [ -74.316832, 5.829911, 0.0 ] } },
{ "type": "Feature", "properties": { "FECHA": "23/08/2019 00:00:00 (UTC)", "DEPTO": null, "MUNICIPIO": "PUERTO BOYACÁ", "VEREDA": null, "GASODUCTO": "(CENTRO - ORIENTE)", "TRAMO": "La Belleza - Vasconia", "PK_INICIO": "251303", "TP_DUCTO": "Troncal", "DISTRITO": "1", "DIAMETRO": "22\"", "TRM_REG": null, "TP_EVENTO": "CARCAVAS", "LONGITUD": 35.0, "PRIORIDAD": "Media", "AMENAZA": "Medio", "FX2": "20231002_FX2_C03_COR_BELL-VASC_PK251+303 (288+062)_VA", "OBSERVACION_GEOTECNISTA": null }, "geometry": { "type": "Point", "coordinates": [ -74.382508, 5.888624, 0.0 ] } },
{ "type": "Feature", "properties": { "FECHA": "23/08/2019 00:00:00 (UTC)", "DEPTO": null, "MUNICIPIO": "PUERTO BOYACÁ", "VEREDA": null, "GASODUCTO": "(CENTRO - ORIENTE)", "TRAMO": "La Belleza - Vasconia", "PK_INICIO": "253095", "TP_DUCTO": "Troncal", "DISTRITO": "1", "DIAMETRO": "22\"", "TRM_REG": null, "TP_EVENTO": "CARCAVAS", "LONGITUD": 10.0, "PRIORIDAD": "Alta", "AMENAZA": "Alto", "FX2": "20220520_FX2_C03_C0R_BELL-VASC_PK253+095_VB", "OBSERVACION_GEOTECNISTA": null }, "geometry": { "type": "Point", "coordinates": [ -74.390874, 5.900342, 0.0 ] } },
{ "type": "Feature", "properties": { "FECHA": "22/10/2020 00:00:00 (UTC)", "DEPTO": null, "MUNICIPIO": "PUERTO BOYACÁ", "VEREDA": null, "GASODUCTO": "(CENTRO - ORIENTE)", "TRAMO": "La Belleza - Vasconia", "PK_INICIO": "261467", "TP_DUCTO": "Loop", "DISTRITO": "1", "DIAMETRO": "(16)", "TRM_REG": null, "TP_EVENTO": "OTRO", "LONGITUD": 20.0, "PRIORIDAD": "Alta", "AMENAZA": "Alto", "FX2": "20220222_FX2_C03_COR_BELL-VASC_PK261+445_VB", "OBSERVACION_GEOTECNISTA": null }, "geometry": { "type": "Point", "coordinates": [ -74.447484, 5.94817, 0.0 ] } },
{ "type": "Feature", "properties": { "FECHA": "29/08/2019 00:00:00 (UTC)", "DEPTO": null, "MUNICIPIO": "CHIRIGUANÁ", "VEREDA": null, "GASODUCTO": "(BALLENAS-BARRANCA)", "TRAMO": "Casacará - Curumaní", "PK_INICIO": "290844", "TP_DUCTO": "Troncal", "DISTRITO": "6", "DIAMETRO": "(18)", "TRM_REG": null, "TP_EVENTO": "SOCAVACIÓN DE FONDO", "LONGITUD": 2.0, "PRIORIDAD": "Baja", "AMENAZA": "Bajo", "FX2": "20240726_FX2_PM1_BB_CASAC-CURUM_PK290+844_VA.xlsx", "OBSERVACION_GEOTECNISTA": null }, "geometry": { "type": "Point", "coordinates": [ -73.487766, 9.419717, 0.0 ] } },
{ "type": "Feature", "properties": { "FECHA": "31/08/2019 00:00:00 (UTC)", "DEPTO": null, "MUNICIPIO": "CHIRIGUANÁ", "VEREDA": null, "GASODUCTO": "(BALLENAS-BARRANCA)", "TRAMO": "Casacará - Curumaní", "PK_INICIO": "298984", "TP_DUCTO": "Troncal", "DISTRITO": "6", "DIAMETRO": "(18)", "TRM_REG": null, "TP_EVENTO": "SOCAVACIÓN DE FONDO", "LONGITUD": 4.0, "PRIORIDAD": "Media", "AMENAZA": "Medio", "FX2": "20240814_FX2_PM1_BB_CASAC-CURUM_PK298+984_VA.xlsx", "OBSERVACION_GEOTECNISTA": null }, "geometry": { "type": "Point", "coordinates": [ -73.513153, 9.353141, 0.0 ] } },
{ "type": "Feature", "properties": { "FECHA": "2/09/2019 00:00:00 (UTC)", "DEPTO": null, "MUNICIPIO": "CURUMANÍ", "VEREDA": null, "GASODUCTO": "(BALLENAS-BARRANCA)", "TRAMO": "Casacará - Curumaní", "PK_INICIO": "303283", "TP_DUCTO": "Troncal", "DISTRITO": "6", "DIAMETRO": "(18)", "TRM_REG": null, "TP_EVENTO": "CARCAVAS", "LONGITUD": 7.0, "PRIORIDAD": "Baja", "AMENAZA": "Bajo", "FX2": "20240131_FX2_PM1_BB_CASAC-CURUM_PK303+283_VA.xlsx", "OBSERVACION_GEOTECNISTA": null }, "geometry": { "type": "Point", "coordinates": [ -73.52602, 9.318371, 0.0 ] } },
{ "type": "Feature", "properties": { "FECHA": "1/09/2019 00:00:00 (UTC)", "DEPTO": null, "MUNICIPIO": "CURUMANÍ", "VEREDA": null, "GASODUCTO": "(BALLENAS-BARRANCA)", "TRAMO": "Casacará - Curumaní", "PK_INICIO": "305365", "TP_DUCTO": "Troncal", "DISTRITO": "6", "DIAMETRO": "(18)", "TRM_REG": null, "TP_EVENTO": "SOCAVACIÓN DE FONDO", "LONGITUD": 15.0, "PRIORIDAD": "Alta", "AMENAZA": "Extremo", "FX2": "20211021_FX2_PM1_BB_CASAC-CURUM_PK305+365_VA", "OBSERVACION_GEOTECNISTA": null }, "geometry": { "type": "Point", "coordinates": [ -73.530141, 9.300378, 0.0 ] } },
{ "type": "Feature", "properties": { "FECHA": "1/09/2019 00:00:00 (UTC)", "DEPTO": null, "MUNICIPIO": "CURUMANÍ", "VEREDA": null, "GASODUCTO": "(BALLENAS-BARRANCA)", "TRAMO": "Casacará - Curumaní", "PK_INICIO": "308574", "TP_DUCTO": "Troncal", "DISTRITO": "6", "DIAMETRO": "(18)", "TRM_REG": null, "TP_EVENTO": "OTRO", "LONGITUD": 20.0, "PRIORIDAD": "Media", "AMENAZA": "Medio", "FX2": " ", "OBSERVACION_GEOTECNISTA": null }, "geometry": { "type": "Point", "coordinates": [ -73.544585, 9.275362, 0.0 ] } },
{ "type": "Feature", "properties": { "FECHA": "4/09/2019 00:00:00 (UTC)", "DEPTO": null, "MUNICIPIO": "CURUMANÍ", "VEREDA": null, "GASODUCTO": "(BALLENAS-BARRANCA)", "TRAMO": "Curumaní - Norean", "PK_INICIO": "324425", "TP_DUCTO": "Troncal", "DISTRITO": "6", "DIAMETRO": "(18)", "TRM_REG": null, "TP_EVENTO": "SOCAVACIÓN DE FONDO", "LONGITUD": 20.0, "PRIORIDAD": "Media", "AMENAZA": "Medio", "FX2": "20220916_FX2_PM1_BB_CURUM-NOREAN_PK324+425_VB", "OBSERVACION_GEOTECNISTA": null }, "geometry": { "type": "Point", "coordinates": [ -73.65297, 9.189654, 0.0 ] } },
{ "type": "Feature", "properties": { "FECHA": "4/09/2019 00:00:00 (UTC)", "DEPTO": null, "MUNICIPIO": "CURUMANÍ", "VEREDA": null, "GASODUCTO": "(BALLENAS-BARRANCA)", "TRAMO": "Curumaní - Norean", "PK_INICIO": "326989", "TP_DUCTO": "Troncal", "DISTRITO": "6", "DIAMETRO": "(18)", "TRM_REG": null, "TP_EVENTO": "SOCAVACIÓN DE FONDO", "LONGITUD": 20.0, "PRIORIDAD": "Alta", "AMENAZA": "Alto", "FX2": "20220916_FX2_PM1_BB_CURUM-NOREAN_PK326+989_VA", "OBSERVACION_GEOTECNISTA": null }, "geometry": { "type": "Point", "coordinates": [ -73.65632, 9.167403, 0.0 ] } },
{ "type": "Feature", "properties": { "FECHA": "9/09/2019 00:00:00 (UTC)", "DEPTO": null, "MUNICIPIO": "PAILITAS", "VEREDA": null, "GASODUCTO": "(BALLENAS-BARRANCA)", "TRAMO": "Curumaní - Norean", "PK_INICIO": "344638", "TP_DUCTO": "Troncal", "DISTRITO": "6", "DIAMETRO": "(18)", "TRM_REG": null, "TP_EVENTO": "SURCOS", "LONGITUD": 20.0, "PRIORIDAD": "Baja", "AMENAZA": "Bajo", "FX2": "20230614_FX2_PM1_BB_CURUM-NOREAN_PK344+638_VA.xlsx", "OBSERVACION_GEOTECNISTA": null }, "geometry": { "type": "Point", "coordinates": [ -73.662157, 9.011532, 0.0 ] } },
{ "type": "Feature", "properties": { "FECHA": "10/09/2019 00:00:00 (UTC)", "DEPTO": null, "MUNICIPIO": "PAILITAS", "VEREDA": null, "GASODUCTO": "(BALLENAS-BARRANCA)", "TRAMO": "Curumaní - Norean", "PK_INICIO": "357695", "TP_DUCTO": "Troncal", "DISTRITO": "6", "DIAMETRO": "(18)", "TRM_REG": null, "TP_EVENTO": "SOCAVACIÓN DE FONDO", "LONGITUD": 16.0, "PRIORIDAD": "Media", "AMENAZA": "Medio", "FX2": "20230516_FX2_PM1_BB_CURUM-NOREAN_PK357+695_VA.xlsx", "OBSERVACION_GEOTECNISTA": null }, "geometry": { "type": "Point", "coordinates": [ -73.666614, 8.894429, 0.0 ] } },
{ "type": "Feature", "properties": { "FECHA": "12/09/2019 00:00:00 (UTC)", "DEPTO": null, "MUNICIPIO": "TAMALAMEQUE", "VEREDA": null, "GASODUCTO": "(BALLENAS-BARRANCA)", "TRAMO": "Curumaní - Norean", "PK_INICIO": "369974", "TP_DUCTO": "Troncal", "DISTRITO": "6", "DIAMETRO": "(18)", "TRM_REG": null, "TP_EVENTO": "OTRO", "LONGITUD": 24.0, "PRIORIDAD": "Media", "AMENAZA": "Medio", "FX2": " ", "OBSERVACION_GEOTECNISTA": null }, "geometry": { "type": "Point", "coordinates": [ -73.68629, 8.787587, 0.0 ] } },
{ "type": "Feature", "properties": { "FECHA": "18/08/2019 00:00:00 (UTC)", "DEPTO": null, "MUNICIPIO": "AGUSTÍN CODAZZI", "VEREDA": null, "GASODUCTO": "(BALLENAS-BARRANCA)", "TRAMO": "Jagua del Pilar - Casacará", "PK_INICIO": "233716", "TP_DUCTO": "Troncal", "DISTRITO": "6", "DIAMETRO": "(18)", "TRM_REG": null, "TP_EVENTO": "SOCAVACIÓN DE FONDO", "LONGITUD": 22.0, "PRIORIDAD": "Media", "AMENAZA": "Medio", "FX2": "20220913_FX2_PM1_BB_JAGUA-CASAC_PK233+716_VA", "OBSERVACION_GEOTECNISTA": null }, "geometry": { "type": "Point", "coordinates": [ -73.320461, 9.88306, 0.0 ] } },
{ "type": "Feature", "properties": { "FECHA": "18/08/2019 00:00:00 (UTC)", "DEPTO": null, "MUNICIPIO": "AGUSTÍN CODAZZI", "VEREDA": null, "GASODUCTO": "(BALLENAS-BARRANCA)", "TRAMO": "Jagua del Pilar - Casacará", "PK_INICIO": "235152", "TP_DUCTO": "Troncal", "DISTRITO": "6", "DIAMETRO": "(18)", "TRM_REG": null, "TP_EVENTO": "SURCOS", "LONGITUD": 1.0, "PRIORIDAD": "Media", "AMENAZA": "Medio", "FX2": "20220131_FX2_PM1_BB_JAGUA-CASAC_PK235+152_VB", "OBSERVACION_GEOTECNISTA": null }, "geometry": { "type": "Point", "coordinates": [ -73.325828, 9.871293, 0.0 ] } },
{ "type": "Feature", "properties": { "FECHA": "26/08/2019 00:00:00 (UTC)", "DEPTO": null, "MUNICIPIO": "LA JAGUA DE IBIRICO", "VEREDA": null, "GASODUCTO": "(BALLENAS-BARRANCA)", "TRAMO": "La Palmita", "PK_INICIO": "4278", "TP_DUCTO": "Ramal", "DISTRITO": "6", "DIAMETRO": "3\"", "TRM_REG": null, "TP_EVENTO": "SOCAVACIÓN DE FONDO", "LONGITUD": 10.0, "PRIORIDAD": "Media", "AMENAZA": "Medio", "FX2": "20220914_FX2_PM1_BB_R-LA PALMITA_PK004+284_VA", "OBSERVACION_GEOTECNISTA": null }, "geometry": { "type": "Point", "coordinates": [ -73.425784, 9.498132, 0.0 ] } },
{ "type": "Feature", "properties": { "FECHA": "20/07/2019 00:00:00 (UTC)", "DEPTO": null, "MUNICIPIO": "LA DORADA", "VEREDA": null, "GASODUCTO": "(CENTRO - ORIENTE)", "TRAMO": "La Dorada", "PK_INICIO": "468", "TP_DUCTO": "Ramal", "DISTRITO": "2", "DIAMETRO": "3\"", "TRM_REG": null, "TP_EVENTO": "SOCAVACIÓN LATERAL", "LONGITUD": 4.0, "PRIORIDAD": "Media", "AMENAZA": "Medio", "FX2": "20230919_FX2_C01_COR_R-LA DORADA_PK000+468_VA", "OBSERVACION_GEOTECNISTA": null }, "geometry": { "type": "Point", "coordinates": [ -74.679866, 5.448243, 0.0 ] } },
{ "type": "Feature", "properties": { "FECHA": "17/07/2019 00:00:00 (UTC)", "DEPTO": null, "MUNICIPIO": "GUADUAS", "VEREDA": null, "GASODUCTO": "(CENTRO - ORIENTE)", "TRAMO": "Puerto Salgar - Mariquita", "PK_INICIO": "255667", "TP_DUCTO": "Troncal", "DISTRITO": "2", "DIAMETRO": "(20)", "TRM_REG": null, "TP_EVENTO": "CARCAVAS", "LONGITUD": 12.0, "PRIORIDAD": "Alta", "AMENAZA": "Alto", "FX2": "20210929_FX2_C01_COR_PTO SALG-MAR_PK255+667_VA", "OBSERVACION_GEOTECNISTA": null }, "geometry": { "type": "Point", "coordinates": [ -74.66676, 5.390158, 0.0 ] } },
{ "type": "Feature", "properties": { "FECHA": "22/07/2019 00:00:00 (UTC)", "DEPTO": null, "MUNICIPIO": "LA DORADA", "VEREDA": null, "GASODUCTO": "(CENTRO - ORIENTE)", "TRAMO": "Puerto Salgar - Mariquita", "PK_INICIO": "271292", "TP_DUCTO": "Troncal", "DISTRITO": "2", "DIAMETRO": "(20)", "TRM_REG": null, "TP_EVENTO": "SOCAVACIÓN DE FONDO", "LONGITUD": 7.3, "PRIORIDAD": "Media", "AMENAZA": "Medio", "FX2": "20210927_FX2_C01_COR_PTO SALG-MAR_PK271+292_VA", "OBSERVACION_GEOTECNISTA": null }, "geometry": { "type": "Point", "coordinates": [ -74.745642, 5.299549, 0.0 ] } },
{ "type": "Feature", "properties": { "FECHA": "19/07/2019 00:00:00 (UTC)", "DEPTO": null, "MUNICIPIO": "LA DORADA", "VEREDA": null, "GASODUCTO": "(CENTRO - ORIENTE)", "TRAMO": "Termodorada", "PK_INICIO": "6000", "TP_DUCTO": "Ramal", "DISTRITO": "2", "DIAMETRO": "22\"", "TRM_REG": null, "TP_EVENTO": "CARCAVAS", "LONGITUD": 45.0, "PRIORIDAD": "Alta", "AMENAZA": "Alto", "FX2": "20230919_FX2_C01_COR_R-TERMOD_PK006+058_VA", "OBSERVACION_GEOTECNISTA": null }, "geometry": { "type": "Point", "coordinates": [ -74.688565, 5.41568, 0.0 ] } },
{ "type": "Feature", "properties": { "FECHA": "19/07/2019 00:00:00 (UTC)", "DEPTO": null, "MUNICIPIO": "LA DORADA", "VEREDA": null, "GASODUCTO": "(CENTRO - ORIENTE)", "TRAMO": "Termodorada", "PK_INICIO": "9497", "TP_DUCTO": "Ramal", "DISTRITO": "2", "DIAMETRO": "22\"", "TRM_REG": null, "TP_EVENTO": "CARCAVAS", "LONGITUD": 24.0, "PRIORIDAD": "Alta", "AMENAZA": "Alto", "FX2": "20210930_FX2_C01_COR_R-TERMOD_PK009+497_VA", "OBSERVACION_GEOTECNISTA": null }, "geometry": { "type": "Point", "coordinates": [ -74.683252, 5.445982, 0.0 ] } },
{ "type": "Feature", "properties": { "FECHA": "9/07/2019 00:00:00 (UTC)", "DEPTO": null, "MUNICIPIO": "PUERTO BOYACÁ", "VEREDA": null, "GASODUCTO": "(CENTRO - ORIENTE)", "TRAMO": "Vasconia - Puerto Salgar", "PK_INICIO": "211353", "TP_DUCTO": "Troncal", "DISTRITO": "1", "DIAMETRO": "(20)", "TRM_REG": null, "TP_EVENTO": "SURCOS", "LONGITUD": 90.0, "PRIORIDAD": "Media", "AMENAZA": "Medio", "FX2": "20230920_FX2_C01_COR_VASC-PTO SALG_PK211+443_VB", "OBSERVACION_GEOTECNISTA": null }, "geometry": { "type": "Point", "coordinates": [ -74.634687, 5.763378, 0.0 ] } },
{ "type": "Feature", "properties": { "FECHA": "30/06/2020 00:00:00 (UTC)", "DEPTO": null, "MUNICIPIO": "VILLAVICENCIO", "VEREDA": null, "GASODUCTO": "(CUSIANA - APIAY - USME)", "TRAMO": "Acacías Madigas-Acacías Llanogas", "PK_INICIO": "6909", "TP_DUCTO": "Ramal", "DISTRITO": "4", "DIAMETRO": "4\"", "TRM_REG": null, "TP_EVENTO": "SOCAVACIÓN LATERAL", "LONGITUD": 4.0, "PRIORIDAD": "Baja", "AMENAZA": "Bajo", "FX2": "20240117_FX2_C06_CAU_MADG-LLANOG_PK006+909_VA", "OBSERVACION_GEOTECNISTA": null }, "geometry": { "type": "Point", "coordinates": [ -73.724683, 4.046952, 0.0 ] } },
{ "type": "Feature", "properties": { "FECHA": "30/06/2020 00:00:00 (UTC)", "DEPTO": null, "MUNICIPIO": "VILLAVICENCIO", "VEREDA": null, "GASODUCTO": "(CUSIANA - APIAY - USME)", "TRAMO": "Acacías Madigas-Acacías Llanogas", "PK_INICIO": "8405", "TP_DUCTO": "Ramal", "DISTRITO": "4", "DIAMETRO": "4\"", "TRM_REG": null, "TP_EVENTO": "SOCAVACIÓN DE FONDO", "LONGITUD": 100.0, "PRIORIDAD": "Alta", "AMENAZA": "Extremo", "FX2": "20221031_FX2_C06_CAU_MADG-LLANOG_PK008+405_VA", "OBSERVACION_GEOTECNISTA": null }, "geometry": { "type": "Point", "coordinates": [ -73.731721, 4.035819, 0.0 ] } },
{ "type": "Feature", "properties": { "FECHA": "2/07/2020 00:00:00 (UTC)", "DEPTO": null, "MUNICIPIO": "VILLAVICENCIO", "VEREDA": null, "GASODUCTO": "(CUSIANA - APIAY - USME)", "TRAMO": "Apiay - Termocoa", "PK_INICIO": "30459", "TP_DUCTO": "Troncal", "DISTRITO": "4", "DIAMETRO": "10\"", "TRM_REG": null, "TP_EVENTO": "SOCAVACIÓN LATERAL", "LONGITUD": 4.0, "PRIORIDAD": "Alta", "AMENAZA": "Alto", "FX2": "20210525_FX2_C06_CAU_APIAY-TERMOC_PK030+459_VB", "OBSERVACION_GEOTECNISTA": null }, "geometry": { "type": "Point", "coordinates": [ -73.640867, 4.092708, 0.0 ] } },
{ "type": "Feature", "properties": { "FECHA": "3/07/2020 00:00:00 (UTC)", "DEPTO": null, "MUNICIPIO": "VILLAVICENCIO", "VEREDA": null, "GASODUCTO": "(CUSIANA - APIAY - USME)", "TRAMO": "Apiay - Termocoa", "PK_INICIO": "35828", "TP_DUCTO": "Troncal", "DISTRITO": "4", "DIAMETRO": "10\"", "TRM_REG": null, "TP_EVENTO": "SOCAVACIÓN DE FONDO", "LONGITUD": 30.0, "PRIORIDAD": "Alta", "AMENAZA": "Extremo", "FX2": "20210617_FX2_C06_CAU_APIAY-TERMOC_PK035+843_VC", "OBSERVACION_GEOTECNISTA": null }, "geometry": { "type": "Point", "coordinates": [ -73.680591, 4.077373, 0.0 ] } },
{ "type": "Feature", "properties": { "FECHA": "26/09/2019 00:00:00 (UTC)", "DEPTO": null, "MUNICIPIO": "PELAYA", "VEREDA": null, "GASODUCTO": "(BALLENAS-BARRANCA)", "TRAMO": "Curumaní - Norean", "PK_INICIO": "384807", "TP_DUCTO": "Troncal", "DISTRITO": "6", "DIAMETRO": "(18)", "TRM_REG": null, "TP_EVENTO": "SOCAVACIÓN DE FONDO", "LONGITUD": 2.0, "PRIORIDAD": "Alta", "AMENAZA": "Alto", "FX2": "20220119_FX2_PM1_BB_CURUM-NOREAN_PK384+807_VB", "OBSERVACION_GEOTECNISTA": null }, "geometry": { "type": "Point", "coordinates": [ -73.677011, 8.656587, 0.0 ] } },
{ "type": "Feature", "properties": { "FECHA": "26/09/2019 00:00:00 (UTC)", "DEPTO": null, "MUNICIPIO": "LA GLORIA", "VEREDA": null, "GASODUCTO": "(BALLENAS-BARRANCA)", "TRAMO": "Curumaní - Norean", "PK_INICIO": "385914", "TP_DUCTO": "Troncal", "DISTRITO": "6", "DIAMETRO": "(18)", "TRM_REG": null, "TP_EVENTO": "OTRO", "LONGITUD": 2.0, "PRIORIDAD": "Media", "AMENAZA": "Medio", "FX2": " ", "OBSERVACION_GEOTECNISTA": null }, "geometry": { "type": "Point", "coordinates": [ -73.677253, 8.64661, 0.0 ] } },
{ "type": "Feature", "properties": { "FECHA": "26/09/2019 00:00:00 (UTC)", "DEPTO": null, "MUNICIPIO": "PELAYA", "VEREDA": null, "GASODUCTO": "(BALLENAS-BARRANCA)", "TRAMO": "Curumaní - Norean", "PK_INICIO": "386335", "TP_DUCTO": "Troncal", "DISTRITO": "6", "DIAMETRO": "(18)", "TRM_REG": null, "TP_EVENTO": "SOCAVACIÓN DE FONDO", "LONGITUD": 2.0, "PRIORIDAD": "Media", "AMENAZA": "Medio", "FX2": "20220119_FX2_PM1_BB_CURUM-NOREAN_PK386+335_VA", "OBSERVACION_GEOTECNISTA": null }, "geometry": { "type": "Point", "coordinates": [ -73.677348, 8.642836, 0.0 ] } },
{ "type": "Feature", "properties": { "FECHA": "26/09/2019 00:00:00 (UTC)", "DEPTO": null, "MUNICIPIO": "LA GLORIA", "VEREDA": null, "GASODUCTO": "(BALLENAS-BARRANCA)", "TRAMO": "Curumaní - Norean", "PK_INICIO": "387424", "TP_DUCTO": "Troncal", "DISTRITO": "6", "DIAMETRO": "(18)", "TRM_REG": null, "TP_EVENTO": "OTRO", "LONGITUD": 5.0, "PRIORIDAD": "Media", "AMENAZA": "Medio", "FX2": " ", "OBSERVACION_GEOTECNISTA": null }, "geometry": { "type": "Point", "coordinates": [ -73.676577, 8.633149, 0.0 ] } },
{ "type": "Feature", "properties": { "FECHA": "4/10/2019 00:00:00 (UTC)", "DEPTO": null, "MUNICIPIO": "LA GLORIA", "VEREDA": null, "GASODUCTO": "(BALLENAS-BARRANCA)", "TRAMO": "Curumaní - Norean", "PK_INICIO": "397236", "TP_DUCTO": "Troncal", "DISTRITO": "6", "DIAMETRO": "(18)", "TRM_REG": null, "TP_EVENTO": "OTRO", "LONGITUD": 3.0, "PRIORIDAD": "Media", "AMENAZA": "Medio", "FX2": " ", "OBSERVACION_GEOTECNISTA": null }, "geometry": { "type": "Point", "coordinates": [ -73.688084, 8.546546, 0.0 ] } },
{ "type": "Feature", "properties": { "FECHA": "28/09/2019 00:00:00 (UTC)", "DEPTO": null, "MUNICIPIO": "GAMARRA", "VEREDA": null, "GASODUCTO": "(BALLENAS-BARRANCA)", "TRAMO": "Norean - San Alberto", "PK_INICIO": "419358", "TP_DUCTO": "Troncal", "DISTRITO": "1", "DIAMETRO": "(18)", "TRM_REG": null, "TP_EVENTO": "OTRO", "LONGITUD": 4.0, "PRIORIDAD": "Media", "AMENAZA": "Medio", "FX2": " ", "OBSERVACION_GEOTECNISTA": null }, "geometry": { "type": "Point", "coordinates": [ -73.646614, 8.366026, 0.0 ] } },
{ "type": "Feature", "properties": { "FECHA": "24/09/2019 00:00:00 (UTC)", "DEPTO": null, "MUNICIPIO": "AGUACHICA", "VEREDA": null, "GASODUCTO": "(BALLENAS-BARRANCA)", "TRAMO": "Norean - San Alberto", "PK_INICIO": "425011", "TP_DUCTO": "Troncal", "DISTRITO": "1", "DIAMETRO": "(18)", "TRM_REG": null, "TP_EVENTO": "CARCAVAS", "LONGITUD": 15.0, "PRIORIDAD": "Alta", "AMENAZA": "Alto", "FX2": "20220120_FX2_PM1_BB_NOREAN-S ALB_PK425+011_VA", "OBSERVACION_GEOTECNISTA": null }, "geometry": { "type": "Point", "coordinates": [ -73.643024, 8.317249, 0.0 ] } },
{ "type": "Feature", "properties": { "FECHA": "24/09/2019 00:00:00 (UTC)", "DEPTO": null, "MUNICIPIO": "AGUACHICA", "VEREDA": null, "GASODUCTO": "(BALLENAS-BARRANCA)", "TRAMO": "Norean - San Alberto", "PK_INICIO": "425960", "TP_DUCTO": "Troncal", "DISTRITO": "1", "DIAMETRO": "(18)", "TRM_REG": null, "TP_EVENTO": "SOCAVACIÓN DE FONDO", "LONGITUD": 1.3, "PRIORIDAD": "Alta", "AMENAZA": "Alto", "FX2": "2022 20220120_FX2_PM1_BB_NOREAN-S ALB_PK425+960_VB", "OBSERVACION_GEOTECNISTA": null }, "geometry": { "type": "Point", "coordinates": [ -73.641006, 8.308934, 0.0 ] } },
{ "type": "Feature", "properties": { "FECHA": "3/10/2019 00:00:00 (UTC)", "DEPTO": null, "MUNICIPIO": "AGUACHICA", "VEREDA": null, "GASODUCTO": "(BALLENAS-BARRANCA)", "TRAMO": "Norean - San Alberto", "PK_INICIO": "430090", "TP_DUCTO": "Troncal", "DISTRITO": "1", "DIAMETRO": "(18)", "TRM_REG": null, "TP_EVENTO": "OTRO", "LONGITUD": 3.0, "PRIORIDAD": "Media", "AMENAZA": "Medio", "FX2": " ", "OBSERVACION_GEOTECNISTA": null }, "geometry": { "type": "Point", "coordinates": [ -73.63189, 8.272943, 0.0 ] } },
{ "type": "Feature", "properties": { "FECHA": "10/10/2019 00:00:00 (UTC)", "DEPTO": null, "MUNICIPIO": "SAN MARTÍN", "VEREDA": null, "GASODUCTO": "(BALLENAS-BARRANCA)", "TRAMO": "Norean - San Alberto", "PK_INICIO": "469779", "TP_DUCTO": "Troncal", "DISTRITO": "1", "DIAMETRO": "(18)", "TRM_REG": null, "TP_EVENTO": "OTRO", "LONGITUD": 3.0, "PRIORIDAD": "Media", "AMENAZA": "Medio", "FX2": " ", "OBSERVACION_GEOTECNISTA": null }, "geometry": { "type": "Point", "coordinates": [ -73.57202, 7.926267, 0.0 ] } },
{ "type": "Feature", "properties": { "FECHA": "12/10/2019 00:00:00 (UTC)", "DEPTO": null, "MUNICIPIO": "SAN MARTÍN", "VEREDA": null, "GASODUCTO": "(BALLENAS-BARRANCA)", "TRAMO": "Norean - San Alberto", "PK_INICIO": "482448", "TP_DUCTO": "Troncal", "DISTRITO": "1", "DIAMETRO": "(18)", "TRM_REG": null, "TP_EVENTO": "OTRO", "LONGITUD": 5.0, "PRIORIDAD": "Media", "AMENAZA": "Medio", "FX2": " ", "OBSERVACION_GEOTECNISTA": null }, "geometry": { "type": "Point", "coordinates": [ -73.545704, 7.820019, 0.0 ] } },
{ "type": "Feature", "properties": { "FECHA": "20/11/2020 00:00:00 (UTC)", "DEPTO": null, "MUNICIPIO": "SAN ALBERTO", "VEREDA": null, "GASODUCTO": "(BALLENAS-BARRANCA)", "TRAMO": "San Alberto", "PK_INICIO": "4642", "TP_DUCTO": "Ramal", "DISTRITO": "1", "DIAMETRO": "3\"", "TRM_REG": null, "TP_EVENTO": "SOCAVACIÓN DE FONDO", "LONGITUD": 3.0, "PRIORIDAD": "Alta", "AMENAZA": "Alto", "FX2": "20220121_FX2_PM1_BB_R-SAN ALBERTO_PK004+645_VB", "OBSERVACION_GEOTECNISTA": null }, "geometry": { "type": "Point", "coordinates": [ -73.47064, 7.723112, 0.0 ] } },
{ "type": "Feature", "properties": { "FECHA": "18/10/2019 00:00:00 (UTC)", "DEPTO": null, "MUNICIPIO": "SABANA DE TORRES", "VEREDA": null, "GASODUCTO": "(BALLENAS-BARRANCA)", "TRAMO": "San Alberto - Barrancabermeja", "PK_INICIO": "518452", "TP_DUCTO": "Troncal", "DISTRITO": "1", "DIAMETRO": "(18)", "TRM_REG": null, "TP_EVENTO": "OTRO", "LONGITUD": 2.5, "PRIORIDAD": "Media", "AMENAZA": "Medio", "FX2": "20230905_FX2_C01_COR_S ALB-BARRAN_PK518+452_VA", "OBSERVACION_GEOTECNISTA": null }, "geometry": { "type": "Point", "coordinates": [ -73.603829, 7.540787, 0.0 ] } },
{ "type": "Feature", "properties": { "FECHA": "25/10/2019 00:00:00 (UTC)", "DEPTO": null, "MUNICIPIO": "Barrancabermeja", "VEREDA": null, "GASODUCTO": "(BALLENAS-BARRANCA)", "TRAMO": "San Alberto - Barrancabermeja", "PK_INICIO": "566326", "TP_DUCTO": "Troncal", "DISTRITO": "1", "DIAMETRO": "(18)", "TRM_REG": null, "TP_EVENTO": "CARCAVAS", "LONGITUD": 80.0, "PRIORIDAD": "Media", "AMENAZA": "Medio", "FX2": "20211013_FX2_C01_BB_S ALB-BARRAN_PK566+326_VB", "OBSERVACION_GEOTECNISTA": null }, "geometry": { "type": "Point", "coordinates": [ -73.813214, 7.17659, 0.0 ] } },
{ "type": "Feature", "properties": { "FECHA": "25/10/2019 00:00:00 (UTC)", "DEPTO": null, "MUNICIPIO": "BARRANCABERMEJA", "VEREDA": null, "GASODUCTO": "(BALLENAS-BARRANCA)", "TRAMO": "San Alberto - Barrancabermeja", "PK_INICIO": "567273", "TP_DUCTO": "Troncal", "DISTRITO": "1", "DIAMETRO": "(18)", "TRM_REG": null, "TP_EVENTO": "OTRO", "LONGITUD": 2.0, "PRIORIDAD": "Media", "AMENAZA": "Medio", "FX2": " ", "OBSERVACION_GEOTECNISTA": null }, "geometry": { "type": "Point", "coordinates": [ -73.815158, 7.168376, 0.0 ] } },
{ "type": "Feature", "properties": { "FECHA": "25/10/2019 00:00:00 (UTC)", "DEPTO": null, "MUNICIPIO": "Barrancabermeja", "VEREDA": null, "GASODUCTO": "(BALLENAS-BARRANCA)", "TRAMO": "San Alberto - Barrancabermeja", "PK_INICIO": "571229", "TP_DUCTO": "Troncal", "DISTRITO": "1", "DIAMETRO": "(18)", "TRM_REG": null, "TP_EVENTO": "CARCAVAS", "LONGITUD": 130.0, "PRIORIDAD": "Alta", "AMENAZA": "Extremo", "FX2": "20220614_FX2_C01_COR_S ALB-BARRAN_PK571+249_VB", "OBSERVACION_GEOTECNISTA": null }, "geometry": { "type": "Point", "coordinates": [ -73.829639, 7.136562, 0.0 ] } },
{ "type": "Feature", "properties": { "FECHA": "20/11/2020 00:00:00 (UTC)", "DEPTO": null, "MUNICIPIO": "Barrancabermeja", "VEREDA": null, "GASODUCTO": "(BALLENAS-BARRANCA)", "TRAMO": "San Alberto - Barrancabermeja", "PK_INICIO": "571348", "TP_DUCTO": "Troncal", "DISTRITO": "1", "DIAMETRO": "(18)", "TRM_REG": null, "TP_EVENTO": "SOCAVACIÓN LATERAL", "LONGITUD": 70.0, "PRIORIDAD": "Alta", "AMENAZA": "Extremo", "FX2": "20220614_FX2_C01_COR_S ALB-BARRAN_PK571+348_VC", "OBSERVACION_GEOTECNISTA": null }, "geometry": { "type": "Point", "coordinates": [ -73.830201, 7.135612, 0.0 ] } },
{ "type": "Feature", "properties": { "FECHA": "25/10/2019 00:00:00 (UTC)", "DEPTO": null, "MUNICIPIO": "Barrancabermeja", "VEREDA": null, "GASODUCTO": "(BALLENAS-BARRANCA)", "TRAMO": "San Alberto - Barrancabermeja", "PK_INICIO": "572128", "TP_DUCTO": "Troncal", "DISTRITO": "1", "DIAMETRO": "(18)", "TRM_REG": null, "TP_EVENTO": "REPTACION", "LONGITUD": 14.0, "PRIORIDAD": "Media", "AMENAZA": "Medio", "FX2": "20220614_FX2_C01_COR_S ALB-BARRAN_PK572+128_VB", "OBSERVACION_GEOTECNISTA": null }, "geometry": { "type": "Point", "coordinates": [ -73.834642, 7.13038, 0.0 ] } },
{ "type": "Feature", "properties": { "FECHA": "20/01/2020 00:00:00 (UTC)", "DEPTO": null, "MUNICIPIO": "PUENTE NACIONAL", "VEREDA": null, "GASODUCTO": "(CENTRO - ORIENTE)", "TRAMO": "Puente Guillermo - Sucre Oriental", "PK_INICIO": "6710", "TP_DUCTO": "Troncal", "DISTRITO": "3", "DIAMETRO": "(20)", "TRM_REG": null, "TP_EVENTO": "DESLIZAMIENTO TRASLACIONAL", "LONGITUD": 27.0, "PRIORIDAD": "Alta", "AMENAZA": "Medio", "FX2": "20210407_FX2_CO3_COR_PTE GUI-SUCREO_PK006+737_VB", "OBSERVACION_GEOTECNISTA": null }, "geometry": { "type": "Point", "coordinates": [ -73.72585, 5.77888, 0.0 ] } },
{ "type": "Feature", "properties": { "FECHA": "20/01/2020 00:00:00 (UTC)", "DEPTO": null, "MUNICIPIO": "PUENTE NACIONAL", "VEREDA": null, "GASODUCTO": "(CENTRO - ORIENTE)", "TRAMO": "Puente Guillermo - Sucre Oriental", "PK_INICIO": "6942", "TP_DUCTO": "Troncal", "DISTRITO": "3", "DIAMETRO": "(20)", "TRM_REG": null, "TP_EVENTO": "SOCAVACIÓN LATERAL", "LONGITUD": 9.0, "PRIORIDAD": "Alta", "AMENAZA": "Medio", "FX2": "20210407_FX2_CO3_COR_PTEGUI-SUCREO_PK006+942_VB", "OBSERVACION_GEOTECNISTA": null }, "geometry": { "type": "Point", "coordinates": [ -73.72858, 5.77812, 0.0 ] } },
{ "type": "Feature", "properties": { "FECHA": "21/01/2020 00:00:00 (UTC)", "DEPTO": null, "MUNICIPIO": "PUENTE NACIONAL", "VEREDA": null, "GASODUCTO": "(CENTRO - ORIENTE)", "TRAMO": "Puente Guillermo - Sucre Oriental", "PK_INICIO": "7744", "TP_DUCTO": "Troncal", "DISTRITO": "3", "DIAMETRO": "(20)", "TRM_REG": null, "TP_EVENTO": "REPTACION", "LONGITUD": 100.0, "PRIORIDAD": "Media", "AMENAZA": "Medio", "FX2": "20221011_FX2_C03_C0R_PTE GUI-SUCREO_PK007+744_VA", "OBSERVACION_GEOTECNISTA": null }, "geometry": { "type": "Point", "coordinates": [ -73.733545, 5.773996, 0.0 ] } },
{ "type": "Feature", "properties": { "FECHA": "21/01/2020 00:00:00 (UTC)", "DEPTO": null, "MUNICIPIO": "SABOYÁ", "VEREDA": null, "GASODUCTO": "(CENTRO - ORIENTE)", "TRAMO": "Puente Guillermo - Sucre Oriental", "PK_INICIO": "6200", "TP_DUCTO": "Troncal", "DISTRITO": "3", "DIAMETRO": "(20)", "TRM_REG": null, "TP_EVENTO": "REPTACION", "LONGITUD": 400.0, "PRIORIDAD": "Alta", "AMENAZA": "Extremo", "FX2": "20220722_FX2_C03_COR_PTE GUI-SUCREO_PK008+568 (PK6+526-PK6+300)_VC", "OBSERVACION_GEOTECNISTA": null }, "geometry": { "type": "Point", "coordinates": [ -73.736991, 5.772702, 0.0 ] } },
{ "type": "Feature", "properties": { "FECHA": "23/01/2020 00:00:00 (UTC)", "DEPTO": null, "MUNICIPIO": "SABOYÁ", "VEREDA": null, "GASODUCTO": "(CENTRO - ORIENTE)", "TRAMO": "Puente Guillermo - Sucre Oriental", "PK_INICIO": "18439", "TP_DUCTO": "Troncal", "DISTRITO": "3", "DIAMETRO": "(20)", "TRM_REG": null, "TP_EVENTO": "SOCAVACIÓN LATERAL", "LONGITUD": 3.8, "PRIORIDAD": "Baja", "AMENAZA": "Bajo", "FX2": "20230518_FX2_C03_COR_PTE GUI-SUCREO_PK018+439_VA", "OBSERVACION_GEOTECNISTA": null }, "geometry": { "type": "Point", "coordinates": [ -73.757895, 5.692964, 0.0 ] } },
{ "type": "Feature", "properties": { "FECHA": "20/07/2020 00:00:00 (UTC)", "DEPTO": null, "MUNICIPIO": "TUNUNGUÁ", "VEREDA": null, "GASODUCTO": "(CENTRO - ORIENTE)", "TRAMO": "PK 7+200 - PK 17+500", "PK_INICIO": "17332", "TP_DUCTO": "Troncal", "DISTRITO": "3", "DIAMETRO": "(22)", "TRM_REG": null, "TP_EVENTO": "CARCAVAS", "LONGITUD": 20.0, "PRIORIDAD": "Alta", "AMENAZA": "Alto", "FX2": "20210901_FX2_C03_COR_R-TUNUNGUA_PK017+332_VC", "OBSERVACION_GEOTECNISTA": null }, "geometry": { "type": "Point", "coordinates": [ -73.937567, 5.720702, 0.0 ] } },
{ "type": "Feature", "properties": { "FECHA": "19/09/2019 00:00:00 (UTC)", "DEPTO": null, "MUNICIPIO": "FLORIÁN", "VEREDA": null, "GASODUCTO": "(CENTRO - ORIENTE)", "TRAMO": "Florián", "PK_INICIO": "205", "TP_DUCTO": "Ramal", "DISTRITO": "3", "DIAMETRO": "3\"", "TRM_REG": null, "TP_EVENTO": "REPTACION", "LONGITUD": 30.0, "PRIORIDAD": "Media", "AMENAZA": "Medio", "FX2": "20220311_FX2_C03_COR_R-FLORIAN_PK000+205_VB", "OBSERVACION_GEOTECNISTA": null }, "geometry": { "type": "Point", "coordinates": [ -73.979183, 5.795867, 0.0 ] } },
{ "type": "Feature", "properties": { "FECHA": "30/11/2020 00:00:00 (UTC)", "DEPTO": null, "MUNICIPIO": "FLORIÁN", "VEREDA": null, "GASODUCTO": "(CENTRO - ORIENTE)", "TRAMO": "Florián", "PK_INICIO": "432", "TP_DUCTO": "Ramal", "DISTRITO": "3", "DIAMETRO": "3\"", "TRM_REG": null, "TP_EVENTO": "CARCAVAS", "LONGITUD": 2.0, "PRIORIDAD": "Alta", "AMENAZA": "Alto", "FX2": "20220125_FX2_C03_COR_R-FLORIAN_PK000+432_VA", "OBSERVACION_GEOTECNISTA": null }, "geometry": { "type": "Point", "coordinates": [ -73.9776, 5.797126, 0.0 ] } },
{ "type": "Feature", "properties": { "FECHA": "22/09/2019 00:00:00 (UTC)", "DEPTO": null, "MUNICIPIO": "TUNUNGUÁ", "VEREDA": null, "GASODUCTO": "(CENTRO - ORIENTE)", "TRAMO": "Albania", "PK_INICIO": "721", "TP_DUCTO": "Ramal", "DISTRITO": "3", "DIAMETRO": "3\"", "TRM_REG": null, "TP_EVENTO": "FLUJOS", "LONGITUD": 8.0, "PRIORIDAD": "Alta", "AMENAZA": "Extremo", "FX2": "20210901_FX2_C03_COR_R-ALBANIA_PK000+721_VC", "OBSERVACION_GEOTECNISTA": null }, "geometry": { "type": "Point", "coordinates": [ -73.924718, 5.733621, 0.0 ] } },
{ "type": "Feature", "properties": { "FECHA": "22/09/2019 00:00:00 (UTC)", "DEPTO": null, "MUNICIPIO": "TUNUNGUÁ", "VEREDA": null, "GASODUCTO": "(CENTRO - ORIENTE)", "TRAMO": "Albania", "PK_INICIO": "1340", "TP_DUCTO": "Ramal", "DISTRITO": "3", "DIAMETRO": "3\"", "TRM_REG": null, "TP_EVENTO": "CARCAVAS", "LONGITUD": 10.0, "PRIORIDAD": "Alta", "AMENAZA": "Alto", "FX2": "20210901_FX2_C03_COR_R-ALBANIA_PK001+340_VA", "OBSERVACION_GEOTECNISTA": null }, "geometry": { "type": "Point", "coordinates": [ -73.920838, 5.736903, 0.0 ] } },
{ "type": "Feature", "properties": { "FECHA": "15/10/2019 00:00:00 (UTC)", "DEPTO": null, "MUNICIPIO": "VILLA DE SAN DIEGO DE UBATÉ", "VEREDA": null, "GASODUCTO": "(CENTRO - ORIENTE)", "TRAMO": "Guatancuy", "PK_INICIO": "1411", "TP_DUCTO": "Ramal", "DISTRITO": "3", "DIAMETRO": "3\"", "TRM_REG": null, "TP_EVENTO": "OTRO", "LONGITUD": 40.0, "PRIORIDAD": "Alta", "AMENAZA": "Alto", "FX2": "20211202_FX2_C03_COR_R-GUATANC_PK001+411_VA", "OBSERVACION_GEOTECNISTA": null }, "geometry": { "type": "Point", "coordinates": [ -73.793942, 5.346663, 0.0 ] } },
{ "type": "Feature", "properties": { "FECHA": "14/07/2020 00:00:00 (UTC)", "DEPTO": null, "MUNICIPIO": "FLORIÁN", "VEREDA": null, "GASODUCTO": "(CENTRO - ORIENTE)", "TRAMO": "La Belleza - Pk 7+200", "PK_INICIO": "2801", "TP_DUCTO": "Troncal", "DISTRITO": "3", "DIAMETRO": "(22)", "TRM_REG": null, "TP_EVENTO": "DESLIZAMIENTO TRASLACIONAL", "LONGITUD": 20.0, "PRIORIDAD": "Alta", "AMENAZA": "Alto", "FX2": "20210520_FX2_C03_COR_BELL-7+200_PK002+801_VB", "OBSERVACION_GEOTECNISTA": null }, "geometry": { "type": "Point", "coordinates": [ -73.97883, 5.81792, 0.0 ] } },
{ "type": "Feature", "properties": { "FECHA": "21/10/2019 00:00:00 (UTC)", "DEPTO": null, "MUNICIPIO": "TAUSA", "VEREDA": null, "GASODUCTO": "(CENTRO - ORIENTE)", "TRAMO": "Tausa", "PK_INICIO": "2840", "TP_DUCTO": "Ramal", "DISTRITO": "3", "DIAMETRO": "3\"", "TRM_REG": null, "TP_EVENTO": "REPTACION", "LONGITUD": 40.0, "PRIORIDAD": "Baja", "AMENAZA": "Bajo", "FX2": "20231026_FX2_C03_COR_R-TAUSA_PK002+840_VA", "OBSERVACION_GEOTECNISTA": null }, "geometry": { "type": "Point", "coordinates": [ -73.892346, 5.194185, 0.0 ] } },
{ "type": "Feature", "properties": { "FECHA": "17/09/2019 00:00:00 (UTC)", "DEPTO": null, "MUNICIPIO": "FLORIÁN", "VEREDA": null, "GASODUCTO": "(CENTRO - ORIENTE)", "TRAMO": "La Belleza - Pk 7+200", "PK_INICIO": "2871", "TP_DUCTO": "Troncal", "DISTRITO": "3", "DIAMETRO": "(22)", "TRM_REG": null, "TP_EVENTO": "DESLIZAMIENTO TRASLACIONAL", "LONGITUD": 20.0, "PRIORIDAD": "Alta", "AMENAZA": "Alto", "FX2": "20210520_FX2_C03_COR_BELL-7+200_PK002+871_VB", "OBSERVACION_GEOTECNISTA": null }, "geometry": { "type": "Point", "coordinates": [ -73.97859, 5.81699, 0.0 ] } },
{ "type": "Feature", "properties": { "FECHA": "15/07/2020 00:00:00 (UTC)", "DEPTO": null, "MUNICIPIO": "FLORIÁN", "VEREDA": null, "GASODUCTO": "(CENTRO - ORIENTE)", "TRAMO": "La Belleza - Pk 7+200", "PK_INICIO": "3576", "TP_DUCTO": "Troncal", "DISTRITO": "3", "DIAMETRO": "(22)", "TRM_REG": null, "TP_EVENTO": "DESLIZAMIENTO TRASLACIONAL", "LONGITUD": 60.0, "PRIORIDAD": "Alta", "AMENAZA": "Extremo", "FX2": "20210520_FX2_C03_COR_BELL-7+200_PK003+576_VC", "OBSERVACION_GEOTECNISTA": null }, "geometry": { "type": "Point", "coordinates": [ -73.98306, 5.81155, 0.0 ] } },
{ "type": "Feature", "properties": { "FECHA": "18/07/2020 00:00:00 (UTC)", "DEPTO": null, "MUNICIPIO": "FLORIÁN", "VEREDA": null, "GASODUCTO": "(CENTRO - ORIENTE)", "TRAMO": "PK 7+200 - PK 17+500", "PK_INICIO": "9811", "TP_DUCTO": "Troncal", "DISTRITO": "3", "DIAMETRO": "(22)", "TRM_REG": null, "TP_EVENTO": "REPTACION", "LONGITUD": 20.0, "PRIORIDAD": "Media", "AMENAZA": "Medio", "FX2": "20220126_FX2_C03_COR_7+200-17+500_PK009+811_VA", "OBSERVACION_GEOTECNISTA": null }, "geometry": { "type": "Point", "coordinates": [ -73.965518, 5.764866, 0.0 ] } },
{ "type": "Feature", "properties": { "FECHA": "18/07/2020 00:00:00 (UTC)", "DEPTO": null, "MUNICIPIO": "FLORIÁN", "VEREDA": null, "GASODUCTO": "(CENTRO - ORIENTE)", "TRAMO": "PK 7+200 - PK 17+500", "PK_INICIO": "11091", "TP_DUCTO": "Troncal", "DISTRITO": "3", "DIAMETRO": "(22)", "TRM_REG": null, "TP_EVENTO": "SOCAVACIÓN DE FONDO", "LONGITUD": 50.0, "PRIORIDAD": "Alta", "AMENAZA": "Extremo", "FX2": "20220126_FX2_C03_COR_7+200-17+500_PK011+091_VA", "OBSERVACION_GEOTECNISTA": null }, "geometry": { "type": "Point", "coordinates": [ -73.965928, 5.754942, 0.0 ] } },
{ "type": "Feature", "properties": { "FECHA": "19/07/2020 00:00:00 (UTC)", "DEPTO": null, "MUNICIPIO": "TUNUNGUÁ", "VEREDA": null, "GASODUCTO": "(CENTRO - ORIENTE)", "TRAMO": "PK 7+200 - PK 17+500", "PK_INICIO": "13887", "TP_DUCTO": "Troncal", "DISTRITO": "3", "DIAMETRO": "(22)", "TRM_REG": null, "TP_EVENTO": "SOCAVACIÓN DE FONDO", "LONGITUD": 15.0, "PRIORIDAD": "Alta", "AMENAZA": "Extremo", "FX2": "20220127_FX2_C03_COR_7+200-17+500_PK013+898_VA", "OBSERVACION_GEOTECNISTA": null }, "geometry": { "type": "Point", "coordinates": [ -73.95948, 5.737719, 0.0 ] } },
{ "type": "Feature", "properties": { "FECHA": "19/07/2020 00:00:00 (UTC)", "DEPTO": null, "MUNICIPIO": "TUNUNGUÁ", "VEREDA": null, "GASODUCTO": "(CENTRO - ORIENTE)", "TRAMO": "PK 7+200 - PK 17+500", "PK_INICIO": "16362", "TP_DUCTO": "Troncal", "DISTRITO": "3", "DIAMETRO": "(22)", "TRM_REG": null, "TP_EVENTO": "SOCAVACIÓN LATERAL", "LONGITUD": 15.0, "PRIORIDAD": "Media", "AMENAZA": "Medio", "FX2": "20220310_FX2_C03_COR_7+200-17+500_PK016+368_VA", "OBSERVACION_GEOTECNISTA": null }, "geometry": { "type": "Point", "coordinates": [ -73.94377, 5.727, 0.0 ] } },
{ "type": "Feature", "properties": { "FECHA": "20/07/2020 00:00:00 (UTC)", "DEPTO": null, "MUNICIPIO": "BRICEÑO", "VEREDA": null, "GASODUCTO": "(CENTRO - ORIENTE)", "TRAMO": "PK 17+500 - Sucre Oriental", "PK_INICIO": "20119", "TP_DUCTO": "Troncal", "DISTRITO": "3", "DIAMETRO": "(22)", "TRM_REG": null, "TP_EVENTO": "SURCOS", "LONGITUD": 4.0, "PRIORIDAD": "Alta", "AMENAZA": "Alto", "FX2": "20210521_FX2_C03_COR_17+500-SUCREO_PK020+119_VB", "OBSERVACION_GEOTECNISTA": null }, "geometry": { "type": "Point", "coordinates": [ -73.92663, 5.70519, 0.0 ] } },
{ "type": "Feature", "properties": { "FECHA": "22/07/2020 00:00:00 (UTC)", "DEPTO": null, "MUNICIPIO": "BRICEÑO", "VEREDA": null, "GASODUCTO": "(CENTRO - ORIENTE)", "TRAMO": "PK 17+500 - Sucre Oriental", "PK_INICIO": "27363", "TP_DUCTO": "Troncal", "DISTRITO": "3", "DIAMETRO": "(22)", "TRM_REG": null, "TP_EVENTO": "SOCAVACIÓN LATERAL", "LONGITUD": 70.0, "PRIORIDAD": "Alta", "AMENAZA": "Extremo", "FX2": "20210617_FX2_C03_COR_17+500-SUCREO_PK027+374_VD", "OBSERVACION_GEOTECNISTA": null }, "geometry": { "type": "Point", "coordinates": [ -73.902086, 5.651924, 0.0 ] } },
{ "type": "Feature", "properties": { "FECHA": "22/07/2020 00:00:00 (UTC)", "DEPTO": null, "MUNICIPIO": "BRICEÑO", "VEREDA": null, "GASODUCTO": "(CENTRO - ORIENTE)", "TRAMO": "PK 17+500 - Sucre Oriental", "PK_INICIO": "28458", "TP_DUCTO": "Troncal", "DISTRITO": "3", "DIAMETRO": "(22)", "TRM_REG": null, "TP_EVENTO": "CARCAVAS", "LONGITUD": 11.0, "PRIORIDAD": "Media", "AMENAZA": "Medio", "FX2": "20231025_FX2_C03_COR_17+500-SUCREO_PK028+458_VA", "OBSERVACION_GEOTECNISTA": null }, "geometry": { "type": "Point", "coordinates": [ -73.896725, 5.644703, 0.0 ] } },
{ "type": "Feature", "properties": { "FECHA": "26/09/2019 00:00:00 (UTC)", "DEPTO": null, "MUNICIPIO": "BRICEÑO", "VEREDA": null, "GASODUCTO": "(CENTRO - ORIENTE)", "TRAMO": "PK 17+500 - Sucre Oriental", "PK_INICIO": "30643", "TP_DUCTO": "Troncal", "DISTRITO": "3", "DIAMETRO": "(22)", "TRM_REG": null, "TP_EVENTO": "REPTACION", "LONGITUD": 30.0, "PRIORIDAD": "Alta", "AMENAZA": "Extremo", "FX2": "20230316_FX2_C03_COR_17+500-SUCREO_PK030+643_VC", "OBSERVACION_GEOTECNISTA": null }, "geometry": { "type": "Point", "coordinates": [ -73.886954, 5.628796, 0.0 ] } },
{ "type": "Feature", "properties": { "FECHA": "28/02/2020 00:00:00 (UTC)", "DEPTO": null, "MUNICIPIO": "VILLA DE SAN DIEGO DE UBATÉ", "VEREDA": null, "GASODUCTO": "(CENTRO - ORIENTE)", "TRAMO": "Sucre Oriental - Cogua", "PK_INICIO": "72292", "TP_DUCTO": "Troncal", "DISTRITO": "3", "DIAMETRO": "(22)", "TRM_REG": null, "TP_EVENTO": "SOCAVACIÓN DE FONDO", "LONGITUD": 2.0, "PRIORIDAD": "Alta", "AMENAZA": "Alto", "FX2": "20211203_FX2_C03_COR_SUCREO-COG_PK072+294_VA", "OBSERVACION_GEOTECNISTA": null }, "geometry": { "type": "Point", "coordinates": [ -73.769921, 5.328311, 0.0 ] } },
{ "type": "Feature", "properties": { "FECHA": "3/03/2020 00:00:00 (UTC)", "DEPTO": null, "MUNICIPIO": "CUCUNUBÁ", "VEREDA": null, "GASODUCTO": "(CENTRO - ORIENTE)", "TRAMO": "Sucre Oriental - Cogua", "PK_INICIO": "90865", "TP_DUCTO": "Troncal", "DISTRITO": "3", "DIAMETRO": "(22)", "TRM_REG": null, "TP_EVENTO": "SURCOS", "LONGITUD": 40.0, "PRIORIDAD": "Media", "AMENAZA": "Medio", "FX2": "20230613_FX2_C03_COR_SUCREO-COG_PK090+865_VB", "OBSERVACION_GEOTECNISTA": null }, "geometry": { "type": "Point", "coordinates": [ -73.839363, 5.194458, 0.0 ] } },
{ "type": "Feature", "properties": { "FECHA": "5/03/2020 00:00:00 (UTC)", "DEPTO": null, "MUNICIPIO": "TAUSA", "VEREDA": null, "GASODUCTO": "(CENTRO - ORIENTE)", "TRAMO": "Sucre Oriental - Cogua", "PK_INICIO": "99721", "TP_DUCTO": "Troncal", "DISTRITO": "3", "DIAMETRO": "(22)", "TRM_REG": null, "TP_EVENTO": "FLUJOS", "LONGITUD": 60.0, "PRIORIDAD": "Alta", "AMENAZA": "Alto", "FX2": "20221012_FX2_C03_COR_SUCREO-COG_PK099+721_VA", "OBSERVACION_GEOTECNISTA": null }, "geometry": { "type": "Point", "coordinates": [ -73.909632, 5.15942, 0.0 ] } },
{ "type": "Feature", "properties": { "FECHA": "5/03/2020 00:00:00 (UTC)", "DEPTO": null, "MUNICIPIO": "TAUSA", "VEREDA": null, "GASODUCTO": "(CENTRO - ORIENTE)", "TRAMO": "Sucre Oriental - Cogua", "PK_INICIO": "101217", "TP_DUCTO": "Troncal", "DISTRITO": "3", "DIAMETRO": "(22)", "TRM_REG": null, "TP_EVENTO": "REPTACION", "LONGITUD": 253.0, "PRIORIDAD": "Alta", "AMENAZA": "Alto", "FX2": "20221011_FX2_C03_COR_SUCREO-COG_PK101+334_VB", "OBSERVACION_GEOTECNISTA": null }, "geometry": { "type": "Point", "coordinates": [ -73.9136, 5.147308, 0.0 ] } },
{ "type": "Feature", "properties": { "FECHA": "6/03/2020 00:00:00 (UTC)", "DEPTO": null, "MUNICIPIO": "COGUA", "VEREDA": null, "GASODUCTO": "(CENTRO - ORIENTE)", "TRAMO": "Sucre Oriental - Cogua", "PK_INICIO": "104794", "TP_DUCTO": "Troncal", "DISTRITO": "3", "DIAMETRO": "(22)", "TRM_REG": null, "TP_EVENTO": "SOCAVACIÓN LATERAL", "LONGITUD": 3.0, "PRIORIDAD": "Media", "AMENAZA": "Medio", "FX2": "20231026_FX2_C03_COR_SUCREO-COG_PK104+794_VA", "OBSERVACION_GEOTECNISTA": null }, "geometry": { "type": "Point", "coordinates": [ -73.920775, 5.117965, 0.0 ] } },
{ "type": "Feature", "properties": { "FECHA": "8/03/2020 00:00:00 (UTC)", "DEPTO": null, "MUNICIPIO": "COGUA", "VEREDA": null, "GASODUCTO": "(CENTRO - ORIENTE)", "TRAMO": "Sucre Oriental - Cogua", "PK_INICIO": "110158", "TP_DUCTO": "Troncal", "DISTRITO": "3", "DIAMETRO": "(22)", "TRM_REG": null, "TP_EVENTO": "SOCAVACIÓN DE FONDO", "LONGITUD": 8.0, "PRIORIDAD": "Alta", "AMENAZA": "Alto", "FX2": "20211203_FX2_C03_COR_SUCREO-COG_PK110+158_VA", "OBSERVACION_GEOTECNISTA": null }, "geometry": { "type": "Point", "coordinates": [ -73.933558, 5.079648, 0.0 ] } },
{ "type": "Feature", "properties": { "FECHA": "25/10/2019 00:00:00 (UTC)", "DEPTO": null, "MUNICIPIO": "YOPAL", "VEREDA": null, "GASODUCTO": "(MORICHAL - YOPAL)", "TRAMO": "Morichal - Yopal", "PK_INICIO": "10333", "TP_DUCTO": "Aislado", "DISTRITO": "4", "DIAMETRO": "6\"", "TRM_REG": null, "TP_EVENTO": "SOCAVACIÓN DE FONDO", "LONGITUD": 2.0, "PRIORIDAD": "Media", "AMENAZA": "Medio", "FX2": "20220908_FX2_C04_MYO_MORIC-YOP_PK010+333_VA", "OBSERVACION_GEOTECNISTA": null }, "geometry": { "type": "Point", "coordinates": [ -72.354163, 5.321826, 0.0 ] } },
{ "type": "Feature", "properties": { "FECHA": "21/10/2019 00:00:00 (UTC)", "DEPTO": null, "MUNICIPIO": "LÉRIDA", "VEREDA": null, "GASODUCTO": "(CENTRO - ORIENTE)", "TRAMO": "Líbano", "PK_INICIO": "4823", "TP_DUCTO": "Ramal", "DISTRITO": "2", "DIAMETRO": "4\"", "TRM_REG": null, "TP_EVENTO": "OTRO", "LONGITUD": 10.0, "PRIORIDAD": "Baja", "AMENAZA": "Bajo", "FX2": "20230725_FX2_C02_COR_R-LIBANO_PK004+823_VA", "OBSERVACION_GEOTECNISTA": null }, "geometry": { "type": "Point", "coordinates": [ -74.956088, 4.841915, 0.0 ] } },
{ "type": "Feature", "properties": { "FECHA": "18/10/2019 00:00:00 (UTC)", "DEPTO": null, "MUNICIPIO": "LÍBANO", "VEREDA": null, "GASODUCTO": "(CENTRO - ORIENTE)", "TRAMO": "Líbano", "PK_INICIO": "12095", "TP_DUCTO": "Ramal", "DISTRITO": "2", "DIAMETRO": "4\"", "TRM_REG": null, "TP_EVENTO": "OTRO", "LONGITUD": 3.0, "PRIORIDAD": "Baja", "AMENAZA": "Bajo", "FX2": "20210413_FX2_C02_COR_R-LIBANO_PK012+095_VB", "OBSERVACION_GEOTECNISTA": null }, "geometry": { "type": "Point", "coordinates": [ -75.000318, 4.865825, 0.0 ] } },
{ "type": "Feature", "properties": { "FECHA": "17/10/2019 00:00:00 (UTC)", "DEPTO": null, "MUNICIPIO": "LÍBANO", "VEREDA": null, "GASODUCTO": "(CENTRO - ORIENTE)", "TRAMO": "Líbano", "PK_INICIO": "14727", "TP_DUCTO": "Ramal", "DISTRITO": "2", "DIAMETRO": "4\"", "TRM_REG": null, "TP_EVENTO": "SOCAVACIÓN DE FONDO", "LONGITUD": 15.0, "PRIORIDAD": "Alta", "AMENAZA": "Extremo", "FX2": "20240814_FX2_C02_COR_R-LIBANO_PK014+727_VA", "OBSERVACION_GEOTECNISTA": null }, "geometry": { "type": "Point", "coordinates": [ -75.014818, 4.879016, 0.0 ] } },
{ "type": "Feature", "properties": { "FECHA": "23/11/2020 00:00:00 (UTC)", "DEPTO": null, "MUNICIPIO": "LÍBANO", "VEREDA": null, "GASODUCTO": "(CENTRO - ORIENTE)", "TRAMO": "Líbano", "PK_INICIO": "15091", "TP_DUCTO": "Ramal", "DISTRITO": "2", "DIAMETRO": "4\"", "TRM_REG": null, "TP_EVENTO": "SOCAVACIÓN DE FONDO", "LONGITUD": 3.0, "PRIORIDAD": "Alta", "AMENAZA": "Extremo", "FX2": "20210412_FX2_C02_COR_R-LIBANO_PK015+091_VB", "OBSERVACION_GEOTECNISTA": null }, "geometry": { "type": "Point", "coordinates": [ -75.015147, 4.881439, 0.0 ] } },
{ "type": "Feature", "properties": { "FECHA": "14/10/2019 00:00:00 (UTC)", "DEPTO": null, "MUNICIPIO": "LÍBANO", "VEREDA": null, "GASODUCTO": "(CENTRO - ORIENTE)", "TRAMO": "Líbano", "PK_INICIO": "18149", "TP_DUCTO": "Ramal", "DISTRITO": "2", "DIAMETRO": "4\"", "TRM_REG": null, "TP_EVENTO": "SURCOS", "LONGITUD": 2.0, "PRIORIDAD": "Baja", "AMENAZA": "Bajo", "FX2": "20210413_FX2_C02_COR_R-LIBANO_PK018+149_VA", "OBSERVACION_GEOTECNISTA": null }, "geometry": { "type": "Point", "coordinates": [ -75.029024, 4.900619, 0.0 ] } },
{ "type": "Feature", "properties": { "FECHA": "9/10/2019 00:00:00 (UTC)", "DEPTO": null, "MUNICIPIO": "SAN SEBASTIÁN DE MARIQUITA", "VEREDA": null, "GASODUCTO": "(CENTRO - ORIENTE)", "TRAMO": "Mariquita - Gualanday", "PK_INICIO": "303738", "TP_DUCTO": "Troncal", "DISTRITO": "2", "DIAMETRO": "10\"", "TRM_REG": null, "TP_EVENTO": "SOCAVACIÓN LATERAL", "LONGITUD": 15.0, "PRIORIDAD": "Alta", "AMENAZA": "Extremo", "FX2": "20240125_FX2_C02_COR_MAR-GUAL_PK303+738_VA", "OBSERVACION_GEOTECNISTA": null }, "geometry": { "type": "Point", "coordinates": [ -74.897043, 5.150931, 0.0 ] } },
{ "type": "Feature", "properties": { "FECHA": "9/10/2019 00:00:00 (UTC)", "DEPTO": null, "MUNICIPIO": "SAN SEBASTIÁN DE MARIQUITA", "VEREDA": null, "GASODUCTO": "(CENTRO - ORIENTE)", "TRAMO": "Mariquita - Gualanday", "PK_INICIO": "303903", "TP_DUCTO": "Troncal", "DISTRITO": "2", "DIAMETRO": "10\"", "TRM_REG": null, "TP_EVENTO": "SOCAVACIÓN LATERAL", "LONGITUD": 15.0, "PRIORIDAD": "Alta", "AMENAZA": "Extremo", "FX2": "20210414_FX2_C02_COR_MAR-GUAL_PK303+903 (PK303+506)_VB", "OBSERVACION_GEOTECNISTA": null }, "geometry": { "type": "Point", "coordinates": [ -74.897898, 5.149894, 0.0 ] } },
{ "type": "Feature", "properties": { "FECHA": "9/10/2019 00:00:00 (UTC)", "DEPTO": null, "MUNICIPIO": "SAN SEBASTIÁN DE MARIQUITA", "VEREDA": null, "GASODUCTO": "(CENTRO - ORIENTE)", "TRAMO": "Mariquita - Gualanday", "PK_INICIO": "304163", "TP_DUCTO": "Troncal", "DISTRITO": "2", "DIAMETRO": "10\"", "TRM_REG": null, "TP_EVENTO": "CARCAVAS", "LONGITUD": 7.0, "PRIORIDAD": "Alta", "AMENAZA": "Alto", "FX2": "20240125_FX2_C02_COR_MAR-GUAL_PK304+163_VA", "OBSERVACION_GEOTECNISTA": null }, "geometry": { "type": "Point", "coordinates": [ -74.897707, 5.147636, 0.0 ] } },
{ "type": "Feature", "properties": { "FECHA": "12/10/2019 00:00:00 (UTC)", "DEPTO": null, "MUNICIPIO": "ARMERO", "VEREDA": null, "GASODUCTO": "(CENTRO - ORIENTE)", "TRAMO": "Mariquita - Gualanday", "PK_INICIO": "319406", "TP_DUCTO": "Troncal", "DISTRITO": "2", "DIAMETRO": "10\"", "TRM_REG": null, "TP_EVENTO": "SOCAVACIÓN LATERAL", "LONGITUD": 10.0, "PRIORIDAD": "Alta", "AMENAZA": "Alto", "FX2": "20230922_FX2_C02_COR_MAR-GUAL_PK319+406_VB", "OBSERVACION_GEOTECNISTA": null }, "geometry": { "type": "Point", "coordinates": [ -74.895428, 5.023335, 0.0 ] } },
{ "type": "Feature", "properties": { "FECHA": "6/11/2019 00:00:00 (UTC)", "DEPTO": null, "MUNICIPIO": "ALVARADO", "VEREDA": null, "GASODUCTO": "(CENTRO - ORIENTE)", "TRAMO": "Mariquita - Gualanday", "PK_INICIO": "365508", "TP_DUCTO": "Troncal", "DISTRITO": "2", "DIAMETRO": "10\"", "TRM_REG": null, "TP_EVENTO": "SOCAVACIÓN DE FONDO", "LONGITUD": 3.0, "PRIORIDAD": "Alta", "AMENAZA": "Alto", "FX2": "20210818_FX2_C02_COR_MAR-GUAL_PK365+508_VA", "OBSERVACION_GEOTECNISTA": null }, "geometry": { "type": "Point", "coordinates": [ -74.935715, 4.638702, 0.0 ] } },
{ "type": "Feature", "properties": { "FECHA": "8/11/2019 00:00:00 (UTC)", "DEPTO": null, "MUNICIPIO": "ALVARADO", "VEREDA": null, "GASODUCTO": "(CENTRO - ORIENTE)", "TRAMO": "Mariquita - Gualanday", "PK_INICIO": "374400", "TP_DUCTO": "Troncal", "DISTRITO": "2", "DIAMETRO": "10\"", "TRM_REG": null, "TP_EVENTO": "SOCAVACIÓN DE FONDO", "LONGITUD": 1.8, "PRIORIDAD": "Alta", "AMENAZA": "Alto", "FX2": "20210818_FX2_C02_COR_MAR-GUAL_PK374+400_VA", "OBSERVACION_GEOTECNISTA": null }, "geometry": { "type": "Point", "coordinates": [ -74.947583, 4.567261, 0.0 ] } },
{ "type": "Feature", "properties": { "FECHA": "18/11/2019 00:00:00 (UTC)", "DEPTO": null, "MUNICIPIO": "PIEDRAS", "VEREDA": null, "GASODUCTO": "(CENTRO - ORIENTE)", "TRAMO": "Mariquita - Gualanday", "PK_INICIO": "393592", "TP_DUCTO": "Troncal", "DISTRITO": "2", "DIAMETRO": "10\"", "TRM_REG": null, "TP_EVENTO": "CARCAVAS", "LONGITUD": 5.0, "PRIORIDAD": "Alta", "AMENAZA": "Alto", "FX2": "20230921_FX2_C02_COR_MAR-GUAL_PK393+592_VA", "OBSERVACION_GEOTECNISTA": null }, "geometry": { "type": "Point", "coordinates": [ -75.013052, 4.419628, 0.0 ] } },
{ "type": "Feature", "properties": { "FECHA": "28/09/2019 00:00:00 (UTC)", "DEPTO": null, "MUNICIPIO": "SAN SEBASTIÁN DE MARIQUITA", "VEREDA": null, "GASODUCTO": "(CENTRO - ORIENTE)", "TRAMO": "Puerto Salgar - Mariquita", "PK_INICIO": "284500", "TP_DUCTO": "Troncal", "DISTRITO": "2", "DIAMETRO": "(20)", "TRM_REG": null, "TP_EVENTO": "CARCAVAS", "LONGITUD": 6.0, "PRIORIDAD": "Alta", "AMENAZA": "Alto", "FX2": " 20210929_FX2_C01_COR_PTO SALG-MAR_PK284+500_VA", "OBSERVACION_GEOTECNISTA": null }, "geometry": { "type": "Point", "coordinates": [ -74.845634, 5.299777, 0.0 ] } },
{ "type": "Feature", "properties": { "FECHA": "29/09/2019 00:00:00 (UTC)", "DEPTO": null, "MUNICIPIO": "SAN SEBASTIÁN DE MARIQUITA", "VEREDA": null, "GASODUCTO": "(CENTRO - ORIENTE)", "TRAMO": "Puerto Salgar - Mariquita", "PK_INICIO": "285927", "TP_DUCTO": "Troncal", "DISTRITO": "2", "DIAMETRO": "(20)", "TRM_REG": null, "TP_EVENTO": "SOCAVACIÓN DE FONDO", "LONGITUD": 12.4, "PRIORIDAD": "Media", "AMENAZA": "Medio", "FX2": "20221116_FX2_C01_COR_PTO SALG-MAR_PK285+927_VA", "OBSERVACION_GEOTECNISTA": null }, "geometry": { "type": "Point", "coordinates": [ -74.843198, 5.287671, 0.0 ] } },
{ "type": "Feature", "properties": { "FECHA": "21/10/2019 00:00:00 (UTC)", "DEPTO": null, "MUNICIPIO": "CÁQUEZA", "VEREDA": null, "GASODUCTO": "(CUSIANA - APIAY - USME)", "TRAMO": "Cáqueza", "PK_INICIO": "1304", "TP_DUCTO": "Ramal", "DISTRITO": "4", "DIAMETRO": "3\"", "TRM_REG": null, "TP_EVENTO": "DESLIZAMIENTO ROTACIONAL", "LONGITUD": 20.0, "PRIORIDAD": "Alta", "AMENAZA": "Alto", "FX2": "20220617_FX2_C06_CAU_R-CAQUEZA_PK001+304_VB", "OBSERVACION_GEOTECNISTA": null }, "geometry": { "type": "Point", "coordinates": [ -73.946921, 4.369683, 0.0 ] } },
{ "type": "Feature", "properties": { "FECHA": "12/02/2020 00:00:00 (UTC)", "DEPTO": null, "MUNICIPIO": "CHIPAQUE", "VEREDA": null, "GASODUCTO": "(CUSIANA - APIAY - USME)", "TRAMO": "Chipaque", "PK_INICIO": "2076", "TP_DUCTO": "Ramal", "DISTRITO": "4", "DIAMETRO": "3\"", "TRM_REG": null, "TP_EVENTO": "OTRO", "LONGITUD": 50.0, "PRIORIDAD": "Alta", "AMENAZA": "Alto", "FX2": "20221101_FX2_C06_CAU_R-CHIPAQUE_PK002+088_VB", "OBSERVACION_GEOTECNISTA": null }, "geometry": { "type": "Point", "coordinates": [ -74.055443, 4.446927, 0.0 ] } },
{ "type": "Feature", "properties": { "FECHA": "28/01/2020 00:00:00 (UTC)", "DEPTO": null, "MUNICIPIO": "VILLAVICENCIO", "VEREDA": null, "GASODUCTO": "(CUSIANA - APIAY - USME)", "TRAMO": "Villavicencio - Usme", "PK_INICIO": "37606", "TP_DUCTO": "Troncal", "DISTRITO": "4", "DIAMETRO": "10\"", "TRM_REG": null, "TP_EVENTO": "SURCOS", "LONGITUD": 10.0, "PRIORIDAD": "Media", "AMENAZA": "Medio", "FX2": "20210525_FX2_C06_CAU_VILLAV-USME_PK037+606_VB", "OBSERVACION_GEOTECNISTA": null }, "geometry": { "type": "Point", "coordinates": [ -73.679771, 4.134474, 0.0 ] } },
{ "type": "Feature", "properties": { "FECHA": "27/01/2020 00:00:00 (UTC)", "DEPTO": null, "MUNICIPIO": "VILLAVICENCIO", "VEREDA": null, "GASODUCTO": "(CUSIANA - APIAY - USME)", "TRAMO": "Villavicencio - Usme", "PK_INICIO": "40572", "TP_DUCTO": "Troncal", "DISTRITO": "4", "DIAMETRO": "10\"", "TRM_REG": null, "TP_EVENTO": "SOCAVACIÓN DE FONDO", "LONGITUD": 1.0, "PRIORIDAD": "Alta", "AMENAZA": "Extremo", "FX2": "20240229_FX2_C06_CAU_VILLAV-USME_PK040+572_VB", "OBSERVACION_GEOTECNISTA": null }, "geometry": { "type": "Point", "coordinates": [ -73.700006, 4.129259, 0.0 ] } },
{ "type": "Feature", "properties": { "FECHA": "27/01/2020 00:00:00 (UTC)", "DEPTO": null, "MUNICIPIO": "VILLAVICENCIO", "VEREDA": null, "GASODUCTO": "(CUSIANA - APIAY - USME)", "TRAMO": "Villavicencio - Usme", "PK_INICIO": "41416", "TP_DUCTO": "Troncal", "DISTRITO": "4", "DIAMETRO": "10\"", "TRM_REG": null, "TP_EVENTO": "CARCAVAS", "LONGITUD": 20.0, "PRIORIDAD": "Alta", "AMENAZA": "Alto", "FX2": "20210617_FX2_C06_CAU_VILLAV-USME_PK041+416_VD", "OBSERVACION_GEOTECNISTA": null }, "geometry": { "type": "Point", "coordinates": [ -73.705115, 4.13349, 0.0 ] } },
{ "type": "Feature", "properties": { "FECHA": "1/02/2020 00:00:00 (UTC)", "DEPTO": null, "MUNICIPIO": "GUAYABETAL", "VEREDA": null, "GASODUCTO": "(CUSIANA - APIAY - USME)", "TRAMO": "Villavicencio - Usme", "PK_INICIO": "63026", "TP_DUCTO": "Troncal", "DISTRITO": "4", "DIAMETRO": "10\"", "TRM_REG": null, "TP_EVENTO": "OTRO", "LONGITUD": 1.0, "PRIORIDAD": "Alta", "AMENAZA": "Alto", "FX2": "20221205_FX2_C06_CAU_VILLAV-USME_PK063+026_VB", "OBSERVACION_GEOTECNISTA": null }, "geometry": { "type": "Point", "coordinates": [ -73.816203, 4.20983, 0.0 ] } },
{ "type": "Feature", "properties": { "FECHA": "4/02/2020 00:00:00 (UTC)", "DEPTO": null, "MUNICIPIO": "QUETAME", "VEREDA": null, "GASODUCTO": "(CUSIANA - APIAY - USME)", "TRAMO": "Villavicencio - Usme", "PK_INICIO": "74294", "TP_DUCTO": "Troncal", "DISTRITO": "4", "DIAMETRO": "10\"", "TRM_REG": null, "TP_EVENTO": "SOCAVACIÓN DE FONDO", "LONGITUD": 40.0, "PRIORIDAD": "Alta", "AMENAZA": "Extremo", "FX2": "20240618_FX2_C06_CAU_VILLAV-USME_PK074+294-CA_VA", "OBSERVACION_GEOTECNISTA": null }, "geometry": { "type": "Point", "coordinates": [ -73.864392, 4.286182, 0.0 ] } },
{ "type": "Feature", "properties": { "FECHA": "3/02/2020 00:00:00 (UTC)", "DEPTO": null, "MUNICIPIO": "QUETAME", "VEREDA": null, "GASODUCTO": "(CUSIANA - APIAY - USME)", "TRAMO": "Villavicencio - Usme", "PK_INICIO": "76379", "TP_DUCTO": "Troncal", "DISTRITO": "4", "DIAMETRO": "10\"", "TRM_REG": null, "TP_EVENTO": "SOCAVACIÓN LATERAL", "LONGITUD": 8.0, "PRIORIDAD": "Media", "AMENAZA": "Medio", "FX2": "20230919_FX2_C06_CAU_VILLAV-USME_PK076+379_VA", "OBSERVACION_GEOTECNISTA": null }, "geometry": { "type": "Point", "coordinates": [ -73.865638, 4.301864, 0.0 ] } },
{ "type": "Feature", "properties": { "FECHA": "6/02/2020 00:00:00 (UTC)", "DEPTO": null, "MUNICIPIO": "FOSCA", "VEREDA": null, "GASODUCTO": "(CUSIANA - APIAY - USME)", "TRAMO": "Villavicencio - Usme", "PK_INICIO": "85219", "TP_DUCTO": "Troncal", "DISTRITO": "4", "DIAMETRO": "10\"", "TRM_REG": null, "TP_EVENTO": "OTRO", "LONGITUD": 5.0, "PRIORIDAD": "Alta", "AMENAZA": "Extremo", "FX2": "20220616_FX2_C06_CAUS_VILLAV-USME_PK085+219_VB", "OBSERVACION_GEOTECNISTA": null }, "geometry": { "type": "Point", "coordinates": [ -73.911794, 4.336577, 0.0 ] } },
{ "type": "Feature", "properties": { "FECHA": "6/02/2020 00:00:00 (UTC)", "DEPTO": null, "MUNICIPIO": "FOSCA", "VEREDA": null, "GASODUCTO": "(CUSIANA - APIAY - USME)", "TRAMO": "Villavicencio - Usme", "PK_INICIO": "85889", "TP_DUCTO": "Troncal", "DISTRITO": "4", "DIAMETRO": "10\"", "TRM_REG": null, "TP_EVENTO": "SOCAVACIÓN DE FONDO", "LONGITUD": 12.0, "PRIORIDAD": "Media", "AMENAZA": "Medio", "FX2": "20240311_FX2_C06_CAU_VILLAV-USME_PK085+915_VB", "OBSERVACION_GEOTECNISTA": null }, "geometry": { "type": "Point", "coordinates": [ -73.914635, 4.34191, 0.0 ] } },
{ "type": "Feature", "properties": { "FECHA": "6/02/2020 00:00:00 (UTC)", "DEPTO": null, "MUNICIPIO": "FOSCA", "VEREDA": null, "GASODUCTO": "(CUSIANA - APIAY - USME)", "TRAMO": "Villavicencio - Usme", "PK_INICIO": "87354", "TP_DUCTO": "Troncal", "DISTRITO": "4", "DIAMETRO": "10\"", "TRM_REG": null, "TP_EVENTO": "FLUJOS", "LONGITUD": 30.0, "PRIORIDAD": "Media", "AMENAZA": "Medio", "FX2": "20240312_FX2_C06_CAU_VILLAV-USME_PK087+354_VB", "OBSERVACION_GEOTECNISTA": null }, "geometry": { "type": "Point", "coordinates": [ -73.92012, 4.350409, 0.0 ] } },
{ "type": "Feature", "properties": { "FECHA": "10/02/2020 00:00:00 (UTC)", "DEPTO": null, "MUNICIPIO": "CÁQUEZA", "VEREDA": null, "GASODUCTO": "(CUSIANA - APIAY - USME)", "TRAMO": "Villavicencio - Usme", "PK_INICIO": "98542", "TP_DUCTO": "Troncal", "DISTRITO": "4", "DIAMETRO": "10\"", "TRM_REG": null, "TP_EVENTO": "OTRO", "LONGITUD": 150.0, "PRIORIDAD": "Media", "AMENAZA": "Medio", "FX2": "20221205_FX2_C06_CAUS_VILLAV-USME_PK098+712_VA", "OBSERVACION_GEOTECNISTA": null }, "geometry": { "type": "Point", "coordinates": [ -73.982106, 4.387665, 0.0 ] } },
{ "type": "Feature", "properties": { "FECHA": "11/02/2020 00:00:00 (UTC)", "DEPTO": null, "MUNICIPIO": "UNE", "VEREDA": null, "GASODUCTO": "(CUSIANA - APIAY - USME)", "TRAMO": "Villavicencio - Usme", "PK_INICIO": "104289", "TP_DUCTO": "Troncal", "DISTRITO": "4", "DIAMETRO": "10\"", "TRM_REG": null, "TP_EVENTO": "SOCAVACIÓN LATERAL", "LONGITUD": 2.0, "PRIORIDAD": "Alta", "AMENAZA": "Extremo", "FX2": "20230217_FX2_C06_CAU_VILLAV-USME_PK104+289_VB", "OBSERVACION_GEOTECNISTA": null }, "geometry": { "type": "Point", "coordinates": [ -74.018891, 4.399021, 0.0 ] } },
{ "type": "Feature", "properties": { "FECHA": "14/02/2020 00:00:00 (UTC)", "DEPTO": null, "MUNICIPIO": "CHIPAQUE", "VEREDA": null, "GASODUCTO": "(CUSIANA - APIAY - USME)", "TRAMO": "Villavicencio - Usme", "PK_INICIO": "114369", "TP_DUCTO": "Troncal", "DISTRITO": "4", "DIAMETRO": "10\"", "TRM_REG": null, "TP_EVENTO": "DESLIZAMIENTO TRASLACIONAL", "LONGITUD": 60.0, "PRIORIDAD": "Media", "AMENAZA": "Medio", "FX2": "20240411_FX2_C06_CAU_VILLAV-USME_PK114+369_VC", "OBSERVACION_GEOTECNISTA": null }, "geometry": { "type": "Point", "coordinates": [ -74.073865, 4.431237, 0.0 ] } },
{ "type": "Feature", "properties": { "FECHA": "28/08/2020 00:00:00 (UTC)", "DEPTO": null, "MUNICIPIO": "SAN VICENTE DE CHUCURÍ", "VEREDA": null, "GASODUCTO": "(SUR DE BOLIVAR)", "TRAMO": "San Vicente - Playa Roja", "PK_INICIO": "446", "TP_DUCTO": "Aislado", "DISTRITO": "1", "DIAMETRO": "3\"", "TRM_REG": null, "TP_EVENTO": "SURCOS", "LONGITUD": 10.0, "PRIORIDAD": "Alta", "AMENAZA": "Extremo", "FX2": "20210727_FX2_C01_SBO_S VIC-PLAYA R_PK000+446_VA", "OBSERVACION_GEOTECNISTA": null }, "geometry": { "type": "Point", "coordinates": [ -73.59457, 6.89575, 0.0 ] } },
{ "type": "Feature", "properties": { "FECHA": "28/08/2020 00:00:00 (UTC)", "DEPTO": null, "MUNICIPIO": "SAN VICENTE DE CHUCURÍ", "VEREDA": null, "GASODUCTO": "(SUR DE BOLIVAR)", "TRAMO": "San Vicente - Playa Roja", "PK_INICIO": "594", "TP_DUCTO": "Aislado", "DISTRITO": "1", "DIAMETRO": "3\"", "TRM_REG": null, "TP_EVENTO": "FLUJOS", "LONGITUD": 30.0, "PRIORIDAD": "Alta", "AMENAZA": "Alto", "FX2": "20220214_FX2_C01_SBO_S VIC-PLAYA R_PK000+594_VA", "OBSERVACION_GEOTECNISTA": null }, "geometry": { "type": "Point", "coordinates": [ -73.593226, 6.895733, 0.0 ] } },
{ "type": "Feature", "properties": { "FECHA": "28/08/2020 00:00:00 (UTC)", "DEPTO": null, "MUNICIPIO": "SAN VICENTE DE CHUCURÍ", "VEREDA": null, "GASODUCTO": "(SUR DE BOLIVAR)", "TRAMO": "San Vicente - Playa Roja", "PK_INICIO": "929", "TP_DUCTO": "Aislado", "DISTRITO": "1", "DIAMETRO": "3\"", "TRM_REG": null, "TP_EVENTO": "SURCOS", "LONGITUD": 10.0, "PRIORIDAD": "Baja", "AMENAZA": "Bajo", "FX2": "20220214_FX2_C01_SBO_S VIC-PLAYA R_PK000+929_VA", "OBSERVACION_GEOTECNISTA": null }, "geometry": { "type": "Point", "coordinates": [ -73.591606, 6.893194, 0.0 ] } },
{ "type": "Feature", "properties": { "FECHA": "2/08/2020 00:00:00 (UTC)", "DEPTO": null, "MUNICIPIO": "SAN VICENTE DE CHUCURÍ", "VEREDA": null, "GASODUCTO": "(SUR DE BOLIVAR)", "TRAMO": "San Vicente - Playa Roja", "PK_INICIO": "3726", "TP_DUCTO": "Aislado", "DISTRITO": "1", "DIAMETRO": "3\"", "TRM_REG": null, "TP_EVENTO": "SURCOS", "LONGITUD": 10.0, "PRIORIDAD": "Alta", "AMENAZA": "Extremo", "FX2": "20210727_FX2_C01_SBO_S VIC-PLAYA R_PK003+746_VA", "OBSERVACION_GEOTECNISTA": null }, "geometry": { "type": "Point", "coordinates": [ -73.567739, 6.891318, 0.0 ] } },
{ "type": "Feature", "properties": { "FECHA": "3/08/2020 00:00:00 (UTC)", "DEPTO": null, "MUNICIPIO": "SAN VICENTE DE CHUCURÍ", "VEREDA": null, "GASODUCTO": "(SUR DE BOLIVAR)", "TRAMO": "San Vicente - Playa Roja", "PK_INICIO": "5334", "TP_DUCTO": "Aislado", "DISTRITO": "1", "DIAMETRO": "3\"", "TRM_REG": null, "TP_EVENTO": "SOCAVACIÓN DE FONDO", "LONGITUD": 4.0, "PRIORIDAD": "Alta", "AMENAZA": "Alto", "FX2": "20220214_FX2_C01_SBO_S VIC-PLAYA R_PK005+334_VA", "OBSERVACION_GEOTECNISTA": null }, "geometry": { "type": "Point", "coordinates": [ -73.554605, 6.894818, 0.0 ] } },
{ "type": "Feature", "properties": { "FECHA": "3/08/2020 00:00:00 (UTC)", "DEPTO": null, "MUNICIPIO": "SAN VICENTE DE CHUCURÍ", "VEREDA": null, "GASODUCTO": "(SUR DE BOLIVAR)", "TRAMO": "San Vicente - Playa Roja", "PK_INICIO": "7465", "TP_DUCTO": "Aislado", "DISTRITO": "1", "DIAMETRO": "3\"", "TRM_REG": null, "TP_EVENTO": "CARCAVAS", "LONGITUD": 10.0, "PRIORIDAD": "Alta", "AMENAZA": "Alto", "FX2": "20221026_FX2_C01_SBO_S VIC-PLAYA R_PK007+465_VA", "OBSERVACION_GEOTECNISTA": null }, "geometry": { "type": "Point", "coordinates": [ -73.540739, 6.888922, 0.0 ] } },
{ "type": "Feature", "properties": { "FECHA": "28/08/2020 00:00:00 (UTC)", "DEPTO": null, "MUNICIPIO": "SAN VICENTE DE CHUCURÍ", "VEREDA": null, "GASODUCTO": "(SUR DE BOLIVAR)", "TRAMO": "San Vicente - Playa Roja", "PK_INICIO": "8501", "TP_DUCTO": "Aislado", "DISTRITO": "1", "DIAMETRO": "3\"", "TRM_REG": null, "TP_EVENTO": "CARCAVAS", "LONGITUD": 10.0, "PRIORIDAD": "Alta", "AMENAZA": "Alto", "FX2": "20220215_FX2_C01_SBO_S VIC-PLAYA R_PK008+501_VB", "OBSERVACION_GEOTECNISTA": null }, "geometry": { "type": "Point", "coordinates": [ -73.533702, 6.884091, 0.0 ] } },
{ "type": "Feature", "properties": { "FECHA": "4/08/2020 00:00:00 (UTC)", "DEPTO": null, "MUNICIPIO": "SAN VICENTE DE CHUCURÍ", "VEREDA": null, "GASODUCTO": "(SUR DE BOLIVAR)", "TRAMO": "San Vicente - Playa Roja", "PK_INICIO": "9870", "TP_DUCTO": "Aislado", "DISTRITO": "1", "DIAMETRO": "3\"", "TRM_REG": null, "TP_EVENTO": "SOCAVACIÓN DE FONDO", "LONGITUD": 6.0, "PRIORIDAD": "Alta", "AMENAZA": "Extremo", "FX2": "20220215_FX2_C01_SBO_S VIC-PLAYA R_PK009+870_VB", "OBSERVACION_GEOTECNISTA": null }, "geometry": { "type": "Point", "coordinates": [ -73.521449, 6.883897, 0.0 ] } },
{ "type": "Feature", "properties": { "FECHA": "4/08/2020 00:00:00 (UTC)", "DEPTO": null, "MUNICIPIO": "SAN VICENTE DE CHUCHURÍ", "VEREDA": null, "GASODUCTO": "(SUR DE BOLIVAR)", "TRAMO": "San Vicente - Playa Roja", "PK_INICIO": "10102", "TP_DUCTO": "Aislado", "DISTRITO": "1", "DIAMETRO": "3\"", "TRM_REG": null, "TP_EVENTO": "FLUJOS", "LONGITUD": 54.8, "PRIORIDAD": "Alta", "AMENAZA": "Extremo", "FX2": "20210728_FX2_C01_SBO_S VIC-PLAYA R_PK010+102_VC.xlsx", "OBSERVACION_GEOTECNISTA": null }, "geometry": { "type": "Point", "coordinates": [ -73.519531, 6.883126, 0.0 ] } },
{ "type": "Feature", "properties": { "FECHA": "4/08/2020 00:00:00 (UTC)", "DEPTO": null, "MUNICIPIO": "SAN VICENTE DE CHUCURÍ", "VEREDA": null, "GASODUCTO": "(SUR DE BOLIVAR)", "TRAMO": "San Vicente - Playa Roja", "PK_INICIO": "10251", "TP_DUCTO": "Aislado", "DISTRITO": "1", "DIAMETRO": "3\"", "TRM_REG": null, "TP_EVENTO": "SURCOS", "LONGITUD": 8.0, "PRIORIDAD": "Alta", "AMENAZA": "Extremo", "FX2": "20210728_FX2_C01_SBO_S VIC-PLAYA R_PK010+251_VA", "OBSERVACION_GEOTECNISTA": null }, "geometry": { "type": "Point", "coordinates": [ -73.51864, 6.88213, 0.0 ] } },
{ "type": "Feature", "properties": { "FECHA": "4/08/2020 00:00:00 (UTC)", "DEPTO": null, "MUNICIPIO": "SAN VICENTE DE CHUCURÍ", "VEREDA": null, "GASODUCTO": "(SUR DE BOLIVAR)", "TRAMO": "San Vicente - Playa Roja", "PK_INICIO": "10666", "TP_DUCTO": "Aislado", "DISTRITO": "1", "DIAMETRO": "3\"", "TRM_REG": null, "TP_EVENTO": "REPTACION", "LONGITUD": 302.0, "PRIORIDAD": "Alta", "AMENAZA": "Alto", "FX2": "20221026_FX2_C01_SBO_S VIC-PLAYA R_PK010+666_VB", "OBSERVACION_GEOTECNISTA": null }, "geometry": { "type": "Point", "coordinates": [ -73.515962, 6.879508, 0.0 ] } },
{ "type": "Feature", "properties": { "FECHA": "4/08/2020 00:00:00 (UTC)", "DEPTO": null, "MUNICIPIO": "SAN VICENTE DE CHUCURÍ", "VEREDA": null, "GASODUCTO": "(SUR DE BOLIVAR)", "TRAMO": "San Vicente - Playa Roja", "PK_INICIO": "11308", "TP_DUCTO": "Aislado", "DISTRITO": "1", "DIAMETRO": "3\"", "TRM_REG": null, "TP_EVENTO": "SOCAVACIÓN LATERAL", "LONGITUD": 20.0, "PRIORIDAD": "Alta", "AMENAZA": "Alto", "FX2": "20220215_FX2_C01_SBO_S VIC-PLAYA R_PK011+308_VA", "OBSERVACION_GEOTECNISTA": null }, "geometry": { "type": "Point", "coordinates": [ -73.511123, 6.877916, 0.0 ] } },
{ "type": "Feature", "properties": { "FECHA": "16/11/2019 00:00:00 (UTC)", "DEPTO": null, "MUNICIPIO": "SAN VICENTE DE CHUCURÍ", "VEREDA": null, "GASODUCTO": "(SUR DE BOLIVAR)", "TRAMO": "San Vicente - Playa Roja", "PK_INICIO": "11379", "TP_DUCTO": "Aislado", "DISTRITO": "1", "DIAMETRO": "3\"", "TRM_REG": null, "TP_EVENTO": "SOCAVACIÓN LATERAL", "LONGITUD": 10.0, "PRIORIDAD": "Media", "AMENAZA": "Medio", "FX2": "20220215_FX2_C01_SBO_S VIC-PLAYA R_PK011+379_VA", "OBSERVACION_GEOTECNISTA": null }, "geometry": { "type": "Point", "coordinates": [ -73.51051, 6.878087, 0.0 ] } },
{ "type": "Feature", "properties": { "FECHA": "4/08/2020 00:00:00 (UTC)", "DEPTO": null, "MUNICIPIO": "SAN VICENTE DE CHUCURÍ", "VEREDA": null, "GASODUCTO": "(SUR DE BOLIVAR)", "TRAMO": "San Vicente - Playa Roja", "PK_INICIO": "12503", "TP_DUCTO": "Aislado", "DISTRITO": "1", "DIAMETRO": "3\"", "TRM_REG": null, "TP_EVENTO": "OTRO", "LONGITUD": 10.0, "PRIORIDAD": "Alta", "AMENAZA": "Alto", "FX2": "20221027_FX2_C01_SBO_S VIC-PLAYA R_PK012+503_VA", "OBSERVACION_GEOTECNISTA": null }, "geometry": { "type": "Point", "coordinates": [ -73.501433, 6.876757, 0.0 ] } },
{ "type": "Feature", "properties": { "FECHA": "5/08/2020 00:00:00 (UTC)", "DEPTO": null, "MUNICIPIO": "SAN VICENTE DE CHUCURÍ", "VEREDA": null, "GASODUCTO": "(SUR DE BOLIVAR)", "TRAMO": "San Vicente - Playa Roja", "PK_INICIO": "14703", "TP_DUCTO": "Aislado", "DISTRITO": "1", "DIAMETRO": "3\"", "TRM_REG": null, "TP_EVENTO": "SOCAVACIÓN DE FONDO", "LONGITUD": 12.0, "PRIORIDAD": "Media", "AMENAZA": "Medio", "FX2": "20221027_FX2_C01_SBO_S VIC-PLAYA R_PK014+703_VB", "OBSERVACION_GEOTECNISTA": null }, "geometry": { "type": "Point", "coordinates": [ -73.485434, 6.887392, 0.0 ] } },
{ "type": "Feature", "properties": { "FECHA": "5/08/2020 00:00:00 (UTC)", "DEPTO": null, "MUNICIPIO": "SAN VICENTE DE CHUCURÍ", "VEREDA": null, "GASODUCTO": "(SUR DE BOLIVAR)", "TRAMO": "San Vicente - Playa Roja", "PK_INICIO": "14958", "TP_DUCTO": "Aislado", "DISTRITO": "1", "DIAMETRO": "3\"", "TRM_REG": null, "TP_EVENTO": "SOCAVACIÓN DE FONDO", "LONGITUD": 1.0, "PRIORIDAD": "Alta", "AMENAZA": "Alto", "FX2": "20220216_FX2_C01_SBO_S VIC-PLAYA R_PK014+958_VA", "OBSERVACION_GEOTECNISTA": null }, "geometry": { "type": "Point", "coordinates": [ -73.483269, 6.888093, 0.0 ] } },
{ "type": "Feature", "properties": { "FECHA": "5/08/2020 00:00:00 (UTC)", "DEPTO": null, "MUNICIPIO": "SAN VICENTE DE CHUCURÍ", "VEREDA": null, "GASODUCTO": "(SUR DE BOLIVAR)", "TRAMO": "San Vicente - Playa Roja", "PK_INICIO": "15169", "TP_DUCTO": "Aislado", "DISTRITO": "1", "DIAMETRO": "3\"", "TRM_REG": null, "TP_EVENTO": "DESLIZAMIENTO TRASLACIONAL", "LONGITUD": 115.0, "PRIORIDAD": "Alta", "AMENAZA": "Extremo", "FX2": "20210729_FX2_C01_SBO_S VIC-PLAYA R_PK015+199_VB", "OBSERVACION_GEOTECNISTA": null }, "geometry": { "type": "Point", "coordinates": [ -73.481501, 6.88845, 0.0 ] } },
{ "type": "Feature", "properties": { "FECHA": "5/08/2020 00:00:00 (UTC)", "DEPTO": null, "MUNICIPIO": "SAN VICENTE DE CHUCURÍ", "VEREDA": null, "GASODUCTO": "(SUR DE BOLIVAR)", "TRAMO": "San Vicente - Playa Roja", "PK_INICIO": "15314", "TP_DUCTO": "Aislado", "DISTRITO": "1", "DIAMETRO": "3\"", "TRM_REG": null, "TP_EVENTO": "SOCAVACIÓN DE FONDO", "LONGITUD": 185.4, "PRIORIDAD": "Alta", "AMENAZA": "Extremo", "FX2": "20220616_FX2_C01_SBO_S VIC-PLAYA R_PK015+314_VD", "OBSERVACION_GEOTECNISTA": null }, "geometry": { "type": "Point", "coordinates": [ -73.480228, 6.888784, 0.0 ] } },
{ "type": "Feature", "properties": { "FECHA": "5/08/2020 00:00:00 (UTC)", "DEPTO": null, "MUNICIPIO": "SAN VICENTE DE CHUCURÍ", "VEREDA": null, "GASODUCTO": "(SUR DE BOLIVAR)", "TRAMO": "San Vicente - Playa Roja", "PK_INICIO": "15628", "TP_DUCTO": "Aislado", "DISTRITO": "1", "DIAMETRO": "3\"", "TRM_REG": null, "TP_EVENTO": "SOCAVACIÓN DE FONDO", "LONGITUD": 10.0, "PRIORIDAD": "Alta", "AMENAZA": "Extremo", "FX2": "20220216_FX2_C01_SBO_S VIC-PLAYA R_PK015+628_VB", "OBSERVACION_GEOTECNISTA": null }, "geometry": { "type": "Point", "coordinates": [ -73.477698, 6.888616, 0.0 ] } },
{ "type": "Feature", "properties": { "FECHA": "5/08/2020 00:00:00 (UTC)", "DEPTO": null, "MUNICIPIO": "SAN VICENTE DE CHUCURÍ", "VEREDA": null, "GASODUCTO": "(SUR DE BOLIVAR)", "TRAMO": "San Vicente - Playa Roja", "PK_INICIO": "15842", "TP_DUCTO": "Aislado", "DISTRITO": "1", "DIAMETRO": "3\"", "TRM_REG": null, "TP_EVENTO": "SOCAVACIÓN DE FONDO", "LONGITUD": 10.0, "PRIORIDAD": "Alta", "AMENAZA": "Extremo", "FX2": "20220419_FX2_C01_SBO_S VIC-PLAYA R_PK015+842_VA", "OBSERVACION_GEOTECNISTA": null }, "geometry": { "type": "Point", "coordinates": [ -73.475953, 6.889246, 0.0 ] } },
{ "type": "Feature", "properties": { "FECHA": "27/08/2020 00:00:00 (UTC)", "DEPTO": null, "MUNICIPIO": "SAN VICENTE DE CHUCURÍ", "VEREDA": null, "GASODUCTO": "(SUR DE BOLIVAR)", "TRAMO": "San Vicente - Playa Roja", "PK_INICIO": "16375", "TP_DUCTO": "Aislado", "DISTRITO": "1", "DIAMETRO": "3\"", "TRM_REG": null, "TP_EVENTO": "SOCAVACIÓN DE FONDO", "LONGITUD": 100.0, "PRIORIDAD": "Alta", "AMENAZA": "Alto", "FX2": "20220420_FX2_C01_SBO_S VIC-PLAYA R_PK016+375_VA", "OBSERVACION_GEOTECNISTA": null }, "geometry": { "type": "Point", "coordinates": [ -73.471998, 6.891241, 0.0 ] } },
{ "type": "Feature", "properties": { "FECHA": "27/08/2020 00:00:00 (UTC)", "DEPTO": null, "MUNICIPIO": "SAN VICENTE DE CHUCURÍ", "VEREDA": null, "GASODUCTO": "(SUR DE BOLIVAR)", "TRAMO": "San Vicente - Playa Roja", "PK_INICIO": "16570", "TP_DUCTO": "Aislado", "DISTRITO": "1", "DIAMETRO": "3\"", "TRM_REG": null, "TP_EVENTO": "SOCAVACIÓN LATERAL", "LONGITUD": 10.0, "PRIORIDAD": "Alta", "AMENAZA": "Alto", "FX2": "20220420_FX2_C01_SBO_S VIC-PLAYA R_PK016+570_VA", "OBSERVACION_GEOTECNISTA": null }, "geometry": { "type": "Point", "coordinates": [ -73.47043, 6.891857, 0.0 ] } },
{ "type": "Feature", "properties": { "FECHA": "27/08/2020 00:00:00 (UTC)", "DEPTO": null, "MUNICIPIO": "SAN VICENTE DE CHUCURÍ", "VEREDA": null, "GASODUCTO": "(SUR DE BOLIVAR)", "TRAMO": "San Vicente - Playa Roja", "PK_INICIO": "16744", "TP_DUCTO": "Aislado", "DISTRITO": "1", "DIAMETRO": "3\"", "TRM_REG": null, "TP_EVENTO": "SOCAVACIÓN DE FONDO", "LONGITUD": 40.7, "PRIORIDAD": "Alta", "AMENAZA": "Extremo", "FX2": "20220420_FX2_C01_SBO_S VIC-PLAYA R_PK016+744_VA", "OBSERVACION_GEOTECNISTA": null }, "geometry": { "type": "Point", "coordinates": [ -73.469055, 6.892476, 0.0 ] } },
{ "type": "Feature", "properties": { "FECHA": "27/08/2020 00:00:00 (UTC)", "DEPTO": null, "MUNICIPIO": "SAN VICENTE DE CHUCURÍ", "VEREDA": null, "GASODUCTO": "(SUR DE BOLIVAR)", "TRAMO": "San Vicente - Playa Roja", "PK_INICIO": "16840", "TP_DUCTO": "Aislado", "DISTRITO": "1", "DIAMETRO": "3\"", "TRM_REG": null, "TP_EVENTO": "SOCAVACIÓN DE FONDO", "LONGITUD": 3.0, "PRIORIDAD": "Alta", "AMENAZA": "Extremo", "FX2": "20220420_FX2_C01_SBO_S VIC-PLAYA R_PK016+840_VB", "OBSERVACION_GEOTECNISTA": null }, "geometry": { "type": "Point", "coordinates": [ -73.468244, 6.892654, 0.0 ] } },
{ "type": "Feature", "properties": { "FECHA": "27/08/2020 00:00:00 (UTC)", "DEPTO": null, "MUNICIPIO": "SAN VICENTE DE CHUCURÍ", "VEREDA": null, "GASODUCTO": "(SUR DE BOLIVAR)", "TRAMO": "San Vicente - Playa Roja", "PK_INICIO": "17111", "TP_DUCTO": "Aislado", "DISTRITO": "1", "DIAMETRO": "3\"", "TRM_REG": null, "TP_EVENTO": "OTRO", "LONGITUD": 6.0, "PRIORIDAD": "Media", "AMENAZA": "Medio", "FX2": "20221028_FX2_C01_SBO_S VIC-PLAYA R_PK017+117_VB", "OBSERVACION_GEOTECNISTA": null }, "geometry": { "type": "Point", "coordinates": [ -73.465972, 6.893179, 0.0 ] } },
{ "type": "Feature", "properties": { "FECHA": "27/08/2020 00:00:00 (UTC)", "DEPTO": null, "MUNICIPIO": "SAN VICENTE DE CHUCURÍ", "VEREDA": null, "GASODUCTO": "(SUR DE BOLIVAR)", "TRAMO": "San Vicente - Playa Roja", "PK_INICIO": "17463", "TP_DUCTO": "Aislado", "DISTRITO": "1", "DIAMETRO": "3\"", "TRM_REG": null, "TP_EVENTO": "SOCAVACIÓN DE FONDO", "LONGITUD": 7.0, "PRIORIDAD": "Media", "AMENAZA": "Medio", "FX2": "20221028_FX2_C01_SBO_S VIC-PLAYA R_PK017+463_VB", "OBSERVACION_GEOTECNISTA": null }, "geometry": { "type": "Point", "coordinates": [ -73.463181, 6.894404, 0.0 ] } },
{ "type": "Feature", "properties": { "FECHA": "27/08/2020 00:00:00 (UTC)", "DEPTO": null, "MUNICIPIO": "SAN VICENTE DE CHUCURÍ", "VEREDA": null, "GASODUCTO": "(SUR DE BOLIVAR)", "TRAMO": "San Vicente - Playa Roja", "PK_INICIO": "18731", "TP_DUCTO": "Aislado", "DISTRITO": "1", "DIAMETRO": "3\"", "TRM_REG": null, "TP_EVENTO": "REPTACION", "LONGITUD": 100.0, "PRIORIDAD": "Alta", "AMENAZA": "Alto", "FX2": "20220421_FX2_C01_SBO_S VIC-PLAYA R_PK018+781_VB", "OBSERVACION_GEOTECNISTA": null }, "geometry": { "type": "Point", "coordinates": [ -73.452258, 6.896109, 0.0 ] } },
{ "type": "Feature", "properties": { "FECHA": "27/08/2020 00:00:00 (UTC)", "DEPTO": null, "MUNICIPIO": "SAN VICENTE DE CHUCURÍ", "VEREDA": null, "GASODUCTO": "(SUR DE BOLIVAR)", "TRAMO": "San Vicente - Playa Roja", "PK_INICIO": "18913", "TP_DUCTO": "Aislado", "DISTRITO": "1", "DIAMETRO": "3\"", "TRM_REG": null, "TP_EVENTO": "REPTACION", "LONGITUD": 20.0, "PRIORIDAD": "Alta", "AMENAZA": "Alto", "FX2": "20220617_FX2_C01_SBO_S VIC-PLAYA R_PK018+913_VA", "OBSERVACION_GEOTECNISTA": null }, "geometry": { "type": "Point", "coordinates": [ -73.450681, 6.896242, 0.0 ] } },
{ "type": "Feature", "properties": { "FECHA": "27/08/2020 00:00:00 (UTC)", "DEPTO": null, "MUNICIPIO": "SAN VICENTE DE CHUCURÍ", "VEREDA": null, "GASODUCTO": "(SUR DE BOLIVAR)", "TRAMO": "San Vicente - Playa Roja", "PK_INICIO": "19381", "TP_DUCTO": "Aislado", "DISTRITO": "1", "DIAMETRO": "3\"", "TRM_REG": null, "TP_EVENTO": "OTRO", "LONGITUD": 25.0, "PRIORIDAD": "Alta", "AMENAZA": "Alto", "FX2": "20220421_FX2_C01_SBO_S VIC-PLAYA R_PK019+381_VA", "OBSERVACION_GEOTECNISTA": null }, "geometry": { "type": "Point", "coordinates": [ -73.4467, 6.895692, 0.0 ] } },
{ "type": "Feature", "properties": { "FECHA": "27/08/2020 00:00:00 (UTC)", "DEPTO": null, "MUNICIPIO": "SAN VICENTE DE CHUCURÍ", "VEREDA": null, "GASODUCTO": "(SUR DE BOLIVAR)", "TRAMO": "San Vicente - Playa Roja", "PK_INICIO": "19639", "TP_DUCTO": "Aislado", "DISTRITO": "1", "DIAMETRO": "3\"", "TRM_REG": null, "TP_EVENTO": "REPTACION", "LONGITUD": 130.0, "PRIORIDAD": "Alta", "AMENAZA": "Extremo", "FX2": "20220421_FX2_C01_SBO_S VIC-PLAYA R_PK019+639_VA", "OBSERVACION_GEOTECNISTA": null }, "geometry": { "type": "Point", "coordinates": [ -73.444484, 6.895861, 0.0 ] } },
{ "type": "Feature", "properties": { "FECHA": "27/08/2020 00:00:00 (UTC)", "DEPTO": null, "MUNICIPIO": "SAN VICENTE DE CHUCURÍ", "VEREDA": null, "GASODUCTO": "(SUR DE BOLIVAR)", "TRAMO": "San Vicente - Playa Roja", "PK_INICIO": "19776", "TP_DUCTO": "Aislado", "DISTRITO": "1", "DIAMETRO": "3\"", "TRM_REG": null, "TP_EVENTO": "FLUJOS", "LONGITUD": 10.0, "PRIORIDAD": "Alta", "AMENAZA": "Alto", "FX2": "20220421_FX2_C01_SBO_S VIC-PLAYA R_PK019+776_VB", "OBSERVACION_GEOTECNISTA": null }, "geometry": { "type": "Point", "coordinates": [ -73.443312, 6.895959, 0.0 ] } },
{ "type": "Feature", "properties": { "FECHA": "28/08/2020 00:00:00 (UTC)", "DEPTO": null, "MUNICIPIO": "SAN VICENTE DE CHUCURÍ", "VEREDA": null, "GASODUCTO": "(SUR DE BOLIVAR)", "TRAMO": "San Vicente - Playa Roja", "PK_INICIO": "20351", "TP_DUCTO": "Aislado", "DISTRITO": "1", "DIAMETRO": "3\"", "TRM_REG": null, "TP_EVENTO": "OTRO", "LONGITUD": 10.0, "PRIORIDAD": "Media", "AMENAZA": "Medio", "FX2": "20220617_FX2_C01_SBO_S VIC-PLAYA R_PK020+351_VA", "OBSERVACION_GEOTECNISTA": null }, "geometry": { "type": "Point", "coordinates": [ -73.439249, 6.895088, 0.0 ] } },
{ "type": "Feature", "properties": { "FECHA": "28/08/2020 00:00:00 (UTC)", "DEPTO": null, "MUNICIPIO": "SAN VICENTE DE CHUCURÍ", "VEREDA": null, "GASODUCTO": "(SUR DE BOLIVAR)", "TRAMO": "San Vicente - Playa Roja", "PK_INICIO": "21709", "TP_DUCTO": "Aislado", "DISTRITO": "1", "DIAMETRO": "3\"", "TRM_REG": null, "TP_EVENTO": "SOCAVACIÓN DE FONDO", "LONGITUD": 2.0, "PRIORIDAD": "Alta", "AMENAZA": "Alto", "FX2": "20220617_FX2_C01_SBO_S VIC-PLAYA R_PK021+709_VB", "OBSERVACION_GEOTECNISTA": null }, "geometry": { "type": "Point", "coordinates": [ -73.432404, 6.889969, 0.0 ] } },
{ "type": "Feature", "properties": { "FECHA": "28/08/2020 00:00:00 (UTC)", "DEPTO": null, "MUNICIPIO": "SAN VICENTE DE CHUCURÍ", "VEREDA": null, "GASODUCTO": "(SUR DE BOLIVAR)", "TRAMO": "San Vicente - Playa Roja", "PK_INICIO": "21810", "TP_DUCTO": "Aislado", "DISTRITO": "1", "DIAMETRO": "3\"", "TRM_REG": null, "TP_EVENTO": "DESLIZAMIENTO TRASLACIONAL", "LONGITUD": 40.0, "PRIORIDAD": "Alta", "AMENAZA": "Extremo", "FX2": "20220618_FX2_C01_SBO_S VIC-PLAYA R_PK021+810_VA", "OBSERVACION_GEOTECNISTA": null }, "geometry": { "type": "Point", "coordinates": [ -73.432088, 6.889393, 0.0 ] } },
{ "type": "Feature", "properties": { "FECHA": "28/08/2020 00:00:00 (UTC)", "DEPTO": null, "MUNICIPIO": "SAN VICENTE DE CHUCURÍ", "VEREDA": null, "GASODUCTO": "(SUR DE BOLIVAR)", "TRAMO": "San Vicente - Playa Roja", "PK_INICIO": "21997", "TP_DUCTO": "Aislado", "DISTRITO": "1", "DIAMETRO": "3\"", "TRM_REG": null, "TP_EVENTO": "SOCAVACIÓN DE FONDO", "LONGITUD": 70.0, "PRIORIDAD": "Alta", "AMENAZA": "Extremo", "FX2": "20220618_FX2_C01_SBO_S VIC-PLAYA R_PK021+997_VB", "OBSERVACION_GEOTECNISTA": null }, "geometry": { "type": "Point", "coordinates": [ -73.431368, 6.888436, 0.0 ] } },
{ "type": "Feature", "properties": { "FECHA": "25/11/2019 00:00:00 (UTC)", "DEPTO": null, "MUNICIPIO": "NATAGAIMA", "VEREDA": null, "GASODUCTO": "(CENTRO - ORIENTE)", "TRAMO": "Guasimal - Dina", "PK_INICIO": "518772", "TP_DUCTO": "Troncal", "DISTRITO": "2", "DIAMETRO": "22\"", "TRM_REG": null, "TP_EVENTO": "CARCAVAS", "LONGITUD": 3.0, "PRIORIDAD": "Alta", "AMENAZA": "Alto", "FX2": "20230919_FX2_C02_COR_GUAS-DINA_PK518+772_VA", "OBSERVACION_GEOTECNISTA": null }, "geometry": { "type": "Point", "coordinates": [ -75.169807, 3.444021, 0.0 ] } },
{ "type": "Feature", "properties": { "FECHA": "26/11/2019 00:00:00 (UTC)", "DEPTO": null, "MUNICIPIO": "AIPE", "VEREDA": null, "GASODUCTO": "(CENTRO - ORIENTE)", "TRAMO": "Guasimal - Dina", "PK_INICIO": "526621", "TP_DUCTO": "Troncal", "DISTRITO": "2", "DIAMETRO": "22\"", "TRM_REG": null, "TP_EVENTO": "SURCOS", "LONGITUD": 40.0, "PRIORIDAD": "Media", "AMENAZA": "Medio", "FX2": "20230316_FX2_C02_COR_GUAS-DINA_PK529+552_VA", "OBSERVACION_GEOTECNISTA": null }, "geometry": { "type": "Point", "coordinates": [ -75.211283, 3.362215, 0.0 ] } },
{ "type": "Feature", "properties": { "FECHA": "26/11/2019 00:00:00 (UTC)", "DEPTO": null, "MUNICIPIO": "AIPE", "VEREDA": null, "GASODUCTO": "(CENTRO - ORIENTE)", "TRAMO": "Guasimal - Dina", "PK_INICIO": "530834", "TP_DUCTO": "Troncal", "DISTRITO": "2", "DIAMETRO": "22\"", "TRM_REG": null, "TP_EVENTO": "CARCAVAS", "LONGITUD": 16.0, "PRIORIDAD": "Alta", "AMENAZA": "Alto", "FX2": "20220119_FX2_C02_COR_GUAS-DINA_PK530+850_VA", "OBSERVACION_GEOTECNISTA": null }, "geometry": { "type": "Point", "coordinates": [ -75.218925, 3.354445, 0.0 ] } },
{ "type": "Feature", "properties": { "FECHA": "24/11/2020 00:00:00 (UTC)", "DEPTO": null, "MUNICIPIO": "AIPE", "VEREDA": null, "GASODUCTO": "(CENTRO - ORIENTE)", "TRAMO": "Guasimal - Dina", "PK_INICIO": "555615", "TP_DUCTO": "Troncal", "DISTRITO": "2", "DIAMETRO": "22\"", "TRM_REG": null, "TP_EVENTO": "SOCAVACIÓN LATERAL", "LONGITUD": 12.0, "PRIORIDAD": "Alta", "AMENAZA": "Extremo", "FX2": "20220119_FX2_C02_COR_GUAS-DINA_PK555+615_VA", "OBSERVACION_GEOTECNISTA": null }, "geometry": { "type": "Point", "coordinates": [ -75.27788, 3.153704, 0.0 ] } },
{ "type": "Feature", "properties": { "FECHA": "24/11/2020 00:00:00 (UTC)", "DEPTO": null, "MUNICIPIO": "AIPE", "VEREDA": null, "GASODUCTO": "(CENTRO - ORIENTE)", "TRAMO": "Guasimal - Dina", "PK_INICIO": "556220", "TP_DUCTO": "Troncal", "DISTRITO": "2", "DIAMETRO": "22\"", "TRM_REG": null, "TP_EVENTO": "SOCAVACIÓN DE FONDO", "LONGITUD": 14.0, "PRIORIDAD": "Alta", "AMENAZA": "Alto", "FX2": "20220118_FX2_C02_COR_GUAS-DINA_PK556+220_VA", "OBSERVACION_GEOTECNISTA": null }, "geometry": { "type": "Point", "coordinates": [ -75.278798, 3.148335, 0.0 ] } },
{ "type": "Feature", "properties": { "FECHA": "16/11/2019 00:00:00 (UTC)", "DEPTO": null, "MUNICIPIO": "GUAMO", "VEREDA": null, "GASODUCTO": "(CENTRO - ORIENTE)", "TRAMO": "Gualanday - Guasimal", "PK_INICIO": "428589", "TP_DUCTO": "Troncal", "DISTRITO": "2", "DIAMETRO": "22\"", "TRM_REG": null, "TP_EVENTO": "SOCAVACIÓN DE FONDO", "LONGITUD": 5.0, "PRIORIDAD": "Alta", "AMENAZA": "Alto", "FX2": "20210820_FX2_C02_COR_GUAL-GUAS_PK428+589_VA", "OBSERVACION_GEOTECNISTA": null }, "geometry": { "type": "Point", "coordinates": [ -74.991552, 4.177723, 0.0 ] } },
{ "type": "Feature", "properties": { "FECHA": "17/11/2019 00:00:00 (UTC)", "DEPTO": null, "MUNICIPIO": "GUAMO", "VEREDA": null, "GASODUCTO": "(CENTRO - ORIENTE)", "TRAMO": "Gualanday - Guasimal", "PK_INICIO": "432019", "TP_DUCTO": "Troncal", "DISTRITO": "2", "DIAMETRO": "22\"", "TRM_REG": null, "TP_EVENTO": "SOCAVACIÓN DE FONDO", "LONGITUD": 7.0, "PRIORIDAD": "Alta", "AMENAZA": "Alto", "FX2": "20230921_FX2_C02_COR_GUAL-GUAS_PK432+019_VA", "OBSERVACION_GEOTECNISTA": null }, "geometry": { "type": "Point", "coordinates": [ -74.981088, 4.14781, 0.0 ] } },
{ "type": "Feature", "properties": { "FECHA": "17/11/2019 00:00:00 (UTC)", "DEPTO": null, "MUNICIPIO": "GUAMO", "VEREDA": null, "GASODUCTO": "(CENTRO - ORIENTE)", "TRAMO": "Gualanday - Guasimal", "PK_INICIO": "431504", "TP_DUCTO": "Troncal", "DISTRITO": "2", "DIAMETRO": "22\"", "TRM_REG": null, "TP_EVENTO": "SOCAVACIÓN DE FONDO", "LONGITUD": 20.0, "PRIORIDAD": "Alta", "AMENAZA": "Alto", "FX2": "20210820_FX2_C02_COR_GUAL-GUAS_PK435+200_VB", "OBSERVACION_GEOTECNISTA": null }, "geometry": { "type": "Point", "coordinates": [ -74.974548, 4.120984, 0.0 ] } },
{ "type": "Feature", "properties": { "FECHA": "18/11/2019 00:00:00 (UTC)", "DEPTO": null, "MUNICIPIO": "GUAMO", "VEREDA": null, "GASODUCTO": "(CENTRO - ORIENTE)", "TRAMO": "Gualanday - Guasimal", "PK_INICIO": "442592", "TP_DUCTO": "Troncal", "DISTRITO": "2", "DIAMETRO": "22\"", "TRM_REG": null, "TP_EVENTO": "SOCAVACIÓN DE FONDO", "LONGITUD": 2.0, "PRIORIDAD": "Alta", "AMENAZA": "Alto", "FX2": "20210819_FX2_C02_COR_GUAL-GUAS_PK442+592_VA", "OBSERVACION_GEOTECNISTA": null }, "geometry": { "type": "Point", "coordinates": [ -74.972808, 4.058648, 0.0 ] } },
{ "type": "Feature", "properties": { "FECHA": "20/11/2019 00:00:00 (UTC)", "DEPTO": null, "MUNICIPIO": "GUAMO", "VEREDA": null, "GASODUCTO": "(CENTRO - ORIENTE)", "TRAMO": "Gualanday - Guasimal", "PK_INICIO": "449216", "TP_DUCTO": "Troncal", "DISTRITO": "2", "DIAMETRO": "22\"", "TRM_REG": null, "TP_EVENTO": "SOCAVACIÓN DE FONDO", "LONGITUD": 5.0, "PRIORIDAD": "Alta", "AMENAZA": "Alto", "FX2": " 20210819_FX2_C02_COR_GUAL-GUAS_PK449+216_VA", "OBSERVACION_GEOTECNISTA": null }, "geometry": { "type": "Point", "coordinates": [ -74.981863, 4.003298, 0.0 ] } },
{ "type": "Feature", "properties": { "FECHA": "24/11/2019 00:00:00 (UTC)", "DEPTO": null, "MUNICIPIO": "SALDAÑA", "VEREDA": null, "GASODUCTO": "(CENTRO - ORIENTE)", "TRAMO": "Gualanday - Guasimal", "PK_INICIO": "466003", "TP_DUCTO": "Troncal", "DISTRITO": "2", "DIAMETRO": "22\"", "TRM_REG": null, "TP_EVENTO": "SURCOS", "LONGITUD": 20.0, "PRIORIDAD": "Media", "AMENAZA": "Medio", "FX2": "20230829_FX2_C02_COR_GUAL-GUAS_PK469+033_VA", "OBSERVACION_GEOTECNISTA": null }, "geometry": { "type": "Point", "coordinates": [ -75.052323, 3.860879, 0.0 ] } },
{ "type": "Feature", "properties": { "FECHA": "16/11/2019 00:00:00 (UTC)", "DEPTO": null, "MUNICIPIO": "SAN LUIS", "VEREDA": null, "GASODUCTO": "(CENTRO - ORIENTE)", "TRAMO": "Montañuelo", "PK_INICIO": "1807", "TP_DUCTO": "Ramal", "DISTRITO": "2", "DIAMETRO": "10\"", "TRM_REG": null, "TP_EVENTO": "OTRO", "LONGITUD": 5.0, "PRIORIDAD": "Baja", "AMENAZA": "Bajo", "FX2": "20230410_FX2_C02_COR_R-MONTANUEL_PK001+807_VA", "OBSERVACION_GEOTECNISTA": null }, "geometry": { "type": "Point", "coordinates": [ -75.146869, 4.058284, 0.0 ] } },
{ "type": "Feature", "properties": { "FECHA": "26/11/2020 00:00:00 (UTC)", "DEPTO": null, "MUNICIPIO": "VILLAVICENCIO", "VEREDA": null, "GASODUCTO": "(CUSIANA - APIAY - USME)", "TRAMO": "Apiay - Villavicencio", "PK_INICIO": "31492", "TP_DUCTO": "Troncal", "DISTRITO": "4", "DIAMETRO": "10\"", "TRM_REG": null, "TP_EVENTO": "SOCAVACIÓN LATERAL", "LONGITUD": 4.0, "PRIORIDAD": "Media", "AMENAZA": "Alto", "FX2": "20210525_FX2_C06_CAU_VILLAV-USME_PK031+492_VB", "OBSERVACION_GEOTECNISTA": null }, "geometry": { "type": "Point", "coordinates": [ -73.643913, 4.110699, 0.0 ] } },
{ "type": "Feature", "properties": { "FECHA": "26/11/2020 00:00:00 (UTC)", "DEPTO": null, "MUNICIPIO": "VILLAVICENCIO", "VEREDA": null, "GASODUCTO": "(CUSIANA - APIAY - USME)", "TRAMO": "Apiay - Villavicencio", "PK_INICIO": "31634", "TP_DUCTO": "Troncal", "DISTRITO": "4", "DIAMETRO": "10\"", "TRM_REG": null, "TP_EVENTO": "SURCOS", "LONGITUD": 18.0, "PRIORIDAD": "Media", "AMENAZA": "Medio", "FX2": "20240401_FX2_C06_CAU_APIAY-VILLA_PK031+364_VB", "OBSERVACION_GEOTECNISTA": null }, "geometry": { "type": "Point", "coordinates": [ -73.64496, 4.111313, 0.0 ] } },
{ "type": "Feature", "properties": { "FECHA": "1/08/2019 00:00:00 (UTC)", "DEPTO": null, "MUNICIPIO": "FRESNO", "VEREDA": null, "GASODUCTO": "(MARIQUITA - CALI)", "TRAMO": "Mariquita - Letras", "PK_INICIO": "35025", "TP_DUCTO": "Troncal", "DISTRITO": "7", "DIAMETRO": "(20)", "TRM_REG": null, "TP_EVENTO": "DESLIZAMIENTO TRASLACIONAL", "LONGITUD": 15.0, "PRIORIDAD": "Alta", "AMENAZA": "Alto", "FX2": "20210805_FX2_C07_MC_MAR-LET_PK035+025_VA", "OBSERVACION_GEOTECNISTA": null }, "geometry": { "type": "Point", "coordinates": [ -75.125858, 5.137368, 0.0 ] } },
{ "type": "Feature", "properties": { "FECHA": "2/12/2019 00:00:00 (UTC)", "DEPTO": null, "MUNICIPIO": "CHINCHINÁ", "VEREDA": null, "GASODUCTO": "(MARIQUITA - CALI)", "TRAMO": "Letras - Marsella", "PK_INICIO": "114500", "TP_DUCTO": "Troncal", "DISTRITO": "7", "DIAMETRO": "(20)", "TRM_REG": null, "TP_EVENTO": "DESLIZAMIENTO TRASLACIONAL", "LONGITUD": 30.0, "PRIORIDAD": "Alta", "AMENAZA": "Alto", "FX2": "20220406_FX2_C07_MC_LET-MARS_PK114+500_VA", "OBSERVACION_GEOTECNISTA": null }, "geometry": { "type": "Point", "coordinates": [ -75.681277779999959, 4.99125, 0.0 ] } },
{ "type": "Feature", "properties": { "FECHA": "14/01/2020 00:00:00 (UTC)", "DEPTO": null, "MUNICIPIO": "ARMENIA", "VEREDA": null, "GASODUCTO": "(MARIQUITA - CALI)", "TRAMO": "Calarcá", "PK_INICIO": "1115", "TP_DUCTO": "Ramal", "DISTRITO": "7", "DIAMETRO": "4\"", "TRM_REG": null, "TP_EVENTO": "SOCAVACIÓN DE FONDO", "LONGITUD": 6.0, "PRIORIDAD": "Alta", "AMENAZA": "Alto", "FX2": "20220126_FX2_C08_MC_R-CALARCA_PK001+115_VA", "OBSERVACION_GEOTECNISTA": null }, "geometry": { "type": "Point", "coordinates": [ -75.727611, 4.491028, 0.0 ] } },
{ "type": "Feature", "properties": { "FECHA": "1/08/2019 00:00:00 (UTC)", "DEPTO": null, "MUNICIPIO": "FRESNO", "VEREDA": null, "GASODUCTO": "(MARIQUITA - CALI)", "TRAMO": "Mariquita - Letras", "PK_INICIO": "34750", "TP_DUCTO": "Troncal", "DISTRITO": "7", "DIAMETRO": "(20)", "TRM_REG": null, "TP_EVENTO": "DESLIZAMIENTO TRASLACIONAL", "LONGITUD": 17.0, "PRIORIDAD": "Baja", "AMENAZA": "Bajo", "FX2": "20210805_FX2_C07_MC_MAR-LET_PK034+750_VA", "OBSERVACION_GEOTECNISTA": null }, "geometry": { "type": "Point", "coordinates": [ -75.124611, 5.137194, 0.0 ] } },
{ "type": "Feature", "properties": { "FECHA": "27/07/2018 00:00:00 (UTC)", "DEPTO": null, "MUNICIPIO": "HERVEO", "VEREDA": null, "GASODUCTO": "(MARIQUITA - CALI)", "TRAMO": "Mariquita - Letras", "PK_INICIO": "63900", "TP_DUCTO": "Troncal", "DISTRITO": "7", "DIAMETRO": "(20)", "TRM_REG": null, "TP_EVENTO": "DESLIZAMIENTO TRASLACIONAL", "LONGITUD": 90.0, "PRIORIDAD": "Baja", "AMENAZA": "Bajo", "FX2": "20211012_FX2_C07_MC_MAR-LET_PK063+900_VA", "OBSERVACION_GEOTECNISTA": null }, "geometry": { "type": "Point", "coordinates": [ -75.310999, 5.065838, 0.0 ] } },
{ "type": "Feature", "properties": { "FECHA": "18/08/2018 00:00:00 (UTC)", "DEPTO": null, "MUNICIPIO": "MARSELLA", "VEREDA": null, "GASODUCTO": "(MARIQUITA - CALI)", "TRAMO": "Letras - Marsella", "PK_INICIO": "128640", "TP_DUCTO": "Troncal", "DISTRITO": "7", "DIAMETRO": "(20)", "TRM_REG": null, "TP_EVENTO": "CARCAVAS", "LONGITUD": 4.0, "PRIORIDAD": "Alta", "AMENAZA": "Alto", "FX2": "20240306_FX2_C07_MC_LET-MARS_PK128+640_VA", "OBSERVACION_GEOTECNISTA": null }, "geometry": { "type": "Point", "coordinates": [ -75.759103059999973, 5.027423056000032, 0.0 ] } },
{ "type": "Feature", "properties": { "FECHA": "6/09/2019 00:00:00 (UTC)", "DEPTO": null, "MUNICIPIO": "JAMUNDÍ", "VEREDA": null, "GASODUCTO": "(MARIQUITA - CALI)", "TRAMO": "Jamundí", "PK_INICIO": "43000", "TP_DUCTO": "Ramal", "DISTRITO": "8", "DIAMETRO": "6\"", "TRM_REG": null, "TP_EVENTO": "SOCAVACIÓN LATERAL", "LONGITUD": 32.0, "PRIORIDAD": "Alta", "AMENAZA": "Alto", "FX2": "20220712_FX2_C08_MC_R-JAMUNDI_PK043+000_VA", "OBSERVACION_GEOTECNISTA": null }, "geometry": { "type": "Point", "coordinates": [ -76.525825, 3.285694, 0.0 ] } },
{ "type": "Feature", "properties": { "FECHA": "19/11/2019 00:00:00 (UTC)", "DEPTO": null, "MUNICIPIO": "BUGALAGRANDE", "VEREDA": null, "GASODUCTO": "(MARIQUITA - CALI)", "TRAMO": "Obando - Tulúa", "PK_INICIO": "237300", "TP_DUCTO": "Troncal", "DISTRITO": "8", "DIAMETRO": "(20)", "TRM_REG": null, "TP_EVENTO": "SOCAVACIÓN LATERAL", "LONGITUD": 18.0, "PRIORIDAD": "Alta", "AMENAZA": "Alto", "FX2": "20220711_FX2_C08_MC_OBAND-TUL_PK237+300_VB", "OBSERVACION_GEOTECNISTA": null }, "geometry": { "type": "Point", "coordinates": [ -76.1134, 4.2683, 0.0 ] } },
{ "type": "Feature", "properties": { "FECHA": "5/09/2019 00:00:00 (UTC)", "DEPTO": null, "MUNICIPIO": "ZARZAL", "VEREDA": null, "GASODUCTO": "(MARIQUITA - CALI)", "TRAMO": "Loop - Ramal Armenia", "PK_INICIO": "13950", "TP_DUCTO": "Loop", "DISTRITO": "7", "DIAMETRO": "14\"", "TRM_REG": null, "TP_EVENTO": "REPTACION", "LONGITUD": 30.0, "PRIORIDAD": "Baja", "AMENAZA": "Bajo", "FX2": "20210713_FX2_C08_MC_R-ARMENIA(L)_PK013+950_VA", "OBSERVACION_GEOTECNISTA": null }, "geometry": { "type": "Point", "coordinates": [ -75.94678, 4.39464, 0.0 ] } },
{ "type": "Feature", "properties": { "FECHA": "29/05/2019 00:00:00 (UTC)", "DEPTO": null, "MUNICIPIO": "LA VICTORIA", "VEREDA": null, "GASODUCTO": "(MARIQUITA - CALI)", "TRAMO": "Obando - Tulúa", "PK_INICIO": "204990", "TP_DUCTO": "Troncal", "DISTRITO": "8", "DIAMETRO": "(20)", "TRM_REG": null, "TP_EVENTO": "SOCAVACIÓN LATERAL", "LONGITUD": 10.0, "PRIORIDAD": "Media", "AMENAZA": "Medio", "FX2": "20210409_FX2_C08_MC_OBAND-TUL_PK204+990_VA", "OBSERVACION_GEOTECNISTA": null }, "geometry": { "type": "Point", "coordinates": [ -76.013445, 4.511507, 0.0 ] } },
{ "type": "Feature", "properties": { "FECHA": "29/05/2019 00:00:00 (UTC)", "DEPTO": null, "MUNICIPIO": "SAN PEDRO", "VEREDA": null, "GASODUCTO": "(MARIQUITA - CALI)", "TRAMO": "Tulúa - Cali", "PK_INICIO": "273250", "TP_DUCTO": "Troncal", "DISTRITO": "8", "DIAMETRO": "(20)", "TRM_REG": null, "TP_EVENTO": "OTRO", "LONGITUD": 9.0, "PRIORIDAD": "Media", "AMENAZA": "Medio", "FX2": "20211014_FX2_C08_MC_TULUA-CAL_PK273+250_VA", "OBSERVACION_GEOTECNISTA": null }, "geometry": { "type": "Point", "coordinates": [ -76.229722, 4.035, 0.0 ] } },
{ "type": "Feature", "properties": { "FECHA": "19/11/2019 00:00:00 (UTC)", "DEPTO": null, "MUNICIPIO": "ZARZAL", "VEREDA": null, "GASODUCTO": "(MARIQUITA - CALI)", "TRAMO": "Armenia", "PK_INICIO": "13500", "TP_DUCTO": "Ramal", "DISTRITO": "7", "DIAMETRO": "10\"", "TRM_REG": null, "TP_EVENTO": "SOCAVACIÓN LATERAL", "LONGITUD": 2.0, "PRIORIDAD": "Media", "AMENAZA": "Medio", "FX2": "20210713_FX2_C08_MC_R-ARM_PK013+500_VB", "OBSERVACION_GEOTECNISTA": null }, "geometry": { "type": "Point", "coordinates": [ -75.950823, 4.393859, 0.0 ] } },
{ "type": "Feature", "properties": { "FECHA": "13/04/2020 00:00:00 (UTC)", "DEPTO": null, "MUNICIPIO": "PRADERA", "VEREDA": null, "GASODUCTO": "(MARIQUITA - CALI)", "TRAMO": "Florida", "PK_INICIO": "3000", "TP_DUCTO": "Ramal", "DISTRITO": "8", "DIAMETRO": "4\"", "TRM_REG": null, "TP_EVENTO": "SOCAVACIÓN LATERAL", "LONGITUD": 5.0, "PRIORIDAD": "Media", "AMENAZA": "Medio", "FX2": "20231213_FX2_C08_MC_R-FLORIDA_PK003+000_VA", "OBSERVACION_GEOTECNISTA": null }, "geometry": { "type": "Point", "coordinates": [ -76.248639, 3.392028, 0.0 ] } },
{ "type": "Feature", "properties": { "FECHA": "5/09/2018 00:00:00 (UTC)", "DEPTO": null, "MUNICIPIO": "ZARZAL", "VEREDA": null, "GASODUCTO": "(MARIQUITA - CALI)", "TRAMO": "Armenia", "PK_INICIO": "14900", "TP_DUCTO": "Ramal", "DISTRITO": "7", "DIAMETRO": "10\"", "TRM_REG": null, "TP_EVENTO": "DESLIZAMIENTO TRASLACIONAL", "LONGITUD": 18.0, "PRIORIDAD": "Media", "AMENAZA": "Medio", "FX2": "20240307_FX2_C08_MC_R-ARM_PK014+900_VA", "OBSERVACION_GEOTECNISTA": null }, "geometry": { "type": "Point", "coordinates": [ -75.942306, 4.399917, 0.0 ] } },
{ "type": "Feature", "properties": { "FECHA": "9/03/2020 00:00:00 (UTC)", "DEPTO": null, "MUNICIPIO": "ZARZAL", "VEREDA": null, "GASODUCTO": "(MARIQUITA - CALI)", "TRAMO": "Armenia", "PK_INICIO": "22365", "TP_DUCTO": "Ramal", "DISTRITO": "7", "DIAMETRO": "10\"", "TRM_REG": null, "TP_EVENTO": "SOCAVACIÓN LATERAL", "LONGITUD": 2.0, "PRIORIDAD": "Media", "AMENAZA": "Medio", "FX2": "20231214_FX2_C08_MC_R-ARM_PK022+365_VA", "OBSERVACION_GEOTECNISTA": null }, "geometry": { "type": "Point", "coordinates": [ -75.896778, 4.425917, 0.0 ] } },
{ "type": "Feature", "properties": { "FECHA": "21/08/2018 00:00:00 (UTC)", "DEPTO": null, "MUNICIPIO": "LA TEBAIDA", "VEREDA": null, "GASODUCTO": "(MARIQUITA - CALI)", "TRAMO": "Armenia", "PK_INICIO": "25450", "TP_DUCTO": "Ramal", "DISTRITO": "7", "DIAMETRO": "10\"", "TRM_REG": null, "TP_EVENTO": "SOCAVACIÓN LATERAL", "LONGITUD": 2.0, "PRIORIDAD": "Alta", "AMENAZA": "Alto", "FX2": "20231214_FX2_C08_MC_R-ARM_PK025+450_VA", "OBSERVACION_GEOTECNISTA": null }, "geometry": { "type": "Point", "coordinates": [ -75.875833, 4.437833, 0.0 ] } },
{ "type": "Feature", "properties": { "FECHA": "7/09/2018 00:00:00 (UTC)", "DEPTO": null, "MUNICIPIO": "CARTAGO", "VEREDA": null, "GASODUCTO": "(MARIQUITA - CALI)", "TRAMO": "Cartago", "PK_INICIO": "1210", "TP_DUCTO": "Ramal", "DISTRITO": "8", "DIAMETRO": "4\"", "TRM_REG": null, "TP_EVENTO": "DESLIZAMIENTO TRASLACIONAL", "LONGITUD": 10.0, "PRIORIDAD": "Baja", "AMENAZA": "Bajo", "FX2": "20210713_FX2_C08_MC_R-CARTAGO_PK001+210_VA", "OBSERVACION_GEOTECNISTA": null }, "geometry": { "type": "Point", "coordinates": [ -75.89148, 4.72647, 0.0 ] } },
{ "type": "Feature", "properties": { "FECHA": "18/08/2019 00:00:00 (UTC)", "DEPTO": null, "MUNICIPIO": "SABANALARGA", "VEREDA": null, "GASODUCTO": "(CUSIANA - PORVENIR)", "TRAMO": "Cusiana - Miraflores", "PK_INICIO": "12300", "TP_DUCTO": "Troncal", "DISTRITO": "5", "DIAMETRO": "(20)", "TRM_REG": null, "TP_EVENTO": "DESLIZAMIENTO TRASLACIONAL", "LONGITUD": 542.0, "PRIORIDAD": "Alta", "AMENAZA": "Alto", "FX2": "20211014_FX2_C04_PB_CUS-MIRAF(L)_PK012+879_VB", "OBSERVACION_GEOTECNISTA": null }, "geometry": { "type": "Point", "coordinates": [ -72.999478, 4.977177, 0.0 ] } },
{ "type": "Feature", "properties": { "FECHA": "2/02/2020 00:00:00 (UTC)", "DEPTO": null, "MUNICIPIO": "QUETAME", "VEREDA": null, "GASODUCTO": "(CUSIANA - APIAY - USME)", "TRAMO": "Quetame", "PK_INICIO": "2768", "TP_DUCTO": "Ramal", "DISTRITO": "4", "DIAMETRO": "3\"", "TRM_REG": null, "TP_EVENTO": "DESLIZAMIENTO TRASLACIONAL", "LONGITUD": 40.0, "PRIORIDAD": "Alta", "AMENAZA": "Extremo", "FX2": "20220616_FX2_C06_CAU_R-QUETAME_PK002+876_VA", "OBSERVACION_GEOTECNISTA": null }, "geometry": { "type": "Point", "coordinates": [ -73.868349, 4.327507, 0.0 ] } },
{ "type": "Feature", "properties": { "FECHA": "6/02/2020 00:00:00 (UTC)", "DEPTO": null, "MUNICIPIO": "FOSCA", "VEREDA": null, "GASODUCTO": "(CUSIANA - APIAY - USME)", "TRAMO": "Villavicencio - Usme", "PK_INICIO": "83571", "TP_DUCTO": "Troncal", "DISTRITO": "4", "DIAMETRO": "10\"", "TRM_REG": null, "TP_EVENTO": "DESLIZAMIENTO TRASLACIONAL", "LONGITUD": 40.0, "PRIORIDAD": "Alta", "AMENAZA": "Extremo", "FX2": "20220616_FX2_C06_CAUS_VILLAV-USME_PK083+571_VA", "OBSERVACION_GEOTECNISTA": null }, "geometry": { "type": "Point", "coordinates": [ -73.905294, 4.326423, 0.0 ] } },
{ "type": "Feature", "properties": { "FECHA": "18/03/2020 00:00:00 (UTC)", "DEPTO": null, "MUNICIPIO": "VÉLEZ", "VEREDA": null, "GASODUCTO": "(BOYACA - SANTANDER)", "TRAMO": "Guavatá", "PK_INICIO": "1390", "TP_DUCTO": "Ramal", "DISTRITO": "5", "DIAMETRO": "3\"", "TRM_REG": null, "TP_EVENTO": "SOCAVACIÓN DE FONDO", "LONGITUD": 6.0, "PRIORIDAD": "Alta", "AMENAZA": "Alto", "FX2": "20221122_FX2_C05_GBS_R-GUAVATA_PK001+390_VA", "OBSERVACION_GEOTECNISTA": null }, "geometry": { "type": "Point", "coordinates": [ -73.658976, 5.998618, 0.0 ] } },
{ "type": "Feature", "properties": { "FECHA": "18/03/2020 00:00:00 (UTC)", "DEPTO": null, "MUNICIPIO": "VÉLEZ", "VEREDA": null, "GASODUCTO": "(BOYACA - SANTANDER)", "TRAMO": "Guavatá", "PK_INICIO": "3740", "TP_DUCTO": "Ramal", "DISTRITO": "5", "DIAMETRO": "3\"", "TRM_REG": null, "TP_EVENTO": "SURCOS", "LONGITUD": 8.0, "PRIORIDAD": "Media", "AMENAZA": "Medio", "FX2": "20240115_FX2_C05_GBS_R-GUAVATA_PK003+740_VA", "OBSERVACION_GEOTECNISTA": null }, "geometry": { "type": "Point", "coordinates": [ -73.674059, 5.988294, 0.0 ] } },
{ "type": "Feature", "properties": { "FECHA": "28/02/2020 00:00:00 (UTC)", "DEPTO": null, "MUNICIPIO": "BARBOSA", "VEREDA": null, "GASODUCTO": "(BOYACA - SANTANDER)", "TRAMO": "Otero - Santana", "PK_INICIO": "24061", "TP_DUCTO": "Troncal", "DISTRITO": "5", "DIAMETRO": "14\"", "TRM_REG": null, "TP_EVENTO": "SOCAVACIÓN DE FONDO", "LONGITUD": 3.0, "PRIORIDAD": "Alta", "AMENAZA": "Extremo", "FX2": "20210306_FX2_C05_GBS_OTERO-SANT_PK024+061_VB", "OBSERVACION_GEOTECNISTA": null }, "geometry": { "type": "Point", "coordinates": [ -73.594696666999937, 5.958607500000028, 0.0 ] } },
{ "type": "Feature", "properties": { "FECHA": "27/10/2020 00:00:00 (UTC)", "DEPTO": null, "MUNICIPIO": "VÉLEZ", "VEREDA": null, "GASODUCTO": "(BOYACA - SANTANDER)", "TRAMO": "Vélez", "PK_INICIO": "1830", "TP_DUCTO": "Ramal", "DISTRITO": "5", "DIAMETRO": "3\"", "TRM_REG": null, "TP_EVENTO": "DESLIZAMIENTO ROTACIONAL", "LONGITUD": 100.0, "PRIORIDAD": "Alta", "AMENAZA": "Extremo", "FX2": "20210308_FX2_C05_GBS_R-VELEZ_PK001+830_VB", "OBSERVACION_GEOTECNISTA": null }, "geometry": { "type": "Point", "coordinates": [ -73.600958055999968, 6.008679700000073, 0.0 ] } },
{ "type": "Feature", "properties": { "FECHA": "16/03/2020 00:00:00 (UTC)", "DEPTO": null, "MUNICIPIO": "VÉLEZ", "VEREDA": null, "GASODUCTO": "(BOYACA - SANTANDER)", "TRAMO": "Vélez", "PK_INICIO": "4363", "TP_DUCTO": "Ramal", "DISTRITO": "5", "DIAMETRO": "3\"", "TRM_REG": null, "TP_EVENTO": "SURCOS", "LONGITUD": 5.0, "PRIORIDAD": "Alta", "AMENAZA": "Alto", "FX2": "20221122_FX2_C05_GBS_R-VELEZ_PK004+363_VA", "OBSERVACION_GEOTECNISTA": null }, "geometry": { "type": "Point", "coordinates": [ -73.615157, 6.017239, 0.0 ] } },
{ "type": "Feature", "properties": { "FECHA": "17/03/2020 00:00:00 (UTC)", "DEPTO": null, "MUNICIPIO": "VÉLEZ", "VEREDA": null, "GASODUCTO": "(BOYACA - SANTANDER)", "TRAMO": "Vélez", "PK_INICIO": "6979", "TP_DUCTO": "Ramal", "DISTRITO": "5", "DIAMETRO": "3\"", "TRM_REG": null, "TP_EVENTO": "SOCAVACIÓN DE FONDO", "LONGITUD": 2.0, "PRIORIDAD": "Media", "AMENAZA": "Medio", "FX2": "20221129_FX2_C05_GBS_R-VELEZ_PK006+979_VA", "OBSERVACION_GEOTECNISTA": null }, "geometry": { "type": "Point", "coordinates": [ -73.632958, 6.011154, 0.0 ] } },
{ "type": "Feature", "properties": { "FECHA": "20/01/2020 00:00:00 (UTC)", "DEPTO": null, "MUNICIPIO": "PUENTE NACIONAL", "VEREDA": null, "GASODUCTO": "(CENTRO - ORIENTE)", "TRAMO": "Puente Guillermo - Sucre Oriental", "PK_INICIO": "6024", "TP_DUCTO": "Troncal", "DISTRITO": "3", "DIAMETRO": "(20)", "TRM_REG": null, "TP_EVENTO": "OTRO", "LONGITUD": 55.0, "PRIORIDAD": "Baja", "AMENAZA": "Bajo", "FX2": "20230322_FX2_C03_COR_PTE GUI-SUCREO_PK006+024_VA", "OBSERVACION_GEOTECNISTA": null }, "geometry": { "type": "Point", "coordinates": [ -73.720779, 5.781855, 0.0 ] } },
{ "type": "Feature", "properties": { "FECHA": "17/03/2020 00:00:00 (UTC)", "DEPTO": null, "MUNICIPIO": "TAURAMENA", "VEREDA": null, "GASODUCTO": "(CUSIANA - APIAY - USME)", "TRAMO": "Cusiana - Pk65", "PK_INICIO": "1116", "TP_DUCTO": "Troncal", "DISTRITO": "4", "DIAMETRO": "22\"", "TRM_REG": null, "TP_EVENTO": "SOCAVACIÓN DE FONDO", "LONGITUD": 13.0, "PRIORIDAD": "Baja", "AMENAZA": "Bajo", "FX2": "20230309_FX2_C04_CAU_CUS-PK65_PK001+116_VA", "OBSERVACION_GEOTECNISTA": null }, "geometry": { "type": "Point", "coordinates": [ -72.70927, 4.991538, 0.0 ] } },
{ "type": "Feature", "properties": { "FECHA": "21/03/2020 00:00:00 (UTC)", "DEPTO": null, "MUNICIPIO": "SABANALARGA", "VEREDA": null, "GASODUCTO": "(CUSIANA - APIAY - USME)", "TRAMO": "Cusiana - PK65", "PK_INICIO": "29055", "TP_DUCTO": "Troncal", "DISTRITO": "4", "DIAMETRO": "22\"", "TRM_REG": null, "TP_EVENTO": "SOCAVACIÓN DE FONDO", "LONGITUD": 2.0, "PRIORIDAD": "Alta", "AMENAZA": "Extremo", "FX2": "20220403_FX2_C04_CAU_CUS-PK65_PK029+055_VA", "OBSERVACION_GEOTECNISTA": null }, "geometry": { "type": "Point", "coordinates": [ -72.90476, 4.88797, 0.0 ] } },
{ "type": "Feature", "properties": { "FECHA": "21/03/2020 00:00:00 (UTC)", "DEPTO": null, "MUNICIPIO": "MONTERREY", "VEREDA": null, "GASODUCTO": "(CUSIANA - APIAY - USME)", "TRAMO": "Cusiana - Pk65", "PK_INICIO": "32153", "TP_DUCTO": "Troncal", "DISTRITO": "4", "DIAMETRO": "22\"", "TRM_REG": null, "TP_EVENTO": "SOCAVACIÓN LATERAL", "LONGITUD": 35.0, "PRIORIDAD": "Baja", "AMENAZA": "Bajo", "FX2": "20240222_FX2_C05_CAU_CUS-PK65_PK032+153_VB", "OBSERVACION_GEOTECNISTA": null }, "geometry": { "type": "Point", "coordinates": [ -72.920747, 4.865047, 0.0 ] } },
{ "type": "Feature", "properties": { "FECHA": "3/02/2020 00:00:00 (UTC)", "DEPTO": null, "MUNICIPIO": "SABANALARGA", "VEREDA": null, "GASODUCTO": "(CUSIANA - PORVENIR)", "TRAMO": "Cusiana - Miraflores", "PK_INICIO": "45225", "TP_DUCTO": "Troncal", "DISTRITO": "5", "DIAMETRO": "(20)", "TRM_REG": null, "TP_EVENTO": "SOCAVACIÓN DE FONDO", "LONGITUD": 30.0, "PRIORIDAD": "Baja", "AMENAZA": "Bajo", "FX2": "20240822_FX2_C04_PB_CUS-MIRAF_PK011+183(PK44+182)_VB", "OBSERVACION_GEOTECNISTA": null }, "geometry": { "type": "Point", "coordinates": [ -73.000465, 4.967567, 0.0 ] } },
{ "type": "Feature", "properties": { "FECHA": "5/02/2020 00:00:00 (UTC)", "DEPTO": null, "MUNICIPIO": "PÁEZ", "VEREDA": null, "GASODUCTO": "(CUSIANA - PORVENIR)", "TRAMO": "Cusiana - Miraflores", "PK_INICIO": "14082", "TP_DUCTO": "Troncal", "DISTRITO": "5", "DIAMETRO": "(20)", "TRM_REG": null, "TP_EVENTO": "SOCAVACIÓN DE FONDO", "LONGITUD": 20.0, "PRIORIDAD": "Media", "AMENAZA": "Medio", "FX2": "20220325_FX2_C04_PB_CUS-MIRAF_PK014+082(PK47+055)_VA", "OBSERVACION_GEOTECNISTA": null }, "geometry": { "type": "Point", "coordinates": [ -72.999203, 4.989823, 0.0 ] } },
{ "type": "Feature", "properties": { "FECHA": "11/02/2020 00:00:00 (UTC)", "DEPTO": null, "MUNICIPIO": "PÁEZ", "VEREDA": null, "GASODUCTO": "(CUSIANA - PORVENIR)", "TRAMO": "Cusiana - Miraflores", "PK_INICIO": "26134", "TP_DUCTO": "Troncal", "DISTRITO": "5", "DIAMETRO": "(20)", "TRM_REG": null, "TP_EVENTO": "FLUJOS", "LONGITUD": 200.0, "PRIORIDAD": "Media", "AMENAZA": "Medio", "FX2": "20240424_FX2_C04_PB_CUS-MIRAF_PK026+854(PK59+465)_VB", "OBSERVACION_GEOTECNISTA": null }, "geometry": { "type": "Point", "coordinates": [ -73.004034, 5.065682, 0.0 ] } },
{ "type": "Feature", "properties": { "FECHA": "12/03/2020 00:00:00 (UTC)", "DEPTO": null, "MUNICIPIO": "MIRAFLORES", "VEREDA": null, "GASODUCTO": "(CUSIANA - PORVENIR)", "TRAMO": "Cusiana - Miraflores", "PK_INICIO": "80313", "TP_DUCTO": "Troncal", "DISTRITO": "5", "DIAMETRO": "(20)", "TRM_REG": null, "TP_EVENTO": "SOCAVACIÓN DE FONDO", "LONGITUD": 2.0, "PRIORIDAD": "Baja", "AMENAZA": "Bajo", "FX2": "20230518_FX2_C05_CP_CUS-MIRAF_PK080+313_VA", "OBSERVACION_GEOTECNISTA": null }, "geometry": { "type": "Point", "coordinates": [ -73.113361, 5.167618, 0.0 ] } },
{ "type": "Feature", "properties": { "FECHA": "12/03/2020 00:00:00 (UTC)", "DEPTO": null, "MUNICIPIO": "MIRAFLORES", "VEREDA": null, "GASODUCTO": "(CUSIANA - PORVENIR)", "TRAMO": "Cusiana - Miraflores", "PK_INICIO": "47922", "TP_DUCTO": "Troncal", "DISTRITO": "5", "DIAMETRO": "(20)", "TRM_REG": null, "TP_EVENTO": "SOCAVACIÓN DE FONDO", "LONGITUD": 10.0, "PRIORIDAD": "Media", "AMENAZA": "Medio", "FX2": "20231211_FX2_C04_CP_CUS-MIRAF_PK047+922(PK81+155)_VB", "OBSERVACION_GEOTECNISTA": null }, "geometry": { "type": "Point", "coordinates": [ -73.120228, 5.170904, 0.0 ] } },
{ "type": "Feature", "properties": { "FECHA": "24/05/2020 00:00:00 (UTC)", "DEPTO": null, "MUNICIPIO": "PUENTE NACIONAL", "VEREDA": null, "GASODUCTO": "(PORVENIR - LA BELLEZA)", "TRAMO": "Sutamarchan - La Belleza", "PK_INICIO": "180500", "TP_DUCTO": "Troncal", "DISTRITO": "5", "DIAMETRO": "(20)", "TRM_REG": null, "TP_EVENTO": "SOCAVACIÓN DE FONDO", "LONGITUD": 6.0, "PRIORIDAD": "Baja", "AMENAZA": "Bajo", "FX2": "20230616_FX2_C05_PB_SUT-BELL_PK180+500_VA", "OBSERVACION_GEOTECNISTA": null }, "geometry": { "type": "Point", "coordinates": [ -73.641877, 5.802703, 0.0 ] } },
{ "type": "Feature", "properties": { "FECHA": "30/06/2020 00:00:00 (UTC)", "DEPTO": null, "MUNICIPIO": "VILLAVICENCIO", "VEREDA": null, "GASODUCTO": "(CUSIANA - APIAY - USME)", "TRAMO": "Acacías Madigas-Acacías Llanogas", "PK_INICIO": "6251", "TP_DUCTO": "Ramal", "DISTRITO": "4", "DIAMETRO": "4\"", "TRM_REG": null, "TP_EVENTO": "SOCAVACIÓN DE FONDO", "LONGITUD": 2.0, "PRIORIDAD": "Media", "AMENAZA": "Medio", "FX2": "20240117_FX2_C06_CAU_MADG-LLANOG_PK006+251_VA", "OBSERVACION_GEOTECNISTA": null }, "geometry": { "type": "Point", "coordinates": [ -73.721002, 4.050788, 0.0 ] } },
{ "type": "Feature", "properties": { "FECHA": "30/06/2020 00:00:00 (UTC)", "DEPTO": null, "MUNICIPIO": "VILLAVICENCIO", "VEREDA": null, "GASODUCTO": "(CUSIANA - APIAY - USME)", "TRAMO": "Acacías Madigas-Acacías Llanogas", "PK_INICIO": "8183", "TP_DUCTO": "Ramal", "DISTRITO": "4", "DIAMETRO": "4\"", "TRM_REG": null, "TP_EVENTO": "SOCAVACIÓN DE FONDO", "LONGITUD": 3.0, "PRIORIDAD": "Media", "AMENAZA": "Medio", "FX2": "20240117_FX2_C06_CAU_MADG-LLANOG_PK008+183_VB", "OBSERVACION_GEOTECNISTA": null }, "geometry": { "type": "Point", "coordinates": [ -73.730768, 4.036913, 0.0 ] } },
{ "type": "Feature", "properties": { "FECHA": "2/07/2020 00:00:00 (UTC)", "DEPTO": null, "MUNICIPIO": "VILLAVICENCIO", "VEREDA": null, "GASODUCTO": "(CUSIANA - APIAY - USME)", "TRAMO": "Apiay - Termocoa", "PK_INICIO": "28642", "TP_DUCTO": "Troncal", "DISTRITO": "4", "DIAMETRO": "10\"", "TRM_REG": null, "TP_EVENTO": "SURCOS", "LONGITUD": 2.0, "PRIORIDAD": "Baja", "AMENAZA": "Bajo", "FX2": "20240112_FX2_C06_CAU_APIAY-TERMOC_PK028+642_VA", "OBSERVACION_GEOTECNISTA": null }, "geometry": { "type": "Point", "coordinates": [ -73.625522, 4.095136, 0.0 ] } },
{ "type": "Feature", "properties": { "FECHA": "6/06/2020 00:00:00 (UTC)", "DEPTO": null, "MUNICIPIO": "BARRANCA DE UPÍA", "VEREDA": null, "GASODUCTO": "(CUSIANA - APIAY - USME)", "TRAMO": "Cusiana - Pk65", "PK_INICIO": "61370", "TP_DUCTO": "Troncal", "DISTRITO": "4", "DIAMETRO": "22\"", "TRM_REG": null, "TP_EVENTO": "OTRO", "LONGITUD": 2.0, "PRIORIDAD": "Baja", "AMENAZA": "Bajo", "FX2": "20230405_FX2_C06_CAU_CUS-PK65_PK061+370_VA", "OBSERVACION_GEOTECNISTA": null }, "geometry": { "type": "Point", "coordinates": [ -73.049752, 4.655797, 0.0 ] } },
{ "type": "Feature", "properties": { "FECHA": "15/06/2020 00:00:00 (UTC)", "DEPTO": null, "MUNICIPIO": "PARATEBUENO", "VEREDA": null, "GASODUCTO": "(CUSIANA - APIAY - USME)", "TRAMO": "PK65 - Apiay", "PK_INICIO": "103125", "TP_DUCTO": "Troncal", "DISTRITO": "4", "DIAMETRO": "18\"", "TRM_REG": null, "TP_EVENTO": "SOCAVACIÓN DE FONDO", "LONGITUD": 1.0, "PRIORIDAD": "Alta", "AMENAZA": "Alto", "FX2": "20210826_FX2_C06_CAU_PK65-APIAY_PK103+125_VB", "OBSERVACION_GEOTECNISTA": null }, "geometry": { "type": "Point", "coordinates": [ -73.269377, 4.387778, 0.0 ] } },
{ "type": "Feature", "properties": { "FECHA": "18/06/2020 00:00:00 (UTC)", "DEPTO": null, "MUNICIPIO": "PARATEBUENO", "VEREDA": null, "GASODUCTO": "(CUSIANA - APIAY - USME)", "TRAMO": "PK65 - Apiay", "PK_INICIO": "114290", "TP_DUCTO": "Troncal", "DISTRITO": "4", "DIAMETRO": "18\"", "TRM_REG": null, "TP_EVENTO": "SOCAVACIÓN DE FONDO", "LONGITUD": 10.0, "PRIORIDAD": "Media", "AMENAZA": "Medio", "FX2": "20240510_FX2_C06_CAU_PK65-APIAY_PK114+290_VB", "OBSERVACION_GEOTECNISTA": null }, "geometry": { "type": "Point", "coordinates": [ -73.336818, 4.34025, 0.0 ] } },
{ "type": "Feature", "properties": { "FECHA": "18/06/2020 00:00:00 (UTC)", "DEPTO": null, "MUNICIPIO": "PARATEBUENO", "VEREDA": null, "GASODUCTO": "(CUSIANA - APIAY - USME)", "TRAMO": "PK65 - Apiay", "PK_INICIO": "114885", "TP_DUCTO": "Troncal", "DISTRITO": "4", "DIAMETRO": "18\"", "TRM_REG": null, "TP_EVENTO": "SOCAVACIÓN DE FONDO", "LONGITUD": 2.0, "PRIORIDAD": "Alta", "AMENAZA": "Alto", "FX2": "20220112_FX2_C06_CAU_PK65-APIAY_PK114+885_VA", "OBSERVACION_GEOTECNISTA": null }, "geometry": { "type": "Point", "coordinates": [ -73.341337, 4.340394, 0.0 ] } },
{ "type": "Feature", "properties": { "FECHA": "21/06/2020 00:00:00 (UTC)", "DEPTO": null, "MUNICIPIO": "CUMARAL", "VEREDA": null, "GASODUCTO": "(CUSIANA - APIAY - USME)", "TRAMO": "PK65 - Apiay", "PK_INICIO": "125266", "TP_DUCTO": "Troncal", "DISTRITO": "4", "DIAMETRO": "18\"", "TRM_REG": null, "TP_EVENTO": "SOCAVACIÓN DE FONDO", "LONGITUD": 2.0, "PRIORIDAD": "Alta", "AMENAZA": "Extremo", "FX2": "20220112_FX2_C06_CAU_PK65-APIAY_PK125+266_VA", "OBSERVACION_GEOTECNISTA": null }, "geometry": { "type": "Point", "coordinates": [ -73.410076, 4.296643, 0.0 ] } },
{ "type": "Feature", "properties": { "FECHA": "21/06/2020 00:00:00 (UTC)", "DEPTO": null, "MUNICIPIO": "CUMARAL", "VEREDA": null, "GASODUCTO": "(CUSIANA - APIAY - USME)", "TRAMO": "PK65 - Apiay", "PK_INICIO": "125801", "TP_DUCTO": "Troncal", "DISTRITO": "4", "DIAMETRO": "18\"", "TRM_REG": null, "TP_EVENTO": "SOCAVACIÓN DE FONDO", "LONGITUD": 2.0, "PRIORIDAD": "Alta", "AMENAZA": "Extremo", "FX2": "20220112_FX2_C06_CAU_PK65-APIAY_PK125+801_VB", "OBSERVACION_GEOTECNISTA": null }, "geometry": { "type": "Point", "coordinates": [ -73.410092, 4.29665, 0.0 ] } },
{ "type": "Feature", "properties": { "FECHA": "7/07/2020 00:00:00 (UTC)", "DEPTO": null, "MUNICIPIO": "ACACÍAS", "VEREDA": null, "GASODUCTO": "(GASODUCTO DEL ARIARI)", "TRAMO": "Gasoducto del Ariari", "PK_INICIO": "7750", "TP_DUCTO": "Troncal", "DISTRITO": "4", "DIAMETRO": "4\"", "TRM_REG": null, "TP_EVENTO": "SOCAVACIÓN DE FONDO", "LONGITUD": 2.0, "PRIORIDAD": "Alta", "AMENAZA": "Alto", "FX2": "20210618_FX2_C06_AA_G-ARIARI_PK007+750_VA", "OBSERVACION_GEOTECNISTA": null }, "geometry": { "type": "Point", "coordinates": [ -73.768237, 3.951516, 0.0 ] } },
{ "type": "Feature", "properties": { "FECHA": "7/07/2020 00:00:00 (UTC)", "DEPTO": null, "MUNICIPIO": "ACACÍAS", "VEREDA": null, "GASODUCTO": "(GASODUCTO DEL ARIARI)", "TRAMO": "Gasoducto del Ariari", "PK_INICIO": "8696", "TP_DUCTO": "Troncal", "DISTRITO": "4", "DIAMETRO": "4\"", "TRM_REG": null, "TP_EVENTO": "SOCAVACIÓN DE FONDO", "LONGITUD": 12.0, "PRIORIDAD": "Media", "AMENAZA": "Medio", "FX2": "20230602_FX2_C06_AA_ARIARI_PK008+696_VA", "OBSERVACION_GEOTECNISTA": null }, "geometry": { "type": "Point", "coordinates": [ -73.767054, 3.943729, 0.0 ] } },
{ "type": "Feature", "properties": { "FECHA": "7/07/2020 00:00:00 (UTC)", "DEPTO": null, "MUNICIPIO": "GUAMAL", "VEREDA": null, "GASODUCTO": "(GASODUCTO DEL ARIARI)", "TRAMO": "Gasoducto del Ariari", "PK_INICIO": "13051", "TP_DUCTO": "Troncal", "DISTRITO": "4", "DIAMETRO": "4\"", "TRM_REG": null, "TP_EVENTO": "SOCAVACIÓN DE FONDO", "LONGITUD": 2.0, "PRIORIDAD": "Media", "AMENAZA": "Medio", "FX2": "20210618_FX2_C06_AA_G-ARIARI_PK013+051_VB", "OBSERVACION_GEOTECNISTA": null }, "geometry": { "type": "Point", "coordinates": [ -73.770586, 3.905557, 0.0 ] } },
{ "type": "Feature", "properties": { "FECHA": "11/07/2020 00:00:00 (UTC)", "DEPTO": null, "MUNICIPIO": "SAN MARTÍN", "VEREDA": null, "GASODUCTO": "(GASODUCTO DEL ARIARI)", "TRAMO": "Gasoducto del Ariari", "PK_INICIO": "33603", "TP_DUCTO": "Troncal", "DISTRITO": "4", "DIAMETRO": "4\"", "TRM_REG": null, "TP_EVENTO": "SOCAVACIÓN DE FONDO", "LONGITUD": 7.0, "PRIORIDAD": "Alta", "AMENAZA": "Alto", "FX2": "20210715_FX2_C06_AA_ARIARI_PK033+603_VB", "OBSERVACION_GEOTECNISTA": null }, "geometry": { "type": "Point", "coordinates": [ -73.72438, 3.753205, 0.0 ] } },
{ "type": "Feature", "properties": { "FECHA": "14/07/2020 00:00:00 (UTC)", "DEPTO": null, "MUNICIPIO": "GRANADA", "VEREDA": null, "GASODUCTO": "(GASODUCTO DEL ARIARI)", "TRAMO": "Gasoducto del Ariari", "PK_INICIO": "56754", "TP_DUCTO": "Troncal", "DISTRITO": "4", "DIAMETRO": "4\"", "TRM_REG": null, "TP_EVENTO": "SURCOS", "LONGITUD": 12.0, "PRIORIDAD": "Media", "AMENAZA": "Medio", "FX2": "20230626_FX2_C06_AA_ARIARI_PK056+754_VA", "OBSERVACION_GEOTECNISTA": null }, "geometry": { "type": "Point", "coordinates": [ -73.720353, 3.557493, 0.0 ] } },
{ "type": "Feature", "properties": { "FECHA": "14/07/2020 00:00:00 (UTC)", "DEPTO": null, "MUNICIPIO": "GRANADA", "VEREDA": null, "GASODUCTO": "(GASODUCTO DEL ARIARI)", "TRAMO": "Gasoducto del Ariari", "PK_INICIO": "57930", "TP_DUCTO": "Troncal", "DISTRITO": "4", "DIAMETRO": "4\"", "TRM_REG": null, "TP_EVENTO": "SOCAVACIÓN DE FONDO", "LONGITUD": 2.0, "PRIORIDAD": "Media", "AMENAZA": "Medio", "FX2": "20210715_FX2_C06_AA_G-ARIARI_PK057+930_VA", "OBSERVACION_GEOTECNISTA": null }, "geometry": { "type": "Point", "coordinates": [ -73.718841, 3.546657, 0.0 ] } },
{ "type": "Feature", "properties": { "FECHA": "15/07/2020 00:00:00 (UTC)", "DEPTO": null, "MUNICIPIO": "FLORIÁN", "VEREDA": null, "GASODUCTO": "(CENTRO - ORIENTE)", "TRAMO": "La Belleza - Pk 7+200", "PK_INICIO": "3071", "TP_DUCTO": "Troncal", "DISTRITO": "3", "DIAMETRO": "(22)", "TRM_REG": null, "TP_EVENTO": "DESLIZAMIENTO TRASLACIONAL", "LONGITUD": 30.0, "PRIORIDAD": "Alta", "AMENAZA": "Alto", "FX2": "20220125_FX2_C03_COR_BELL-7+200_PK003+071_VA", "OBSERVACION_GEOTECNISTA": null }, "geometry": { "type": "Point", "coordinates": [ -73.978799, 5.81502, 0.0 ] } },
{ "type": "Feature", "properties": { "FECHA": "1/09/2020 00:00:00 (UTC)", "DEPTO": null, "MUNICIPIO": "SIMACOTA", "VEREDA": null, "GASODUCTO": "(CENTRO - ORIENTE)", "TRAMO": "Barrancabermeja - Sebastopol", "PK_INICIO": "38703", "TP_DUCTO": "Troncal", "DISTRITO": "1", "DIAMETRO": "(20)", "TRM_REG": null, "TP_EVENTO": "SOCAVACIÓN LATERAL", "LONGITUD": 40.0, "PRIORIDAD": "Alta", "AMENAZA": "Extremo", "FX2": "20210309_FX2_C01_COR_BARRANC-SEB_PK038+703_V1", "OBSERVACION_GEOTECNISTA": null }, "geometry": { "type": "Point", "coordinates": [ -73.896882, 6.829108, 0.0 ] } },
{ "type": "Feature", "properties": { "FECHA": "2/09/2020 00:00:00 (UTC)", "DEPTO": null, "MUNICIPIO": "CIMITARRA", "VEREDA": null, "GASODUCTO": "(CENTRO - ORIENTE)", "TRAMO": "Barrancabermeja - Sebastopol", "PK_INICIO": "84234", "TP_DUCTO": "Troncal", "DISTRITO": "1", "DIAMETRO": "(20)", "TRM_REG": null, "TP_EVENTO": "CARCAVAS", "LONGITUD": 90.0, "PRIORIDAD": "Media", "AMENAZA": "Medio", "FX2": "20230705_FX2_C01_C0R_BARRANC-SEB_PK084+334_VA", "OBSERVACION_GEOTECNISTA": null }, "geometry": { "type": "Point", "coordinates": [ -74.182758, 6.565059, 0.0 ] } },
{ "type": "Feature", "properties": { "FECHA": "4/09/2020 00:00:00 (UTC)", "DEPTO": null, "MUNICIPIO": "CIMITARRA", "VEREDA": null, "GASODUCTO": "(CENTRO - ORIENTE)", "TRAMO": "Barrancabermeja - Sebastopol", "PK_INICIO": "96204", "TP_DUCTO": "Troncal", "DISTRITO": "1", "DIAMETRO": "(20)", "TRM_REG": null, "TP_EVENTO": "SURCOS", "LONGITUD": 40.0, "PRIORIDAD": "Alta", "AMENAZA": "Alto", "FX2": "20210412_FX2_C01_COR_BARRANC-SEB_PK096+204_VC", "OBSERVACION_GEOTECNISTA": null }, "geometry": { "type": "Point", "coordinates": [ -74.28026, 6.53138, 0.0 ] } },
{ "type": "Feature", "properties": { "FECHA": "7/09/2020 00:00:00 (UTC)", "DEPTO": null, "MUNICIPIO": "CIMITARRA", "VEREDA": null, "GASODUCTO": "(CENTRO - ORIENTE)", "TRAMO": "Barrancabermeja - Sebastopol", "PK_INICIO": "100065", "TP_DUCTO": "Troncal", "DISTRITO": "1", "DIAMETRO": "(20)", "TRM_REG": null, "TP_EVENTO": "SOCAVACIÓN LATERAL", "LONGITUD": 6.0, "PRIORIDAD": "Baja", "AMENAZA": "Bajo", "FX2": "20230810_FX2_C01_C0R_BARRANC-SEB_PK100+065_VA", "OBSERVACION_GEOTECNISTA": null }, "geometry": { "type": "Point", "coordinates": [ -74.310477, 6.517416, 0.0 ] } },
{ "type": "Feature", "properties": { "FECHA": "2/08/2020 00:00:00 (UTC)", "DEPTO": null, "MUNICIPIO": "SAN VICENTE DE CHUCURÍ", "VEREDA": null, "GASODUCTO": "(SUR DE BOLIVAR)", "TRAMO": "San Vicente - Playa Roja", "PK_INICIO": "1790", "TP_DUCTO": "Aislado", "DISTRITO": "1", "DIAMETRO": "3\"", "TRM_REG": null, "TP_EVENTO": "OTRO", "LONGITUD": 60.0, "PRIORIDAD": "Alta", "AMENAZA": "Alto", "FX2": "20220419_FX2_C01_SBO_S VIC-PLAYA R_PK001+790_VA", "OBSERVACION_GEOTECNISTA": null }, "geometry": { "type": "Point", "coordinates": [ -73.584266, 6.891668, 0.0 ] } },
{ "type": "Feature", "properties": { "FECHA": "2/08/2020 00:00:00 (UTC)", "DEPTO": null, "MUNICIPIO": "SAN VICENTE DE CHUCURÍ", "VEREDA": null, "GASODUCTO": "(SUR DE BOLIVAR)", "TRAMO": "San Vicente - Playa Roja", "PK_INICIO": "3885", "TP_DUCTO": "Aislado", "DISTRITO": "1", "DIAMETRO": "3\"", "TRM_REG": null, "TP_EVENTO": "SOCAVACIÓN LATERAL", "LONGITUD": 5.0, "PRIORIDAD": "Baja", "AMENAZA": "Bajo", "FX2": "20220616_FX2_C01_SBO_S VIC-PLAYA R_PK003+885_VA", "OBSERVACION_GEOTECNISTA": null }, "geometry": { "type": "Point", "coordinates": [ -73.566326, 6.891214, 0.0 ] } },
{ "type": "Feature", "properties": { "FECHA": "4/08/2020 00:00:00 (UTC)", "DEPTO": null, "MUNICIPIO": "SAN VICENTE DE CHUCURÍ", "VEREDA": null, "GASODUCTO": "(SUR DE BOLIVAR)", "TRAMO": "San Vicente - Playa Roja", "PK_INICIO": "11588", "TP_DUCTO": "Aislado", "DISTRITO": "1", "DIAMETRO": "3\"", "TRM_REG": null, "TP_EVENTO": "OTRO", "LONGITUD": 10.0, "PRIORIDAD": "Alta", "AMENAZA": "Alto", "FX2": "20220422_FX2_C01_SBO_S VIC-PLAYA R_PK011+588_VA", "OBSERVACION_GEOTECNISTA": null }, "geometry": { "type": "Point", "coordinates": [ -73.508718, 6.878398, 0.0 ] } },
{ "type": "Feature", "properties": { "FECHA": "4/08/2020 00:00:00 (UTC)", "DEPTO": null, "MUNICIPIO": "SAN VICENTE DE CHUCURÍ", "VEREDA": null, "GASODUCTO": "(SUR DE BOLIVAR)", "TRAMO": "San Vicente - Playa Roja", "PK_INICIO": "12041", "TP_DUCTO": "Aislado", "DISTRITO": "1", "DIAMETRO": "3\"", "TRM_REG": null, "TP_EVENTO": "SOCAVACIÓN DE FONDO", "LONGITUD": 10.0, "PRIORIDAD": "Media", "AMENAZA": "Medio", "FX2": "20221026_FX2_C01_SBO_S VIC-PLAYA R_PK012+041_VA", "OBSERVACION_GEOTECNISTA": null }, "geometry": { "type": "Point", "coordinates": [ -73.504781, 6.878765, 0.0 ] } },
{ "type": "Feature", "properties": { "FECHA": "5/08/2020 00:00:00 (UTC)", "DEPTO": null, "MUNICIPIO": "SAN VICENTE DE CHUCURÍ", "VEREDA": null, "GASODUCTO": "(SUR DE BOLIVAR)", "TRAMO": "San Vicente - Playa Roja", "PK_INICIO": "13320", "TP_DUCTO": "Aislado", "DISTRITO": "1", "DIAMETRO": "3\"", "TRM_REG": null, "TP_EVENTO": "SURCOS", "LONGITUD": 2.0, "PRIORIDAD": "Media", "AMENAZA": "Medio", "FX2": "20221027_FX2_C01_SBO_S VIC-PLAYA R_PK013+320_VA", "OBSERVACION_GEOTECNISTA": null }, "geometry": { "type": "Point", "coordinates": [ -73.495455, 6.880547, 0.0 ] } },
{ "type": "Feature", "properties": { "FECHA": "27/08/2020 00:00:00 (UTC)", "DEPTO": null, "MUNICIPIO": "SAN VICENTE DE CHUCURÍ", "VEREDA": null, "GASODUCTO": "(SUR DE BOLIVAR)", "TRAMO": "San Vicente - Playa Roja", "PK_INICIO": "15952", "TP_DUCTO": "Aislado", "DISTRITO": "1", "DIAMETRO": "3\"", "TRM_REG": null, "TP_EVENTO": "OTRO", "LONGITUD": 120.0, "PRIORIDAD": "Alta", "AMENAZA": "Alto", "FX2": "20220616_FX2_C01_SBO_S VIC-PLAYA R_PK015+952_VA", "OBSERVACION_GEOTECNISTA": null }, "geometry": { "type": "Point", "coordinates": [ -73.475157, 6.889766, 0.0 ] } },
{ "type": "Feature", "properties": { "FECHA": "7/02/2020 00:00:00 (UTC)", "DEPTO": null, "MUNICIPIO": "SAMACÁ", "VEREDA": null, "GASODUCTO": "(PORVENIR - LA BELLEZA)", "TRAMO": "Miraflores - Sutamarchan", "PK_INICIO": "135633", "TP_DUCTO": "Troncal", "DISTRITO": "5", "DIAMETRO": "(20)", "TRM_REG": null, "TP_EVENTO": "REPTACION", "LONGITUD": 202.0, "PRIORIDAD": "Baja", "AMENAZA": "Bajo", "FX2": "20230825_FX2_C04_PB_MIRAF-SUT_PK135+835_(PK102+788)_VC", "OBSERVACION_GEOTECNISTA": null }, "geometry": { "type": "Point", "coordinates": [ -73.449697, 5.464755, 0.0 ] } },
{ "type": "Feature", "properties": { "FECHA": "19/02/2020 00:00:00 (UTC)", "DEPTO": null, "MUNICIPIO": "LA DORADA", "VEREDA": null, "GASODUCTO": "(CENTRO - ORIENTE)", "TRAMO": "Puerto Salgar - Mariquita", "PK_INICIO": "262226", "TP_DUCTO": "Troncal", "DISTRITO": "2", "DIAMETRO": "(20)", "TRM_REG": null, "TP_EVENTO": "SOCAVACIÓN DE FONDO", "LONGITUD": 35.0, "PRIORIDAD": "Alta", "AMENAZA": "Extremo", "FX2": "20210927_FX2_C01_COR_PTO SALG-MAR_PK262+226_VC", "OBSERVACION_GEOTECNISTA": null }, "geometry": { "type": "Point", "coordinates": [ -74.71944, 5.372404, 0.0 ] } },
{ "type": "Feature", "properties": { "FECHA": "15/06/2020 00:00:00 (UTC)", "DEPTO": null, "MUNICIPIO": "CHIPAQUE", "VEREDA": null, "GASODUCTO": "(CUSIANA - APIAY - USME)", "TRAMO": "Chipaque", "PK_INICIO": "2200", "TP_DUCTO": "Ramal", "DISTRITO": "4", "DIAMETRO": "3\"", "TRM_REG": null, "TP_EVENTO": "REPTACION", "LONGITUD": 50.0, "PRIORIDAD": "Alta", "AMENAZA": "Extremo", "FX2": "20221101_FX2_C06_CAU_R-CHIPAQUE_PK002+200_VB", "OBSERVACION_GEOTECNISTA": null }, "geometry": { "type": "Point", "coordinates": [ -74.054706, 4.447195, 0.0 ] } },
{ "type": "Feature", "properties": { "FECHA": "2/08/2020 00:00:00 (UTC)", "DEPTO": null, "MUNICIPIO": "FLORIÁN", "VEREDA": null, "GASODUCTO": "(CENTRO - ORIENTE)", "TRAMO": "Florián", "PK_INICIO": "1000", "TP_DUCTO": "Ramal", "DISTRITO": "3", "DIAMETRO": "3\"", "TRM_REG": null, "TP_EVENTO": "REPTACION", "LONGITUD": 30.0, "PRIORIDAD": "Media", "AMENAZA": "Medio", "FX2": "20220125_FX2_C03_COR_R-FLORIAN_PK001+030_VA", "OBSERVACION_GEOTECNISTA": null }, "geometry": { "type": "Point", "coordinates": [ -73.973568, 5.799966, 0.0 ] } },
{ "type": "Feature", "properties": { "FECHA": "24/08/2020 00:00:00 (UTC)", "DEPTO": null, "MUNICIPIO": "LA GLORIA", "VEREDA": null, "GASODUCTO": "(BALLENAS-BARRANCA)", "TRAMO": "La Gloria", "PK_INICIO": "2390", "TP_DUCTO": "Ramal", "DISTRITO": "6", "DIAMETRO": "3\"", "TRM_REG": null, "TP_EVENTO": "SOCAVACIÓN DE FONDO", "LONGITUD": 100.0, "PRIORIDAD": "Alta", "AMENAZA": "Alto", "FX2": "20220120_FX2_PM1_BB_R-LA GLORIA_PK002+390_VA", "OBSERVACION_GEOTECNISTA": null }, "geometry": { "type": "Point", "coordinates": [ -73.697218, 8.621815, 0.0 ] } },
{ "type": "Feature", "properties": { "FECHA": "25/08/2020 00:00:00 (UTC)", "DEPTO": null, "MUNICIPIO": "CHIMICHAGUA", "VEREDA": null, "GASODUCTO": "(BALLENAS-BARRANCA)", "TRAMO": "Curumaní - Norean", "PK_INICIO": "338450", "TP_DUCTO": "Troncal", "DISTRITO": "6", "DIAMETRO": "(18)", "TRM_REG": null, "TP_EVENTO": "OTRO", "LONGITUD": 2.0, "PRIORIDAD": "Media", "AMENAZA": "Medio", "FX2": " ", "OBSERVACION_GEOTECNISTA": null }, "geometry": { "type": "Point", "coordinates": [ -73.659031, 9.048317, 0.0 ] } },
{ "type": "Feature", "properties": { "FECHA": "25/08/2020 00:00:00 (UTC)", "DEPTO": null, "MUNICIPIO": "CHIMICHAGUA", "VEREDA": null, "GASODUCTO": "(BALLENAS-BARRANCA)", "TRAMO": "Curumaní - Norean", "PK_INICIO": "338890", "TP_DUCTO": "Troncal", "DISTRITO": "6", "DIAMETRO": "(18)", "TRM_REG": null, "TP_EVENTO": "OTRO", "LONGITUD": 20.0, "PRIORIDAD": "Media", "AMENAZA": "Medio", "FX2": " ", "OBSERVACION_GEOTECNISTA": null }, "geometry": { "type": "Point", "coordinates": [ -73.659184, 9.044465, 0.0 ] } },
{ "type": "Feature", "properties": { "FECHA": "19/10/2020 00:00:00 (UTC)", "DEPTO": null, "MUNICIPIO": "OTANCHE", "VEREDA": null, "GASODUCTO": "(CENTRO - ORIENTE)", "TRAMO": "La Belleza - Vasconia", "PK_INICIO": "222322", "TP_DUCTO": "Troncal", "DISTRITO": "1", "DIAMETRO": "22\"", "TRM_REG": null, "TP_EVENTO": "DESLIZAMIENTO TRASLACIONAL", "LONGITUD": 238.0, "PRIORIDAD": "Alta", "AMENAZA": "Alto", "FX2": "20211125_FX2_C03_C0R_BELL-VASC_PK222+322_VC", "OBSERVACION_GEOTECNISTA": null }, "geometry": { "type": "Point", "coordinates": [ -74.213525, 5.82467, 0.0 ] } },
{ "type": "Feature", "properties": { "FECHA": "21/10/2020 00:00:00 (UTC)", "DEPTO": null, "MUNICIPIO": "LA DORADA", "VEREDA": null, "GASODUCTO": "(CENTRO - ORIENTE)", "TRAMO": "Termodorada", "PK_INICIO": "4787", "TP_DUCTO": "Ramal", "DISTRITO": "2", "DIAMETRO": "22\"", "TRM_REG": null, "TP_EVENTO": "SOCAVACIÓN DE FONDO", "LONGITUD": 36.0, "PRIORIDAD": "Alta", "AMENAZA": "Extremo", "FX2": "20230919_FX2_C01_COR_R-TERMOD_PK004+823_VB", "OBSERVACION_GEOTECNISTA": null }, "geometry": { "type": "Point", "coordinates": [ -74.693996, 5.409435, 0.0 ] } },
{ "type": "Feature", "properties": { "FECHA": "31/10/2020 00:00:00 (UTC)", "DEPTO": null, "MUNICIPIO": "PÁEZ", "VEREDA": null, "GASODUCTO": "(CUSIANA - PORVENIR)", "TRAMO": "Cusiana - Miraflores", "PK_INICIO": "28327", "TP_DUCTO": "Troncal", "DISTRITO": "5", "DIAMETRO": "(20)", "TRM_REG": null, "TP_EVENTO": "OTRO", "LONGITUD": 1043.0, "PRIORIDAD": "Alta", "AMENAZA": "Alto", "FX2": " ", "OBSERVACION_GEOTECNISTA": null }, "geometry": { "type": "Point", "coordinates": [ -73.00708, 5.08202, 0.0 ] } },
{ "type": "Feature", "properties": { "FECHA": "15/11/2020 00:00:00 (UTC)", "DEPTO": null, "MUNICIPIO": "Barrancabermeja", "VEREDA": null, "GASODUCTO": "(CENTRO - ORIENTE)", "TRAMO": "Barrancabermeja - Sebastopol", "PK_INICIO": "25259", "TP_DUCTO": "Troncal", "DISTRITO": "1", "DIAMETRO": "(20)", "TRM_REG": null, "TP_EVENTO": "SURCOS", "LONGITUD": 80.0, "PRIORIDAD": "Baja", "AMENAZA": "Bajo", "FX2": "20220811_FX2_C01_C0R_BARRANC-SEB_PK025+314_VA", "OBSERVACION_GEOTECNISTA": null }, "geometry": { "type": "Point", "coordinates": [ -73.837465, 6.927426, 0.0 ] } },
{ "type": "Feature", "properties": { "FECHA": "20/11/2020 00:00:00 (UTC)", "DEPTO": null, "MUNICIPIO": "SAN ALBERTO", "VEREDA": null, "GASODUCTO": "(BALLENAS-BARRANCA)", "TRAMO": "San Alberto", "PK_INICIO": "5272", "TP_DUCTO": "Ramal", "DISTRITO": "1", "DIAMETRO": "3\"", "TRM_REG": null, "TP_EVENTO": "SOCAVACIÓN DE FONDO", "LONGITUD": 10.0, "PRIORIDAD": "Alta", "AMENAZA": "Alto", "FX2": "20220121_FX2_PM1_BB_R-SAN ALBERTO_PK005+272_VB", "OBSERVACION_GEOTECNISTA": null }, "geometry": { "type": "Point", "coordinates": [ -73.465038, 7.724296, 0.0 ] } },
{ "type": "Feature", "properties": { "FECHA": "21/11/2020 00:00:00 (UTC)", "DEPTO": null, "MUNICIPIO": "PUERTO WILCHES", "VEREDA": null, "GASODUCTO": "(BALLENAS-BARRANCA)", "TRAMO": "San Alberto - Barrancabermeja", "PK_INICIO": "553057", "TP_DUCTO": "Troncal", "DISTRITO": "1", "DIAMETRO": "(18)", "TRM_REG": null, "TP_EVENTO": "OTRO", "LONGITUD": 210.0, "PRIORIDAD": "Media", "AMENAZA": "Medio", "FX2": " ", "OBSERVACION_GEOTECNISTA": null }, "geometry": { "type": "Point", "coordinates": [ -73.761205, 7.280286, 0.0 ] } },
{ "type": "Feature", "properties": { "FECHA": "25/11/2020 00:00:00 (UTC)", "DEPTO": null, "MUNICIPIO": "GUAYABETAL", "VEREDA": null, "GASODUCTO": "(CUSIANA - APIAY - USME)", "TRAMO": "Villavicencio - Usme", "PK_INICIO": "67928", "TP_DUCTO": "Troncal", "DISTRITO": "4", "DIAMETRO": "10\"", "TRM_REG": null, "TP_EVENTO": "REPTACION", "LONGITUD": 8.0, "PRIORIDAD": "Alta", "AMENAZA": "Alto", "FX2": "20221205_FX2_C06_CAU_VILLAV-USME_PK067+928_VB", "OBSERVACION_GEOTECNISTA": null }, "geometry": { "type": "Point", "coordinates": [ -73.842578, 4.244781, 0.0 ] } },
{ "type": "Feature", "properties": { "FECHA": "28/11/2020 00:00:00 (UTC)", "DEPTO": null, "MUNICIPIO": "AGUAZUL", "VEREDA": null, "GASODUCTO": "(CUSIANA - APIAY - USME)", "TRAMO": "Aguazul", "PK_INICIO": "12888", "TP_DUCTO": "Ramal", "DISTRITO": "4", "DIAMETRO": "3\"", "TRM_REG": null, "TP_EVENTO": "CARCAVAS", "LONGITUD": 300.0, "PRIORIDAD": "Baja", "AMENAZA": "Bajo", "FX2": "20210915_FX2_C04_CAU_R-AGUAZUL_PK012+888 al PK13+143_VB", "OBSERVACION_GEOTECNISTA": null }, "geometry": { "type": "Point", "coordinates": [ -72.629751, 5.057903, 0.0 ] } },
{ "type": "Feature", "properties": { "FECHA": "28/11/2020 00:00:00 (UTC)", "DEPTO": null, "MUNICIPIO": "JESÚS MARÍA", "VEREDA": null, "GASODUCTO": "(PORVENIR - LA BELLEZA)", "TRAMO": "Sutamarchan - La Belleza", "PK_INICIO": "200972", "TP_DUCTO": "Troncal", "DISTRITO": "5", "DIAMETRO": "(20)", "TRM_REG": null, "TP_EVENTO": "OTRO", "LONGITUD": 193.0, "PRIORIDAD": "Baja", "AMENAZA": "Bajo", "FX2": "20240124_FX2_C05_PB_SUT-BELL_PK200+972_(PK168+503)_VA", "OBSERVACION_GEOTECNISTA": null }, "geometry": { "type": "Point", "coordinates": [ -73.809543, 5.831158, 0.0 ] } },
{ "type": "Feature", "properties": { "FECHA": "29/11/2020 00:00:00 (UTC)", "DEPTO": null, "MUNICIPIO": "VILLA DE LEYVA", "VEREDA": null, "GASODUCTO": "(PORVENIR - LA BELLEZA)", "TRAMO": "Villa de Leyva", "PK_INICIO": "294", "TP_DUCTO": "Troncal", "DISTRITO": "5", "DIAMETRO": "3\"", "TRM_REG": null, "TP_EVENTO": "SURCOS", "LONGITUD": 20.0, "PRIORIDAD": "Alta", "AMENAZA": "Alto", "FX2": "20210405_FX2_C04_PB_R-VILLA LEY_PK000+313_VB", "OBSERVACION_GEOTECNISTA": null }, "geometry": { "type": "Point", "coordinates": [ -73.543309, 5.614442, 0.0 ] } },
{ "type": "Feature", "properties": { "FECHA": "25/09/2020 00:00:00 (UTC)", "DEPTO": null, "MUNICIPIO": "SANTA ROSA DE CABAL", "VEREDA": null, "GASODUCTO": "(MARIQUITA - CALI)", "TRAMO": "Santa Rosa de Cabal", "PK_INICIO": "9090", "TP_DUCTO": "Ramal", "DISTRITO": "7", "DIAMETRO": "4\"", "TRM_REG": null, "TP_EVENTO": "DESLIZAMIENTO TRASLACIONAL", "LONGITUD": 12.0, "PRIORIDAD": "Alta", "AMENAZA": "Alto", "FX2": "20211013_FX2_C07_MC_R-S ROSA CAB_PK009+090_VB", "OBSERVACION_GEOTECNISTA": null }, "geometry": { "type": "Point", "coordinates": [ -75.628194, 4.911361, 0.0 ] } },
{ "type": "Feature", "properties": { "FECHA": "26/06/2020 00:00:00 (UTC)", "DEPTO": null, "MUNICIPIO": "SANTA ROSA DE CABAL", "VEREDA": null, "GASODUCTO": "(MARIQUITA - CALI)", "TRAMO": "Santa Rosa de Cabal", "PK_INICIO": "10244", "TP_DUCTO": "Ramal", "DISTRITO": "7", "DIAMETRO": "4\"", "TRM_REG": null, "TP_EVENTO": "SOCAVACIÓN DE FONDO", "LONGITUD": 2.0, "PRIORIDAD": "Media", "AMENAZA": "Medio", "FX2": "20220406_FX2_C07_MC_R-S ROSA CAB_PK010+244_VA", "OBSERVACION_GEOTECNISTA": null }, "geometry": { "type": "Point", "coordinates": [ -75.629107, 4.902037, 0.0 ] } },
{ "type": "Feature", "properties": { "FECHA": "25/09/2020 00:00:00 (UTC)", "DEPTO": null, "MUNICIPIO": "MARSELLA", "VEREDA": null, "GASODUCTO": "(MARIQUITA - CALI)", "TRAMO": "Marsella - Obando", "PK_INICIO": "142925", "TP_DUCTO": "Troncal", "DISTRITO": "7", "DIAMETRO": "(20)", "TRM_REG": null, "TP_EVENTO": "CARCAVAS", "LONGITUD": 24.0, "PRIORIDAD": "Media", "AMENAZA": "Medio", "FX2": "20240314_FX2_C07_MC_MARS-OBAND_PK142+925_VA", "OBSERVACION_GEOTECNISTA": null }, "geometry": { "type": "Point", "coordinates": [ -75.799333, 4.924861, 0.0 ] } },
{ "type": "Feature", "properties": { "FECHA": "7/07/2020 00:00:00 (UTC)", "DEPTO": null, "MUNICIPIO": "LA TEBAIDA", "VEREDA": null, "GASODUCTO": "(MARIQUITA - CALI)", "TRAMO": "Armenia", "PK_INICIO": "25470", "TP_DUCTO": "Troncal", "DISTRITO": "7", "DIAMETRO": "10\"", "TRM_REG": null, "TP_EVENTO": "OTRO", "LONGITUD": 30.0, "PRIORIDAD": "Alta", "AMENAZA": "Alto", "FX2": "20231214_FX2_C08_MC_R-ARM_PK025+470_VA", "OBSERVACION_GEOTECNISTA": null }, "geometry": { "type": "Point", "coordinates": [ -75.875761, 4.437967, 0.0 ] } },
{ "type": "Feature", "properties": { "FECHA": "15/11/2023 00:00:00 (UTC)", "DEPTO": null, "MUNICIPIO": "PUERTO BOYACÁ", "VEREDA": null, "GASODUCTO": "(CENTRO - ORIENTE)", "TRAMO": "La Belleza - Vasconia", "PK_INICIO": "45917", "TP_DUCTO": "Loop", "DISTRITO": "1", "DIAMETRO": "(16)", "TRM_REG": null, "TP_EVENTO": "FLUJOS", "LONGITUD": 120.0, "PRIORIDAD": "Alta", "AMENAZA": "Extremo", "FX2": "20231115_FX2_C03_COR_BELL-VASC_PK231+800 (045+917)_VC", "OBSERVACION_GEOTECNISTA": null }, "geometry": { "type": "Point", "coordinates": [ -74.264689, 5.808126, 0.0 ] } },
{ "type": "Feature", "properties": { "FECHA": "24/07/2021 00:00:00 (UTC)", "DEPTO": null, "MUNICIPIO": "PUERTO BOYACÁ", "VEREDA": null, "GASODUCTO": "(CENTRO - ORIENTE)", "TRAMO": "La Belleza - Vasconia", "PK_INICIO": "254400", "TP_DUCTO": "Troncal", "DISTRITO": "1", "DIAMETRO": "22\"", "TRM_REG": null, "TP_EVENTO": "CARCAVAS", "LONGITUD": 20.0, "PRIORIDAD": "Alta", "AMENAZA": "Extremo", "FX2": "20210724_FX2_C03_COR_BELL-VASC_PK254+400_VB", "OBSERVACION_GEOTECNISTA": null }, "geometry": { "type": "Point", "coordinates": [ -74.40069, 5.90647, 0.0 ] } },
{ "type": "Feature", "properties": { "FECHA": "13/04/2023 00:00:00 (UTC)", "DEPTO": null, "MUNICIPIO": "MONIQUIRÁ", "VEREDA": null, "GASODUCTO": "(BOYACA - SANTANDER)", "TRAMO": "Otero - Santana", "PK_INICIO": "21150", "TP_DUCTO": "Troncal", "DISTRITO": "5", "DIAMETRO": "14\"", "TRM_REG": null, "TP_EVENTO": "SOCAVACIÓN LATERAL", "LONGITUD": 30.0, "PRIORIDAD": "Alta", "AMENAZA": "Alto", "FX2": "20230413_FX2_C05_GBS_OTERO-SANT_PK021+150_VB", "OBSERVACION_GEOTECNISTA": null }, "geometry": { "type": "Point", "coordinates": [ -73.603026, 5.937195, 0.0 ] } },
{ "type": "Feature", "properties": { "FECHA": "4/03/2021 00:00:00 (UTC)", "DEPTO": null, "MUNICIPIO": "MANIZALES", "VEREDA": null, "GASODUCTO": "(MARIQUITA - CALI)", "TRAMO": "Neira", "PK_INICIO": "10628", "TP_DUCTO": "Ramal", "DISTRITO": "7", "DIAMETRO": "3\"", "TRM_REG": null, "TP_EVENTO": "DESLIZAMIENTO ROTACIONAL", "LONGITUD": 250.0, "PRIORIDAD": "Alta", "AMENAZA": "Extremo", "FX2": "20210304_FX2_C07_MC_R-NEIRA_PK010+600_VF", "OBSERVACION_GEOTECNISTA": null }, "geometry": { "type": "Point", "coordinates": [ -75.47693, 5.09172, 0.0 ] } },
{ "type": "Feature", "properties": { "FECHA": "7/09/2021 00:00:00 (UTC)", "DEPTO": null, "MUNICIPIO": "HERVEO", "VEREDA": null, "GASODUCTO": "(MARIQUITA - CALI)", "TRAMO": "Mariquita - Letras", "PK_INICIO": "53800", "TP_DUCTO": "Troncal", "DISTRITO": "7", "DIAMETRO": "(20)", "TRM_REG": null, "TP_EVENTO": "SOCAVACIÓN LATERAL", "LONGITUD": 10.0, "PRIORIDAD": "Alta", "AMENAZA": "Alto", "FX2": "20210907_FX2_C07_MC_MAR-LET_PK053+800_VA", "OBSERVACION_GEOTECNISTA": null }, "geometry": { "type": "Point", "coordinates": [ -75.249856, 5.090958, 0.0 ] } },
{ "type": "Feature", "properties": { "FECHA": "13/07/2021 00:00:00 (UTC)", "DEPTO": null, "MUNICIPIO": "ZARZAL", "VEREDA": null, "GASODUCTO": "(MARIQUITA - CALI)", "TRAMO": "Armenia", "PK_INICIO": "13700", "TP_DUCTO": "Ramal", "DISTRITO": "7", "DIAMETRO": "10\"", "TRM_REG": null, "TP_EVENTO": "DESLIZAMIENTO TRASLACIONAL", "LONGITUD": 40.0, "PRIORIDAD": "Media", "AMENAZA": "Medio", "FX2": "20210713_FX2_C08_MC_R-ARM_PK013+700_VA", "OBSERVACION_GEOTECNISTA": null }, "geometry": { "type": "Point", "coordinates": [ -75.948404, 4.39414, 0.0 ] } },
{ "type": "Feature", "properties": { "FECHA": "12/04/2022 00:00:00 (UTC)", "DEPTO": null, "MUNICIPIO": "CARTAGO", "VEREDA": null, "GASODUCTO": "(MARIQUITA - CALI)", "TRAMO": "Marsella - Obando", "PK_INICIO": "174400", "TP_DUCTO": "Troncal", "DISTRITO": "7", "DIAMETRO": "(20)", "TRM_REG": null, "TP_EVENTO": "OTRO", "LONGITUD": 4.0, "PRIORIDAD": "Alta", "AMENAZA": "Extremo", "FX2": "20220511_FX2_C08_MC_MARS-OBAND_PK174+400_VA", "OBSERVACION_GEOTECNISTA": null }, "geometry": { "type": "Point", "coordinates": [ -75.882083299999977, 4.72685, 0.0 ] } },
{ "type": "Feature", "properties": { "FECHA": "4/03/2021 00:00:00 (UTC)", "DEPTO": null, "MUNICIPIO": "MANIZALES", "VEREDA": null, "GASODUCTO": "(MARIQUITA - CALI)", "TRAMO": "Letras - Marsella", "PK_INICIO": "79283", "TP_DUCTO": "Troncal", "DISTRITO": "7", "DIAMETRO": "(20)", "TRM_REG": null, "TP_EVENTO": "REPTACION", "LONGITUD": 7.0, "PRIORIDAD": "Baja", "AMENAZA": "Bajo", "FX2": "20210304_FX2_C07_MC_LET-MARS_PK079+290_V1", "OBSERVACION_GEOTECNISTA": null }, "geometry": { "type": "Point", "coordinates": [ -75.426581, 5.031963, 0.0 ] } },
{ "type": "Feature", "properties": { "FECHA": "17/03/2021 00:00:00 (UTC)", "DEPTO": null, "MUNICIPIO": "PUERTO PARRA", "VEREDA": null, "GASODUCTO": "(CENTRO - ORIENTE)", "TRAMO": "Barrancabermeja - Sebastopol", "PK_INICIO": "45379", "TP_DUCTO": "Troncal", "DISTRITO": "1", "DIAMETRO": "(20)", "TRM_REG": null, "TP_EVENTO": "SOCAVACIÓN DE FONDO", "LONGITUD": 20.0, "PRIORIDAD": "Alta", "AMENAZA": "Alto", "FX2": "20210317_FX2_C01_COR_BARRANC-SEB_PK045+379__PK045+564VB", "OBSERVACION_GEOTECNISTA": null }, "geometry": { "type": "Point", "coordinates": [ -73.92422, 6.77698, 0.0 ] } },
{ "type": "Feature", "properties": { "FECHA": "23/03/2021 00:00:00 (UTC)", "DEPTO": null, "MUNICIPIO": "MANIZALES", "VEREDA": null, "GASODUCTO": "(MARIQUITA - CALI)", "TRAMO": "Neira", "PK_INICIO": "16850", "TP_DUCTO": "Ramal", "DISTRITO": "7", "DIAMETRO": "3\"", "TRM_REG": null, "TP_EVENTO": "DESLIZAMIENTO TRASLACIONAL", "LONGITUD": 15.0, "PRIORIDAD": "Alta", "AMENAZA": "Alto", "FX2": "20210323_FX2_C07_MC_R-NEIRA_PK016+850_VB", "OBSERVACION_GEOTECNISTA": null }, "geometry": { "type": "Point", "coordinates": [ -75.48596, 5.13796, 0.0 ] } },
{ "type": "Feature", "properties": { "FECHA": "7/04/2021 00:00:00 (UTC)", "DEPTO": null, "MUNICIPIO": "CHIQUINQUIRÁ", "VEREDA": null, "GASODUCTO": "(CENTRO - ORIENTE)", "TRAMO": "Puente Guillermo - Sucre Oriental", "PK_INICIO": "27572", "TP_DUCTO": "Troncal", "DISTRITO": "3", "DIAMETRO": "(20)", "TRM_REG": null, "TP_EVENTO": "SURCOS", "LONGITUD": 5.5, "PRIORIDAD": "Alta", "AMENAZA": "Medio", "FX2": "20210407_FX2_C03_COR_PTE_GUI-SUCREO_PK027+572_VB", "OBSERVACION_GEOTECNISTA": null }, "geometry": { "type": "Point", "coordinates": [ -73.79784, 5.62748, 0.0 ] } },
{ "type": "Feature", "properties": { "FECHA": "13/04/2021 00:00:00 (UTC)", "DEPTO": null, "MUNICIPIO": "PUERTO SALGAR", "VEREDA": null, "GASODUCTO": "(CENTRO - ORIENTE)", "TRAMO": "Vasconia - Puerto Salgar", "PK_INICIO": "226095", "TP_DUCTO": "Troncal", "DISTRITO": "1", "DIAMETRO": "(20)", "TRM_REG": null, "TP_EVENTO": "SOCAVACIÓN LATERAL", "LONGITUD": 15.0, "PRIORIDAD": "Alta", "AMENAZA": "Extremo", "FX2": "20210413_FX2_COR_VASC-PTO-SALG_PK226+095_VB", "OBSERVACION_GEOTECNISTA": null }, "geometry": { "type": "Point", "coordinates": [ -74.62113, 5.63833, 0.0 ] } },
{ "type": "Feature", "properties": { "FECHA": "24/03/2021 00:00:00 (UTC)", "DEPTO": null, "MUNICIPIO": "OTANCHE", "VEREDA": null, "GASODUCTO": "(CENTRO - ORIENTE)", "TRAMO": "La Belleza - Vasconia", "PK_INICIO": "214340", "TP_DUCTO": "Troncal", "DISTRITO": "1", "DIAMETRO": "(14)", "TRM_REG": null, "TP_EVENTO": "DESLIZAMIENTO TRASLACIONAL", "LONGITUD": 40.0, "PRIORIDAD": "Alta", "AMENAZA": "Alto", "FX2": "20210324_FX2_C05_COR_BELL-VASC_PK214+360_VB", "OBSERVACION_GEOTECNISTA": null }, "geometry": { "type": "Point", "coordinates": [ -74.138984, 5.816775, 0.0 ] } },
{ "type": "Feature", "properties": { "FECHA": "5/05/2021 00:00:00 (UTC)", "DEPTO": null, "MUNICIPIO": "BRICEÑO", "VEREDA": null, "GASODUCTO": "(CENTRO - ORIENTE)", "TRAMO": "PK 17+500 - Sucre Oriental", "PK_INICIO": "21050", "TP_DUCTO": "Troncal", "DISTRITO": "3", "DIAMETRO": "(22)", "TRM_REG": null, "TP_EVENTO": "REPTACION", "LONGITUD": 3.0, "PRIORIDAD": "Alta", "AMENAZA": "Alto", "FX2": "20210505_FX2_C04_COR_17+500-SUCREO_PK021+050_VD", "OBSERVACION_GEOTECNISTA": null }, "geometry": { "type": "Point", "coordinates": [ -73.926722, 5.696419, 0.0 ] } },
{ "type": "Feature", "properties": { "FECHA": "7/04/2021 00:00:00 (UTC)", "DEPTO": null, "MUNICIPIO": "CAICEDONIA", "VEREDA": null, "GASODUCTO": "(MARIQUITA - CALI)", "TRAMO": "Caicedonia", "PK_INICIO": "10200", "TP_DUCTO": "Ramal", "DISTRITO": "8", "DIAMETRO": "3\"", "TRM_REG": null, "TP_EVENTO": "OTRO", "LONGITUD": 11.0, "PRIORIDAD": "Media", "AMENAZA": "Medio", "FX2": "20210407_FX2_C08_MC_R-CAICEDONIA_PK010+200_VB", "OBSERVACION_GEOTECNISTA": null }, "geometry": { "type": "Point", "coordinates": [ -75.84885, 4.35534, 0.0 ] } },
{ "type": "Feature", "properties": { "FECHA": "7/04/2021 00:00:00 (UTC)", "DEPTO": null, "MUNICIPIO": "ZARZAL", "VEREDA": null, "GASODUCTO": "(MARIQUITA - CALI)", "TRAMO": "Zarzal", "PK_INICIO": "625", "TP_DUCTO": "Ramal", "DISTRITO": "8", "DIAMETRO": "3\"", "TRM_REG": null, "TP_EVENTO": "OTRO", "LONGITUD": 21.0, "PRIORIDAD": "Alta", "AMENAZA": "Alto", "FX2": "20210407_FX2_C08_MC_R-ZARZAL_PK000+630_VB", "OBSERVACION_GEOTECNISTA": null }, "geometry": { "type": "Point", "coordinates": [ -76.062014, 4.38982, 0.0 ] } },
{ "type": "Feature", "properties": { "FECHA": "13/04/2021 00:00:00 (UTC)", "DEPTO": null, "MUNICIPIO": "LÍBANO", "VEREDA": null, "GASODUCTO": "(CENTRO - ORIENTE)", "TRAMO": "Líbano", "PK_INICIO": "17210", "TP_DUCTO": "Ramal", "DISTRITO": "2", "DIAMETRO": "4\"", "TRM_REG": null, "TP_EVENTO": "OTRO", "LONGITUD": 20.0, "PRIORIDAD": "Media", "AMENAZA": "Medio", "FX2": "20210413_FX2_C02_COR_R-LIBANO_PK017+210_VB", "OBSERVACION_GEOTECNISTA": null }, "geometry": { "type": "Point", "coordinates": [ -75.023437, 4.897205, 0.0 ] } },
{ "type": "Feature", "properties": { "FECHA": "14/04/2021 00:00:00 (UTC)", "DEPTO": null, "MUNICIPIO": "LÉRIDA", "VEREDA": null, "GASODUCTO": "(CENTRO - ORIENTE)", "TRAMO": "Líbano", "PK_INICIO": "6463", "TP_DUCTO": "Ramal", "DISTRITO": "2", "DIAMETRO": "4\"", "TRM_REG": null, "TP_EVENTO": "SOCAVACIÓN DE FONDO", "LONGITUD": 10.0, "PRIORIDAD": "Alta", "AMENAZA": "Alto", "FX2": "20210414_FX2_C02_COR_R-LIBANO_PK006+463_VB", "OBSERVACION_GEOTECNISTA": null }, "geometry": { "type": "Point", "coordinates": [ -74.965968, 4.848162, 0.0 ] } },
{ "type": "Feature", "properties": { "FECHA": "5/05/2021 00:00:00 (UTC)", "DEPTO": null, "MUNICIPIO": "BRICEÑO", "VEREDA": null, "GASODUCTO": "(CENTRO - ORIENTE)", "TRAMO": "PK 17+500 - Sucre Oriental", "PK_INICIO": "21660", "TP_DUCTO": "Troncal", "DISTRITO": "3", "DIAMETRO": "(22)", "TRM_REG": null, "TP_EVENTO": "DESLIZAMIENTO TRASLACIONAL", "LONGITUD": 80.0, "PRIORIDAD": "Media", "AMENAZA": "Medio", "FX2": "20210505_FX2_C04_COR_17+500-SUCREO_PK021+660_VB", "OBSERVACION_GEOTECNISTA": null }, "geometry": { "type": "Point", "coordinates": [ -73.928007, 5.692073, 0.0 ] } },
{ "type": "Feature", "properties": { "FECHA": "21/05/2021 00:00:00 (UTC)", "DEPTO": null, "MUNICIPIO": "BRICEÑO", "VEREDA": null, "GASODUCTO": "(CENTRO - ORIENTE)", "TRAMO": "PK 17+500 - Sucre Oriental", "PK_INICIO": "21190", "TP_DUCTO": "Troncal", "DISTRITO": "3", "DIAMETRO": "(22)", "TRM_REG": null, "TP_EVENTO": "CARCAVAS", "LONGITUD": 15.0, "PRIORIDAD": "Alta", "AMENAZA": "Alto", "FX2": "20210521_FX2_C03_COR_17+500-SUCREO_PK021+190_VB", "OBSERVACION_GEOTECNISTA": null }, "geometry": { "type": "Point", "coordinates": [ -73.92707, 5.69548, 0.0 ] } },
{ "type": "Feature", "properties": { "FECHA": "18/06/2021 00:00:00 (UTC)", "DEPTO": null, "MUNICIPIO": "BALBOA", "VEREDA": null, "GASODUCTO": "(MARIQUITA - CALI)", "TRAMO": "La Celia", "PK_INICIO": "3850", "TP_DUCTO": "Ramal", "DISTRITO": "7", "DIAMETRO": "3\"", "TRM_REG": null, "TP_EVENTO": "DESLIZAMIENTO TRASLACIONAL", "LONGITUD": 15.0, "PRIORIDAD": "Media", "AMENAZA": "Medio", "FX2": "20210618_FX2_C07_MC_R-LA_CELIA_PK003+850_VA", "OBSERVACION_GEOTECNISTA": null }, "geometry": { "type": "Point", "coordinates": [ -75.94041, 4.90377, 0.0 ] } },
{ "type": "Feature", "properties": { "FECHA": "18/06/2021 00:00:00 (UTC)", "DEPTO": null, "MUNICIPIO": "BALBOA", "VEREDA": null, "GASODUCTO": "(MARIQUITA - CALI)", "TRAMO": "La Celia", "PK_INICIO": "10650", "TP_DUCTO": "Ramal", "DISTRITO": "7", "DIAMETRO": "3\"", "TRM_REG": null, "TP_EVENTO": "DESLIZAMIENTO TRASLACIONAL", "LONGITUD": 40.0, "PRIORIDAD": "Baja", "AMENAZA": "Bajo", "FX2": "20210618_FX2_C07_MC_R-LA_CELIA_PK010+650_VA", "OBSERVACION_GEOTECNISTA": null }, "geometry": { "type": "Point", "coordinates": [ -75.962408, 4.941816, 0.0 ] } },
{ "type": "Feature", "properties": { "FECHA": "4/05/2022 00:00:00 (UTC)", "DEPTO": null, "MUNICIPIO": "LA GLORIA", "VEREDA": null, "GASODUCTO": "(BALLENAS-BARRANCA)", "TRAMO": "La Gloria", "PK_INICIO": "7860", "TP_DUCTO": "Ramal", "DISTRITO": "6", "DIAMETRO": "3\"", "TRM_REG": null, "TP_EVENTO": "OTRO", "LONGITUD": 6.0, "PRIORIDAD": "Alta", "AMENAZA": "Alto", "FX2": "20220504_FX2_PM1_BB_R-LA GLORIA_PK007+860_VB", "OBSERVACION_GEOTECNISTA": null }, "geometry": { "type": "Point", "coordinates": [ -73.74439, 8.63178, 0.0 ] } },
{ "type": "Feature", "properties": { "FECHA": "24/06/2021 00:00:00 (UTC)", "DEPTO": null, "MUNICIPIO": "MARSELLA", "VEREDA": null, "GASODUCTO": "(MARIQUITA - CALI)", "TRAMO": "Letras - Marsella", "PK_INICIO": "134370", "TP_DUCTO": "Troncal", "DISTRITO": "7", "DIAMETRO": "(20)", "TRM_REG": null, "TP_EVENTO": "DESLIZAMIENTO TRASLACIONAL", "LONGITUD": 22.0, "PRIORIDAD": "Media", "AMENAZA": "Medio", "FX2": "20210624_FX2_C07_MC_LET-MARS_PK134+370_VA", "OBSERVACION_GEOTECNISTA": null }, "geometry": { "type": "Point", "coordinates": [ -75.77317, 4.987517, 0.0 ] } },
{ "type": "Feature", "properties": { "FECHA": "28/06/2021 00:00:00 (UTC)", "DEPTO": null, "MUNICIPIO": "MAICAO", "VEREDA": null, "GASODUCTO": "(BALLENAS-BARRANCA)", "TRAMO": "Ballenas - Hato Nuevo", "PK_INICIO": "35802", "TP_DUCTO": "Troncal", "DISTRITO": "6", "DIAMETRO": "(18)", "TRM_REG": null, "TP_EVENTO": "CARCAVAS", "LONGITUD": 144.0, "PRIORIDAD": "Alta", "AMENAZA": "Extremo", "FX2": "20210628_FX2_PM1_BB_BALL-HATO_PK035+802_VB", "OBSERVACION_GEOTECNISTA": null }, "geometry": { "type": "Point", "coordinates": [ -72.64403, 11.38618, 0.0 ] } },
{ "type": "Feature", "properties": { "FECHA": "13/07/2021 00:00:00 (UTC)", "DEPTO": null, "MUNICIPIO": "ZARZAL", "VEREDA": null, "GASODUCTO": "(MARIQUITA - CALI)", "TRAMO": "Loop - Ramal Armenia", "PK_INICIO": "13850", "TP_DUCTO": "Loop", "DISTRITO": "7", "DIAMETRO": "14\"", "TRM_REG": null, "TP_EVENTO": "DESLIZAMIENTO TRASLACIONAL", "LONGITUD": 25.0, "PRIORIDAD": "Media", "AMENAZA": "Medio", "FX2": "20210713_FX2_C08_MC_R-ARMENIA(L)_PK013+850_VB", "OBSERVACION_GEOTECNISTA": null }, "geometry": { "type": "Point", "coordinates": [ -75.947238, 4.394497, 0.0 ] } },
{ "type": "Feature", "properties": { "FECHA": "28/07/2021 00:00:00 (UTC)", "DEPTO": null, "MUNICIPIO": "PÁEZ", "VEREDA": null, "GASODUCTO": "(CUSIANA - PORVENIR)", "TRAMO": "Cusiana - Miraflores", "PK_INICIO": "19824", "TP_DUCTO": "Troncal", "DISTRITO": "5", "DIAMETRO": "(20)", "TRM_REG": null, "TP_EVENTO": "CARCAVAS", "LONGITUD": 1.0, "PRIORIDAD": "Alta", "AMENAZA": "Alto", "FX2": "20210728_FX2_C04_CP_CUS-MIRAF_PK019+824_VB", "OBSERVACION_GEOTECNISTA": null }, "geometry": { "type": "Point", "coordinates": [ -72.97872, 5.025375, 0.0 ] } },
{ "type": "Feature", "properties": { "FECHA": "5/08/2021 00:00:00 (UTC)", "DEPTO": null, "MUNICIPIO": "BARBOSA", "VEREDA": null, "GASODUCTO": "(BOYACA - SANTANDER)", "TRAMO": "Otero - Santana", "PK_INICIO": "28209", "TP_DUCTO": "Troncal", "DISTRITO": "5", "DIAMETRO": "14\"", "TRM_REG": null, "TP_EVENTO": "REPTACION", "LONGITUD": 400.0, "PRIORIDAD": "Alta", "AMENAZA": "Extremo", "FX2": "20210805_FX2_C05_GBS_OTERO-SANT_PK028+209_VC", "OBSERVACION_GEOTECNISTA": null }, "geometry": { "type": "Point", "coordinates": [ -73.590394, 5.993945, 0.0 ] } },
{ "type": "Feature", "properties": { "FECHA": "18/06/2021 00:00:00 (UTC)", "DEPTO": null, "MUNICIPIO": "BALBOA", "VEREDA": null, "GASODUCTO": "(MARIQUITA - CALI)", "TRAMO": "La Celia", "PK_INICIO": "6950", "TP_DUCTO": "Ramal", "DISTRITO": "7", "DIAMETRO": "3\"", "TRM_REG": null, "TP_EVENTO": "DESLIZAMIENTO TRASLACIONAL", "LONGITUD": 25.0, "PRIORIDAD": "Baja", "AMENAZA": "Bajo", "FX2": "20210618_FX2_C07_MC_R-LA_CELIA_PK006+950_VB", "OBSERVACION_GEOTECNISTA": null }, "geometry": { "type": "Point", "coordinates": [ -75.954514, 4.920915, 0.0 ] } },
{ "type": "Feature", "properties": { "FECHA": "16/09/2021 00:00:00 (UTC)", "DEPTO": null, "MUNICIPIO": "PUERTO BOYACÁ", "VEREDA": null, "GASODUCTO": "(CENTRO - ORIENTE)", "TRAMO": "Puerto Romero - Hub Vasconia", "PK_INICIO": "16640", "TP_DUCTO": "Troncal", "DISTRITO": "1", "DIAMETRO": "(30)", "TRM_REG": null, "TP_EVENTO": "CARCAVAS", "LONGITUD": 140.0, "PRIORIDAD": "Alta", "AMENAZA": "Medio", "FX2": "20210916_FX2_C03_C0R_PTO ROM-VASC_PK016+640_VB", "OBSERVACION_GEOTECNISTA": null }, "geometry": { "type": "Point", "coordinates": [ -74.52439, 6.02575, 0.0 ] } },
{ "type": "Feature", "properties": { "FECHA": "7/09/2021 00:00:00 (UTC)", "DEPTO": null, "MUNICIPIO": "HERVEO", "VEREDA": null, "GASODUCTO": "(MARIQUITA - CALI)", "TRAMO": "Mariquita - Letras", "PK_INICIO": "53675", "TP_DUCTO": "Troncal", "DISTRITO": "7", "DIAMETRO": "(20)", "TRM_REG": null, "TP_EVENTO": "CARCAVAS", "LONGITUD": 10.0, "PRIORIDAD": "Media", "AMENAZA": "Medio", "FX2": "20210907_FX2_C07_MC_MAR-LET_PK053+675_VA", "OBSERVACION_GEOTECNISTA": null }, "geometry": { "type": "Point", "coordinates": [ -75.2497, 5.091283, 0.0 ] } },
{ "type": "Feature", "properties": { "FECHA": "28/07/2021 00:00:00 (UTC)", "DEPTO": null, "MUNICIPIO": "PÁEZ", "VEREDA": null, "GASODUCTO": "(CUSIANA - PORVENIR)", "TRAMO": "Cusiana - Miraflores", "PK_INICIO": "19592", "TP_DUCTO": "Troncal", "DISTRITO": "5", "DIAMETRO": "(20)", "TRM_REG": null, "TP_EVENTO": "CARCAVAS", "LONGITUD": 1.0, "PRIORIDAD": "Alta", "AMENAZA": "Alto", "FX2": "20210728_FX2_C04_CP_CUS-MIRAF_PK019+592_VB", "OBSERVACION_GEOTECNISTA": null }, "geometry": { "type": "Point", "coordinates": [ -72.977683, 5.023702, 0.0 ] } },
{ "type": "Feature", "properties": { "FECHA": "24/06/2021 00:00:00 (UTC)", "DEPTO": null, "MUNICIPIO": "MARSELLA", "VEREDA": null, "GASODUCTO": "(MARIQUITA - CALI)", "TRAMO": "Letras - Marsella", "PK_INICIO": "134840", "TP_DUCTO": "Troncal", "DISTRITO": "7", "DIAMETRO": "(20)", "TRM_REG": null, "TP_EVENTO": "DESLIZAMIENTO TRASLACIONAL", "LONGITUD": 15.0, "PRIORIDAD": "Alta", "AMENAZA": "Alto", "FX2": "20231004_FX2_C07_MC_LET-MARS_PK134+840_VB", "OBSERVACION_GEOTECNISTA": null }, "geometry": { "type": "Point", "coordinates": [ -75.775594899999987, 4.984118300000034, 0.0 ] } },
{ "type": "Feature", "properties": { "FECHA": "3/08/2021 00:00:00 (UTC)", "DEPTO": null, "MUNICIPIO": "MANZANARES", "VEREDA": null, "GASODUCTO": "(MARIQUITA - CALI)", "TRAMO": "Manzanares", "PK_INICIO": "11948", "TP_DUCTO": "Ramal", "DISTRITO": "7", "DIAMETRO": "3\"", "TRM_REG": null, "TP_EVENTO": "DESLIZAMIENTO TRASLACIONAL", "LONGITUD": 6.5, "PRIORIDAD": "Alta", "AMENAZA": "Alto", "FX2": "20210803_FX2_C07_MC_R-MANZAN_PK011+948_VA", "OBSERVACION_GEOTECNISTA": null }, "geometry": { "type": "Point", "coordinates": [ -75.098472, 5.239582, 0.0 ] } },
{ "type": "Feature", "properties": { "FECHA": "15/10/2021 00:00:00 (UTC)", "DEPTO": null, "MUNICIPIO": "PUERTO BOYACÁ", "VEREDA": null, "GASODUCTO": "(CENTRO - ORIENTE)", "TRAMO": "Vasconia - Puerto Salgar", "PK_INICIO": "210409", "TP_DUCTO": "Troncal", "DISTRITO": "1", "DIAMETRO": "(20)", "TRM_REG": null, "TP_EVENTO": "SOCAVACIÓN DE FONDO", "LONGITUD": 1.6, "PRIORIDAD": "Alta", "AMENAZA": "Alto", "FX2": "20211015_FX2_C01_C0R_VASC-PTO SALG_PK210+409_VB", "OBSERVACION_GEOTECNISTA": null }, "geometry": { "type": "Point", "coordinates": [ -74.636563, 5.771225, 0.0 ] } },
{ "type": "Feature", "properties": { "FECHA": "16/09/2021 00:00:00 (UTC)", "DEPTO": null, "MUNICIPIO": "PUERTO BOYACÁ", "VEREDA": null, "GASODUCTO": "(CENTRO - ORIENTE)", "TRAMO": "Puerto Romero - Hub Vasconia", "PK_INICIO": "15400", "TP_DUCTO": "Troncal", "DISTRITO": "1", "DIAMETRO": "(30)", "TRM_REG": null, "TP_EVENTO": "SURCOS", "LONGITUD": 60.0, "PRIORIDAD": "Alta", "AMENAZA": "Alto", "FX2": "20210916_FX2_C03_C0R_PTO ROM-VASC_PK015+400_VB", "OBSERVACION_GEOTECNISTA": null }, "geometry": { "type": "Point", "coordinates": [ -74.51775, 6.01825, 0.0 ] } },
{ "type": "Feature", "properties": { "FECHA": "1/09/2021 00:00:00 (UTC)", "DEPTO": null, "MUNICIPIO": "TUNUNGUÁ", "VEREDA": null, "GASODUCTO": "(CENTRO - ORIENTE)", "TRAMO": "Albania", "PK_INICIO": "1068", "TP_DUCTO": "Ramal", "DISTRITO": "3", "DIAMETRO": "3\"", "TRM_REG": null, "TP_EVENTO": "SOCAVACIÓN LATERAL", "LONGITUD": 6.0, "PRIORIDAD": "Alta", "AMENAZA": "Alto", "FX2": "20210901_FX2_C03_COR_R-ALBANIA_PK001+068_VB", "OBSERVACION_GEOTECNISTA": null }, "geometry": { "type": "Point", "coordinates": [ -73.92245, 5.73533, 0.0 ] } },
{ "type": "Feature", "properties": { "FECHA": "14/07/2021 00:00:00 (UTC)", "DEPTO": null, "MUNICIPIO": "LA VICTORIA", "VEREDA": null, "GASODUCTO": "(MARIQUITA - CALI)", "TRAMO": "Loop - Ramal Armenia", "PK_INICIO": "15920", "TP_DUCTO": "Loop", "DISTRITO": "7", "DIAMETRO": "14\"", "TRM_REG": null, "TP_EVENTO": "FLUJOS", "LONGITUD": 20.0, "PRIORIDAD": "Baja", "AMENAZA": "Bajo", "FX2": "20210714_FX2_C08_MC_R-ARMENIA(L)_PK015+920_VA", "OBSERVACION_GEOTECNISTA": null }, "geometry": { "type": "Point", "coordinates": [ -75.93473, 4.40424, 0.0 ] } },
{ "type": "Feature", "properties": { "FECHA": "14/07/2021 00:00:00 (UTC)", "DEPTO": null, "MUNICIPIO": "LA VICTORIA", "VEREDA": null, "GASODUCTO": "(MARIQUITA - CALI)", "TRAMO": "Armenia", "PK_INICIO": "16500", "TP_DUCTO": "Ramal", "DISTRITO": "7", "DIAMETRO": "10\"", "TRM_REG": null, "TP_EVENTO": "DESLIZAMIENTO TRASLACIONAL", "LONGITUD": 14.0, "PRIORIDAD": "Media", "AMENAZA": "Medio", "FX2": "20210714_FX2_C08_MC_R-ARM_PK016+500_VA", "OBSERVACION_GEOTECNISTA": null }, "geometry": { "type": "Point", "coordinates": [ -75.930785, 4.403615, 0.0 ] } },
{ "type": "Feature", "properties": { "FECHA": "30/10/2021 00:00:00 (UTC)", "DEPTO": null, "MUNICIPIO": "MARSELLA", "VEREDA": null, "GASODUCTO": "(MARIQUITA - CALI)", "TRAMO": "Marsella", "PK_INICIO": "4065", "TP_DUCTO": "Ramal", "DISTRITO": "7", "DIAMETRO": "3\"", "TRM_REG": null, "TP_EVENTO": "DESLIZAMIENTO TRASLACIONAL", "LONGITUD": 44.0, "PRIORIDAD": "Alta", "AMENAZA": "Alto", "FX2": "20211030_FX2_C07_MC_R-MARSELLA_PK004+065_VB", "OBSERVACION_GEOTECNISTA": null }, "geometry": { "type": "Point", "coordinates": [ -75.7652, 4.9532, 0.0 ] } },
{ "type": "Feature", "properties": { "FECHA": "27/10/2021 00:00:00 (UTC)", "DEPTO": null, "MUNICIPIO": "LA BELLEZA", "VEREDA": null, "GASODUCTO": "(CENTRO - ORIENTE)", "TRAMO": "La Belleza - Vasconia", "PK_INICIO": "193700", "TP_DUCTO": "Troncal", "DISTRITO": "3", "DIAMETRO": "(14)", "TRM_REG": null, "TP_EVENTO": "SURCOS", "LONGITUD": 690.0, "PRIORIDAD": "Alta", "AMENAZA": "Extremo", "FX2": "20211027_FX2_C03_COR_BELL-VASC_PK194+200 (228+350)_VD", "OBSERVACION_GEOTECNISTA": null }, "geometry": { "type": "Point", "coordinates": [ -74.004543, 5.832508, 0.0 ] } },
{ "type": "Feature", "properties": { "FECHA": "4/11/2021 00:00:00 (UTC)", "DEPTO": null, "MUNICIPIO": "AIPE", "VEREDA": null, "GASODUCTO": "(CENTRO - ORIENTE)", "TRAMO": "Guasimal - Dina", "PK_INICIO": "535194", "TP_DUCTO": "Troncal", "DISTRITO": "2", "DIAMETRO": "22\"", "TRM_REG": null, "TP_EVENTO": "OTRO", "LONGITUD": 73.0, "PRIORIDAD": "Baja", "AMENAZA": "Bajo", "FX2": "20211104_FX2_C02_COR_GUAS-DINA_PK535+194_VA", "OBSERVACION_GEOTECNISTA": null }, "geometry": { "type": "Point", "coordinates": [ -75.246013, 3.296562, 0.0 ] } },
{ "type": "Feature", "properties": { "FECHA": "25/11/2021 00:00:00 (UTC)", "DEPTO": null, "MUNICIPIO": "OTANCHE", "VEREDA": null, "GASODUCTO": "(CENTRO - ORIENTE)", "TRAMO": "La Belleza - Vasconia", "PK_INICIO": "222526", "TP_DUCTO": "Loop", "DISTRITO": "1", "DIAMETRO": "(16)", "TRM_REG": null, "TP_EVENTO": "DESLIZAMIENTO TRASLACIONAL", "LONGITUD": 100.0, "PRIORIDAD": "Alta", "AMENAZA": "Alto", "FX2": "20211125_FX2_C01_C0R_BELL-VASC_PK222+616_VA", "OBSERVACION_GEOTECNISTA": null }, "geometry": { "type": "Point", "coordinates": [ -74.19854, 5.82452, 0.0 ] } },
{ "type": "Feature", "properties": { "FECHA": "1/12/2021 00:00:00 (UTC)", "DEPTO": null, "MUNICIPIO": "OTANCHE", "VEREDA": null, "GASODUCTO": "(CENTRO - ORIENTE)", "TRAMO": "La Belleza - Vasconia", "PK_INICIO": "210400", "TP_DUCTO": "Troncal", "DISTRITO": "1", "DIAMETRO": "(14)", "TRM_REG": null, "TP_EVENTO": "FLUJOS", "LONGITUD": 25.0, "PRIORIDAD": "Alta", "AMENAZA": "Extremo", "FX2": "20211201_FX2_C03_C0R_BELL-VASC_PK210+400_VA", "OBSERVACION_GEOTECNISTA": null }, "geometry": { "type": "Point", "coordinates": [ -74.118200799999954, 5.805919, 0.0 ] } },
{ "type": "Feature", "properties": { "FECHA": "2/12/2021 00:00:00 (UTC)", "DEPTO": null, "MUNICIPIO": "SUTATAUSA", "VEREDA": null, "GASODUCTO": "(CENTRO - ORIENTE)", "TRAMO": "Sutatausa", "PK_INICIO": "7627", "TP_DUCTO": "Ramal", "DISTRITO": "3", "DIAMETRO": "3\"", "TRM_REG": null, "TP_EVENTO": "SOCAVACIÓN LATERAL", "LONGITUD": 7.0, "PRIORIDAD": "Alta", "AMENAZA": "Alto", "FX2": "20211202_FX2_C03_COR_R-SUTATAUSA_PK007+627_VA", "OBSERVACION_GEOTECNISTA": null }, "geometry": { "type": "Point", "coordinates": [ -73.8459, 5.2615, 0.0 ] } },
{ "type": "Feature", "properties": { "FECHA": "10/12/2021 00:00:00 (UTC)", "DEPTO": null, "MUNICIPIO": "LA TEBAIDA", "VEREDA": null, "GASODUCTO": "(MARIQUITA - CALI)", "TRAMO": "Loop - Ramal Armenia", "PK_INICIO": "25900", "TP_DUCTO": "Loop", "DISTRITO": "7", "DIAMETRO": "14\"", "TRM_REG": null, "TP_EVENTO": "DESLIZAMIENTO TRASLACIONAL", "LONGITUD": 34.0, "PRIORIDAD": "Alta", "AMENAZA": "Extremo", "FX2": "20211210_FX2_C07_MC_R-ARMENIA(L)_PK025+900_VA", "OBSERVACION_GEOTECNISTA": null }, "geometry": { "type": "Point", "coordinates": [ -75.87374, 4.43879, 0.0 ] } },
{ "type": "Feature", "properties": { "FECHA": "18/01/2022 00:00:00 (UTC)", "DEPTO": null, "MUNICIPIO": "EL BANCO", "VEREDA": null, "GASODUCTO": "(BALLENAS-BARRANCA)", "TRAMO": "El Banco", "PK_INICIO": "16900", "TP_DUCTO": "Ramal", "DISTRITO": "6", "DIAMETRO": "4\"", "TRM_REG": null, "TP_EVENTO": "SOCAVACIÓN DE FONDO", "LONGITUD": 12.0, "PRIORIDAD": "Alta", "AMENAZA": "Alto", "FX2": "20220118_FX2_PM1_BB_R-EL BANCO_PK016+900_VB", "OBSERVACION_GEOTECNISTA": null }, "geometry": { "type": "Point", "coordinates": [ -73.88221, 8.98171, 0.0 ] } },
{ "type": "Feature", "properties": { "FECHA": "18/01/2022 00:00:00 (UTC)", "DEPTO": null, "MUNICIPIO": "TAMALAMEQUE", "VEREDA": null, "GASODUCTO": "(BALLENAS-BARRANCA)", "TRAMO": "Tamalameque", "PK_INICIO": "3640", "TP_DUCTO": "Ramal", "DISTRITO": "6", "DIAMETRO": "4\"", "TRM_REG": null, "TP_EVENTO": "OTRO", "LONGITUD": 3.0, "PRIORIDAD": "Alta", "AMENAZA": "Alto", "FX2": "20220118_FX2_PM1_BB_R-EL TAMALAMEQUE_PK003+640_VB", "OBSERVACION_GEOTECNISTA": null }, "geometry": { "type": "Point", "coordinates": [ -73.699002, 8.87158, 0.0 ] } },
{ "type": "Feature", "properties": { "FECHA": "4/08/2021 00:00:00 (UTC)", "DEPTO": null, "MUNICIPIO": "MANZANARES", "VEREDA": null, "GASODUCTO": "(MARIQUITA - CALI)", "TRAMO": "Manzanares", "PK_INICIO": "17030", "TP_DUCTO": "Ramal", "DISTRITO": "7", "DIAMETRO": "3\"", "TRM_REG": null, "TP_EVENTO": "DESLIZAMIENTO TRASLACIONAL", "LONGITUD": 25.0, "PRIORIDAD": "Alta", "AMENAZA": "Alto", "FX2": "20210804_FX2_C07_MC_R-MANZAN_PK017+030_VA", "OBSERVACION_GEOTECNISTA": null }, "geometry": { "type": "Point", "coordinates": [ -75.132135, 5.239618300000075, 0.0 ] } },
{ "type": "Feature", "properties": { "FECHA": "4/08/2021 00:00:00 (UTC)", "DEPTO": null, "MUNICIPIO": "MANZANARES", "VEREDA": null, "GASODUCTO": "(MARIQUITA - CALI)", "TRAMO": "Manzanares", "PK_INICIO": "19290", "TP_DUCTO": "Ramal", "DISTRITO": "7", "DIAMETRO": "3\"", "TRM_REG": null, "TP_EVENTO": "DESLIZAMIENTO TRASLACIONAL", "LONGITUD": 10.0, "PRIORIDAD": "Alta", "AMENAZA": "Alto", "FX2": "20210804_FX2_C07_MC_R-MANZAN_PK019+290_VA", "OBSERVACION_GEOTECNISTA": null }, "geometry": { "type": "Point", "coordinates": [ -75.1457, 5.249356400000067, 0.0 ] } },
{ "type": "Feature", "properties": { "FECHA": "14/10/2021 00:00:00 (UTC)", "DEPTO": null, "MUNICIPIO": "PÁEZ", "VEREDA": null, "GASODUCTO": "(CUSIANA - PORVENIR)", "TRAMO": "Cusiana - Miraflores", "PK_INICIO": "18198", "TP_DUCTO": "Troncal", "DISTRITO": "5", "DIAMETRO": "(20)", "TRM_REG": null, "TP_EVENTO": "OTRO", "LONGITUD": 100.0, "PRIORIDAD": "Baja", "AMENAZA": "Bajo", "FX2": "20211014_FX2_C04_CP_CUS-MIRAF_PK018+198_VA", "OBSERVACION_GEOTECNISTA": null }, "geometry": { "type": "Point", "coordinates": [ -72.98441, 5.02024833300004, 0.0 ] } },
{ "type": "Feature", "properties": { "FECHA": "3/12/2021 00:00:00 (UTC)", "DEPTO": null, "MUNICIPIO": "TAUSA", "VEREDA": null, "GASODUCTO": "(CENTRO - ORIENTE)", "TRAMO": "Sucre Oriental - Cogua", "PK_INICIO": "99950", "TP_DUCTO": "Troncal", "DISTRITO": "3", "DIAMETRO": "(22)", "TRM_REG": null, "TP_EVENTO": "DESLIZAMIENTO ROTACIONAL", "LONGITUD": 40.0, "PRIORIDAD": "Media", "AMENAZA": "Medio", "FX2": "20211203_FX2_C03_COR_SUCREO-COG_PK099+950_VB", "OBSERVACION_GEOTECNISTA": null }, "geometry": { "type": "Point", "coordinates": [ -73.91034, 5.157526, 0.0 ] } },
{ "type": "Feature", "properties": { "FECHA": "17/02/2022 00:00:00 (UTC)", "DEPTO": null, "MUNICIPIO": "LA DORADA", "VEREDA": null, "GASODUCTO": "(CENTRO - ORIENTE)", "TRAMO": "Termodorada", "PK_INICIO": "10085", "TP_DUCTO": "Ramal", "DISTRITO": "2", "DIAMETRO": "22\"", "TRM_REG": null, "TP_EVENTO": "SOCAVACIÓN DE FONDO", "LONGITUD": 20.0, "PRIORIDAD": "Alta", "AMENAZA": "Extremo", "FX2": "20220217_FX2_C01_COR_R-TERMOD_PK010+085_VB", "OBSERVACION_GEOTECNISTA": null }, "geometry": { "type": "Point", "coordinates": [ -74.67946, 5.44259, 0.0 ] } },
{ "type": "Feature", "properties": { "FECHA": "14/10/2021 00:00:00 (UTC)", "DEPTO": null, "MUNICIPIO": "SABANALARGA", "VEREDA": null, "GASODUCTO": "(CUSIANA - PORVENIR)", "TRAMO": "Cusiana - Miraflores", "PK_INICIO": "13300", "TP_DUCTO": "Troncal", "DISTRITO": "5", "DIAMETRO": "(20)", "TRM_REG": null, "TP_EVENTO": "SURCOS", "LONGITUD": 4.0, "PRIORIDAD": "Alta", "AMENAZA": "Alto", "FX2": "20211014_FX2_C04_PB_CUS-MIRAF(L)_PK013+300_VA", "OBSERVACION_GEOTECNISTA": null }, "geometry": { "type": "Point", "coordinates": [ -73.000624, 4.984271, 0.0 ] } },
{ "type": "Feature", "properties": { "FECHA": "18/08/2021 00:00:00 (UTC)", "DEPTO": null, "MUNICIPIO": "ARMERO", "VEREDA": null, "GASODUCTO": "(CENTRO - ORIENTE)", "TRAMO": "Mariquita - Gualanday", "PK_INICIO": "322874", "TP_DUCTO": "Troncal", "DISTRITO": "2", "DIAMETRO": "10\"", "TRM_REG": null, "TP_EVENTO": "SOCAVACIÓN LATERAL", "LONGITUD": 16.0, "PRIORIDAD": "Media", "AMENAZA": "Medio", "FX2": "20210818_FX2_C02_COR_MAR-GUAL_PK322+874_VA", "OBSERVACION_GEOTECNISTA": null }, "geometry": { "type": "Point", "coordinates": [ -74.907838, 4.99707, 0.0 ] } },
{ "type": "Feature", "properties": { "FECHA": "26/04/2022 00:00:00 (UTC)", "DEPTO": null, "MUNICIPIO": "ZETAQUIRA", "VEREDA": null, "GASODUCTO": "(PORVENIR - LA BELLEZA)", "TRAMO": "Miraflores - Sutamarchan", "PK_INICIO": "101730", "TP_DUCTO": "Troncal", "DISTRITO": "5", "DIAMETRO": "(20)", "TRM_REG": null, "TP_EVENTO": "SOCAVACIÓN DE FONDO", "LONGITUD": 3.0, "PRIORIDAD": "Alta", "AMENAZA": "Extremo", "FX2": "20220426_FX2_C04_PB_MIRAF-SUT_PK101+750_VB", "OBSERVACION_GEOTECNISTA": null }, "geometry": { "type": "Point", "coordinates": [ -73.247923, 5.268282, 0.0 ] } },
{ "type": "Feature", "properties": { "FECHA": "26/01/2022 00:00:00 (UTC)", "DEPTO": null, "MUNICIPIO": "FLORIÁN", "VEREDA": null, "GASODUCTO": "(CENTRO - ORIENTE)", "TRAMO": "PK 7+200 - PK 17+500", "PK_INICIO": "10705", "TP_DUCTO": "Troncal", "DISTRITO": "3", "DIAMETRO": "(22)", "TRM_REG": null, "TP_EVENTO": "CARCAVAS", "LONGITUD": 220.0, "PRIORIDAD": "Alta", "AMENAZA": "Alto", "FX2": "20220126_FX2_C03_COR_7+200-17+500_PK010+850_VC", "OBSERVACION_GEOTECNISTA": null }, "geometry": { "type": "Point", "coordinates": [ -73.967576, 5.75732, 0.0 ] } },
{ "type": "Feature", "properties": { "FECHA": "28/01/2022 00:00:00 (UTC)", "DEPTO": null, "MUNICIPIO": "JESÚS MARÍA", "VEREDA": null, "GASODUCTO": "(BOYACA - SANTANDER)", "TRAMO": "Bolívar", "PK_INICIO": "7165", "TP_DUCTO": "Ramal", "DISTRITO": "5", "DIAMETRO": "3\"", "TRM_REG": null, "TP_EVENTO": "REPTACION", "LONGITUD": 110.0, "PRIORIDAD": "Alta", "AMENAZA": "Extremo", "FX2": "20220128_FX2_C05_GBS_R-BOLIVAR_PK007+165_VD", "OBSERVACION_GEOTECNISTA": null }, "geometry": { "type": "Point", "coordinates": [ -73.785248, 5.879243, 0.0 ] } },
{ "type": "Feature", "properties": { "FECHA": "2/02/2022 00:00:00 (UTC)", "DEPTO": null, "MUNICIPIO": "PUERTO BOYACÁ", "VEREDA": null, "GASODUCTO": "(CENTRO - ORIENTE)", "TRAMO": "Puerto Serviez", "PK_INICIO": "1136", "TP_DUCTO": "Ramal", "DISTRITO": "1", "DIAMETRO": "3\"", "TRM_REG": null, "TP_EVENTO": "CARCAVAS", "LONGITUD": 50.0, "PRIORIDAD": "Alta", "AMENAZA": "Alto", "FX2": "20220222_FX2_C03_COR_R-PTO SERVIEZ_PK001+136_VB", "OBSERVACION_GEOTECNISTA": null }, "geometry": { "type": "Point", "coordinates": [ -74.55828, 6.221208, 0.0 ] } },
{ "type": "Feature", "properties": { "FECHA": "4/03/2022 00:00:00 (UTC)", "DEPTO": null, "MUNICIPIO": "SABANALARGA", "VEREDA": null, "GASODUCTO": "(CUSIANA - PORVENIR)", "TRAMO": "Cusiana - Miraflores", "PK_INICIO": "35306", "TP_DUCTO": "Loop", "DISTRITO": "5", "DIAMETRO": "(20)", "TRM_REG": null, "TP_EVENTO": "SOCAVACIÓN DE FONDO", "LONGITUD": 2.0, "PRIORIDAD": "Alta", "AMENAZA": "Extremo", "FX2": "20220225_FX2_C04_CP_CUS-MIRAF(L)_PK035+310_VB", "OBSERVACION_GEOTECNISTA": null }, "geometry": { "type": "Point", "coordinates": [ -72.95355, 4.929024, 0.0 ] } },
{ "type": "Feature", "properties": { "FECHA": "31/03/2022 00:00:00 (UTC)", "DEPTO": null, "MUNICIPIO": "MONIQUIRÁ", "VEREDA": null, "GASODUCTO": "(PORVENIR - LA BELLEZA)", "TRAMO": "Sutamarchan - La Belleza", "PK_INICIO": "145940", "TP_DUCTO": "Troncal", "DISTRITO": "5", "DIAMETRO": "(20)", "TRM_REG": null, "TP_EVENTO": "REPTACION", "LONGITUD": 100.0, "PRIORIDAD": "Media", "AMENAZA": "Medio", "FX2": "20220331_FX2_C05_PB_SUT-BELL_PK145+940_VB", "OBSERVACION_GEOTECNISTA": null }, "geometry": { "type": "Point", "coordinates": [ -73.624826, 5.794728, 0.0 ] } },
{ "type": "Feature", "properties": { "FECHA": "1/04/2022 00:00:00 (UTC)", "DEPTO": null, "MUNICIPIO": "CHITARAQUE", "VEREDA": null, "GASODUCTO": "(BOYACA - SANTANDER)", "TRAMO": "Chitaraque", "PK_INICIO": "7611", "TP_DUCTO": "Ramal", "DISTRITO": "5", "DIAMETRO": "3\"", "TRM_REG": null, "TP_EVENTO": "SOCAVACIÓN DE FONDO", "LONGITUD": 6.0, "PRIORIDAD": "Alta", "AMENAZA": "Alto", "FX2": "20220401_FX2_C05_GBS_R-CHITARAQUE_PK007+611_VB", "OBSERVACION_GEOTECNISTA": null }, "geometry": { "type": "Point", "coordinates": [ -73.453218, 6.022507, 0.0 ] } },
{ "type": "Feature", "properties": { "FECHA": "7/04/2022 00:00:00 (UTC)", "DEPTO": null, "MUNICIPIO": "SANTA ROSA DE CABAL", "VEREDA": null, "GASODUCTO": "(MARIQUITA - CALI)", "TRAMO": "Dos Quebradas", "PK_INICIO": "725", "TP_DUCTO": "Ramal", "DISTRITO": "7", "DIAMETRO": "4\"", "TRM_REG": null, "TP_EVENTO": "CARCAVAS", "LONGITUD": 2.0, "PRIORIDAD": "Alta", "AMENAZA": "Alto", "FX2": "20220407_FX2_C07_MC_R-DOS QUEB_PK000+725_VA", "OBSERVACION_GEOTECNISTA": null }, "geometry": { "type": "Point", "coordinates": [ -75.62959, 4.89115, 0.0 ] } },
{ "type": "Feature", "properties": { "FECHA": "19/04/2022 00:00:00 (UTC)", "DEPTO": null, "MUNICIPIO": "SAN VICENTE DE CHUCURÍ", "VEREDA": null, "GASODUCTO": "(SUR DE BOLIVAR)", "TRAMO": "San Vicente - Playa Roja", "PK_INICIO": "1043", "TP_DUCTO": "Aislado", "DISTRITO": "1", "DIAMETRO": "3\"", "TRM_REG": null, "TP_EVENTO": "CARCAVAS", "LONGITUD": 10.0, "PRIORIDAD": "Alta", "AMENAZA": "Alto", "FX2": "20220419_FX2_C01_SBO_S VIC-PLAYA R_PK001+043_VA", "OBSERVACION_GEOTECNISTA": null }, "geometry": { "type": "Point", "coordinates": [ -73.59073, 6.893263, 0.0 ] } },
{ "type": "Feature", "properties": { "FECHA": "22/04/2022 00:00:00 (UTC)", "DEPTO": null, "MUNICIPIO": "GÜEPSA", "VEREDA": null, "GASODUCTO": "(BOYACA - SANTANDER)", "TRAMO": "Otero - Santana", "PK_INICIO": "29926", "TP_DUCTO": "Troncal", "DISTRITO": "5", "DIAMETRO": "14\"", "TRM_REG": null, "TP_EVENTO": "REPTACION", "LONGITUD": 100.0, "PRIORIDAD": "Alta", "AMENAZA": "Extremo", "FX2": "20220422_FX2_C05_GBS_OTERO-SANT_PK030+000_VB", "OBSERVACION_GEOTECNISTA": null }, "geometry": { "type": "Point", "coordinates": [ -73.586726, 6.006789, 0.0 ] } },
{ "type": "Feature", "properties": { "FECHA": "3/05/2022 00:00:00 (UTC)", "DEPTO": null, "MUNICIPIO": "LA GLORIA", "VEREDA": null, "GASODUCTO": "(BALLENAS-BARRANCA)", "TRAMO": "La Gloria", "PK_INICIO": "5490", "TP_DUCTO": "Ramal", "DISTRITO": "6", "DIAMETRO": "3\"", "TRM_REG": null, "TP_EVENTO": "OTRO", "LONGITUD": 1.0, "PRIORIDAD": "Alta", "AMENAZA": "Alto", "FX2": "20220503_FX2_PM1_BB_R-LA GLORIA_PK005+490_VC", "OBSERVACION_GEOTECNISTA": null }, "geometry": { "type": "Point", "coordinates": [ -73.724915, 8.628212, 0.0 ] } },
{ "type": "Feature", "properties": { "FECHA": "3/05/2022 00:00:00 (UTC)", "DEPTO": null, "MUNICIPIO": "LA GLORIA", "VEREDA": null, "GASODUCTO": "(BALLENAS-BARRANCA)", "TRAMO": "La Gloria", "PK_INICIO": "6420", "TP_DUCTO": "Ramal", "DISTRITO": "6", "DIAMETRO": "3\"", "TRM_REG": null, "TP_EVENTO": "OTRO", "LONGITUD": 3.0, "PRIORIDAD": "Alta", "AMENAZA": "Alto", "FX2": "20220503_FX2_PM1_BB_R-LA GLORIA_PK006+420_VB", "OBSERVACION_GEOTECNISTA": null }, "geometry": { "type": "Point", "coordinates": [ -73.730697, 8.629272, 0.0 ] } },
{ "type": "Feature", "properties": { "FECHA": "3/05/2022 00:00:00 (UTC)", "DEPTO": null, "MUNICIPIO": "LA GLORIA", "VEREDA": null, "GASODUCTO": "(BALLENAS-BARRANCA)", "TRAMO": "La Gloria", "PK_INICIO": "6860", "TP_DUCTO": "Ramal", "DISTRITO": "6", "DIAMETRO": "3\"", "TRM_REG": null, "TP_EVENTO": "OTRO", "LONGITUD": 3.0, "PRIORIDAD": "Alta", "AMENAZA": "Alto", "FX2": "20220503_FX2_PM1_BB_R-LA GLORIA_PK006+860_VC", "OBSERVACION_GEOTECNISTA": null }, "geometry": { "type": "Point", "coordinates": [ -73.734659, 8.629764, 0.0 ] } },
{ "type": "Feature", "properties": { "FECHA": "19/01/2022 00:00:00 (UTC)", "DEPTO": null, "MUNICIPIO": "PELAYA", "VEREDA": null, "GASODUCTO": "(BALLENAS-BARRANCA)", "TRAMO": "Curumaní - Norean", "PK_INICIO": "386670", "TP_DUCTO": "Troncal", "DISTRITO": "6", "DIAMETRO": "(18)", "TRM_REG": null, "TP_EVENTO": "OTRO", "LONGITUD": 6.0, "PRIORIDAD": "Media", "AMENAZA": "Medio", "FX2": "20220119_FX2_PM1_BB_CURUM-NOREAM_PK386+670_VA", "OBSERVACION_GEOTECNISTA": null }, "geometry": { "type": "Point", "coordinates": [ -73.677428, 8.638822, 0.0 ] } },
{ "type": "Feature", "properties": { "FECHA": "9/02/2022 00:00:00 (UTC)", "DEPTO": null, "MUNICIPIO": "MANZANARES", "VEREDA": null, "GASODUCTO": "(MARIQUITA - CALI)", "TRAMO": "Manzanares", "PK_INICIO": "10180", "TP_DUCTO": "Ramal", "DISTRITO": "7", "DIAMETRO": "3\"", "TRM_REG": null, "TP_EVENTO": "SOCAVACIÓN DE FONDO", "LONGITUD": 10.0, "PRIORIDAD": "Alta", "AMENAZA": "Extremo", "FX2": "20220209_FX2_C07_MC_R-MANZAN_PK010+180_VA", "OBSERVACION_GEOTECNISTA": null }, "geometry": { "type": "Point", "coordinates": [ -75.086021699999947, 5.240356700000063, 0.0 ] } },
{ "type": "Feature", "properties": { "FECHA": "24/02/2022 00:00:00 (UTC)", "DEPTO": null, "MUNICIPIO": "BRICEÑO", "VEREDA": null, "GASODUCTO": "(CENTRO - ORIENTE)", "TRAMO": "PK 17+500 - Sucre Oriental", "PK_INICIO": "20480", "TP_DUCTO": "Troncal", "DISTRITO": "3", "DIAMETRO": "(22)", "TRM_REG": null, "TP_EVENTO": "REPTACION", "LONGITUD": 10.0, "PRIORIDAD": "Alta", "AMENAZA": "Extremo", "FX2": "20220224_FX2_C03_COR_17+500-SUCREO_PK020+480_VA", "OBSERVACION_GEOTECNISTA": null }, "geometry": { "type": "Point", "coordinates": [ -73.926438, 5.702281, 0.0 ] } },
{ "type": "Feature", "properties": { "FECHA": "4/03/2022 00:00:00 (UTC)", "DEPTO": null, "MUNICIPIO": "MARIQUITA", "VEREDA": null, "GASODUCTO": "(MARIQUITA - CALI)", "TRAMO": "Mariquita - Letras", "PK_INICIO": "4634", "TP_DUCTO": "Troncal", "DISTRITO": "7", "DIAMETRO": "(20)", "TRM_REG": null, "TP_EVENTO": "SOCAVACIÓN DE FONDO", "LONGITUD": 10.0, "PRIORIDAD": "Alta", "AMENAZA": "Extremo", "FX2": "20220304_FX2_C07_MC_MAR-LET_PK004+634_VA", "OBSERVACION_GEOTECNISTA": null }, "geometry": { "type": "Point", "coordinates": [ -74.92779, 5.22181, 0.0 ] } },
{ "type": "Feature", "properties": { "FECHA": "20/05/2022 00:00:00 (UTC)", "DEPTO": null, "MUNICIPIO": "SAN JOSÉ DE PARE", "VEREDA": null, "GASODUCTO": "(BOYACA - SANTANDER)", "TRAMO": "Otero - Santana", "PK_INICIO": "37612", "TP_DUCTO": "Troncal", "DISTRITO": "5", "DIAMETRO": "14\"", "TRM_REG": null, "TP_EVENTO": "REPTACION", "LONGITUD": 40.0, "PRIORIDAD": "Alta", "AMENAZA": "Alto", "FX2": "20220520_FX2_C05_GBS_OTERO-SANT_PK037+600_VB", "OBSERVACION_GEOTECNISTA": null }, "geometry": { "type": "Point", "coordinates": [ -73.542423, 6.028989, 0.0 ] } },
{ "type": "Feature", "properties": { "FECHA": "12/05/2022 00:00:00 (UTC)", "DEPTO": null, "MUNICIPIO": "ARMENIA", "VEREDA": null, "GASODUCTO": "(MARIQUITA - CALI)", "TRAMO": "Montenegro", "PK_INICIO": "2230", "TP_DUCTO": "Ramal", "DISTRITO": "7", "DIAMETRO": "4\"", "TRM_REG": null, "TP_EVENTO": "CARCAVAS", "LONGITUD": 3.0, "PRIORIDAD": "Alta", "AMENAZA": "Extremo", "FX2": "20220512_FX2_C08_MC_R-MONTENEG_PK002+230_VA", "OBSERVACION_GEOTECNISTA": null }, "geometry": { "type": "Point", "coordinates": [ -75.747061, 4.507189, 0.0 ] } },
{ "type": "Feature", "properties": { "FECHA": "6/07/2022 00:00:00 (UTC)", "DEPTO": null, "MUNICIPIO": "FRESNO", "VEREDA": null, "GASODUCTO": "(MARIQUITA - CALI)", "TRAMO": "Mariquita - Letras", "PK_INICIO": "20500", "TP_DUCTO": "Troncal", "DISTRITO": "7", "DIAMETRO": "(20)", "TRM_REG": null, "TP_EVENTO": "SURCOS", "LONGITUD": 150.0, "PRIORIDAD": "Baja", "AMENAZA": "Bajo", "FX2": " 20220607_FX2_C07_MC_MAR-LET_PK020+500_VA", "OBSERVACION_GEOTECNISTA": null }, "geometry": { "type": "Point", "coordinates": [ -75.04314, 5.18598, 0.0 ] } },
{ "type": "Feature", "properties": { "FECHA": "16/06/2022 00:00:00 (UTC)", "DEPTO": null, "MUNICIPIO": "COELLO", "VEREDA": null, "GASODUCTO": "(CENTRO - ORIENTE)", "TRAMO": "Gualanday - Guasimal", "PK_INICIO": "420352", "TP_DUCTO": "Troncal", "DISTRITO": "2", "DIAMETRO": "22\"", "TRM_REG": null, "TP_EVENTO": "SOCAVACIÓN DE FONDO", "LONGITUD": 10.0, "PRIORIDAD": "Alta", "AMENAZA": "Extremo", "FX2": "20220616_FX2_C02_COR_GUAL-GUAS_PK420+362_VA", "OBSERVACION_GEOTECNISTA": null }, "geometry": { "type": "Point", "coordinates": [ -74.990932, 4.245629, 0.0 ] } },
{ "type": "Feature", "properties": { "FECHA": "15/06/2022 00:00:00 (UTC)", "DEPTO": null, "MUNICIPIO": "NEIVA", "VEREDA": null, "GASODUCTO": "(CENTRO - ORIENTE)", "TRAMO": "Dina - Tello", "PK_INICIO": "12958", "TP_DUCTO": "Troncal", "DISTRITO": "2", "DIAMETRO": "10\"", "TRM_REG": null, "TP_EVENTO": "CARCAVAS", "LONGITUD": 55.0, "PRIORIDAD": "Alta", "AMENAZA": "Alto", "FX2": "20220615_FX2_C02_COR_DINA-TELLO_PK012+958_VA", "OBSERVACION_GEOTECNISTA": null }, "geometry": { "type": "Point", "coordinates": [ -75.26676, 2.984796, 0.0 ] } },
{ "type": "Feature", "properties": { "FECHA": "15/06/2022 00:00:00 (UTC)", "DEPTO": null, "MUNICIPIO": "NEIVA", "VEREDA": null, "GASODUCTO": "(CENTRO - ORIENTE)", "TRAMO": "Dina - Tello", "PK_INICIO": "14836", "TP_DUCTO": "Troncal", "DISTRITO": "2", "DIAMETRO": "10\"", "TRM_REG": null, "TP_EVENTO": "SOCAVACIÓN DE FONDO", "LONGITUD": 2.0, "PRIORIDAD": "Alta", "AMENAZA": "Extremo", "FX2": "20220615_FX2_C02_COR_DINA-TELLO_PK014+836_VA", "OBSERVACION_GEOTECNISTA": null }, "geometry": { "type": "Point", "coordinates": [ -75.254438, 2.974863, 0.0 ] } },
{ "type": "Feature", "properties": { "FECHA": "6/07/2022 00:00:00 (UTC)", "DEPTO": null, "MUNICIPIO": "PUERTO BOYACÁ", "VEREDA": null, "GASODUCTO": "(CENTRO - ORIENTE)", "TRAMO": "Puerto Romero - Hub Vasconia", "PK_INICIO": "16870", "TP_DUCTO": "Troncal", "DISTRITO": "1", "DIAMETRO": "(30)", "TRM_REG": null, "TP_EVENTO": "CARCAVAS", "LONGITUD": 60.0, "PRIORIDAD": "Media", "AMENAZA": "Medio", "FX2": "20220706_FX2_C03_C0R_PTO ROM-VASC_PK016+900_VB", "OBSERVACION_GEOTECNISTA": null }, "geometry": { "type": "Point", "coordinates": [ -74.525625, 6.027739, 0.0 ] } },
{ "type": "Feature", "properties": { "FECHA": "6/07/2022 00:00:00 (UTC)", "DEPTO": null, "MUNICIPIO": "PUERTO BOYACÁ", "VEREDA": null, "GASODUCTO": "(CENTRO - ORIENTE)", "TRAMO": "Puerto Romero - Hub Vasconia", "PK_INICIO": "17100", "TP_DUCTO": "Troncal", "DISTRITO": "1", "DIAMETRO": "(30)", "TRM_REG": null, "TP_EVENTO": "CARCAVAS", "LONGITUD": 80.0, "PRIORIDAD": "Media", "AMENAZA": "Medio", "FX2": "20220706_FX2_C03_C0R_PTO ROM-VASC_PK017+100_VA", "OBSERVACION_GEOTECNISTA": null }, "geometry": { "type": "Point", "coordinates": [ -74.52696, 6.02876, 0.0 ] } },
{ "type": "Feature", "properties": { "FECHA": "23/08/2022 00:00:00 (UTC)", "DEPTO": null, "MUNICIPIO": "BRICEÑO", "VEREDA": null, "GASODUCTO": "(CENTRO - ORIENTE)", "TRAMO": "PK 17+500 - Sucre Oriental", "PK_INICIO": "21555", "TP_DUCTO": "Troncal", "DISTRITO": "3", "DIAMETRO": "(22)", "TRM_REG": null, "TP_EVENTO": "SOCAVACIÓN LATERAL", "LONGITUD": 2.0, "PRIORIDAD": "Media", "AMENAZA": "Medio", "FX2": "20220823_FX2_C03_COR_17+500-SUCREO_PK021+555_VC", "OBSERVACION_GEOTECNISTA": null }, "geometry": { "type": "Point", "coordinates": [ -73.927961, 5.693367, 0.0 ] } },
{ "type": "Feature", "properties": { "FECHA": "7/02/2022 00:00:00 (UTC)", "DEPTO": null, "MUNICIPIO": "VILLAMARÍA", "VEREDA": null, "GASODUCTO": "(MARIQUITA - CALI)", "TRAMO": "Letras - Marsella", "PK_INICIO": "86170", "TP_DUCTO": "Troncal", "DISTRITO": "7", "DIAMETRO": "(20)", "TRM_REG": null, "TP_EVENTO": "SOCAVACIÓN DE FONDO", "LONGITUD": 9.0, "PRIORIDAD": "Alta", "AMENAZA": "Extremo", "FX2": "20220210_FX2_C07_MC_LET-MARS_PK086+170_VA", "OBSERVACION_GEOTECNISTA": null }, "geometry": { "type": "Point", "coordinates": [ -75.477212, 5.019325, 0.0 ] } },
{ "type": "Feature", "properties": { "FECHA": "22/04/2022 00:00:00 (UTC)", "DEPTO": null, "MUNICIPIO": "SAN VICENTE DE CHUCURÍ", "VEREDA": null, "GASODUCTO": "(SUR DE BOLIVAR)", "TRAMO": "San Vicente - Playa Roja", "PK_INICIO": "20188", "TP_DUCTO": "Aislado", "DISTRITO": "1", "DIAMETRO": "3\"", "TRM_REG": null, "TP_EVENTO": "SOCAVACIÓN DE FONDO", "LONGITUD": 5.0, "PRIORIDAD": "Alta", "AMENAZA": "Extremo", "FX2": "20220422_FX2_C01_SBO_S VIC-PLAYA R_PK020+188_VA", "OBSERVACION_GEOTECNISTA": null }, "geometry": { "type": "Point", "coordinates": [ -73.439931, 6.895264, 0.0 ] } },
{ "type": "Feature", "properties": { "FECHA": "6/07/2022 00:00:00 (UTC)", "DEPTO": null, "MUNICIPIO": "PUERTO BOYACÁ", "VEREDA": null, "GASODUCTO": "(CENTRO - ORIENTE)", "TRAMO": "Puerto Romero - Hub Vasconia", "PK_INICIO": "16320", "TP_DUCTO": "Troncal", "DISTRITO": "1", "DIAMETRO": "(30)", "TRM_REG": null, "TP_EVENTO": "CARCAVAS", "LONGITUD": 8.0, "PRIORIDAD": "Media", "AMENAZA": "Medio", "FX2": "20220706_FX2_C03_C0R_PTO ROM-VASC_PK016+320_VA", "OBSERVACION_GEOTECNISTA": null }, "geometry": { "type": "Point", "coordinates": [ -74.52256, 6.02358, 0.0 ] } },
{ "type": "Feature", "properties": { "FECHA": "8/07/2022 00:00:00 (UTC)", "DEPTO": null, "MUNICIPIO": "PUERTO BOYACÁ", "VEREDA": null, "GASODUCTO": "(CENTRO - ORIENTE)", "TRAMO": "Puerto Romero - Hub Vasconia", "PK_INICIO": "17470", "TP_DUCTO": "Troncal", "DISTRITO": "1", "DIAMETRO": "(30)", "TRM_REG": null, "TP_EVENTO": "CARCAVAS", "LONGITUD": 12.0, "PRIORIDAD": "Media", "AMENAZA": "Medio", "FX2": "20220708_FX2_C03_C0R_PTO ROM-VASC_PK017+470_VA", "OBSERVACION_GEOTECNISTA": null }, "geometry": { "type": "Point", "coordinates": [ -74.52864, 6.03122, 0.0 ] } },
{ "type": "Feature", "properties": { "FECHA": "8/07/2022 00:00:00 (UTC)", "DEPTO": null, "MUNICIPIO": "PUERTO BOYACÁ", "VEREDA": null, "GASODUCTO": "(CENTRO - ORIENTE)", "TRAMO": "Puerto Romero - Hub Vasconia", "PK_INICIO": "18028", "TP_DUCTO": "Troncal", "DISTRITO": "1", "DIAMETRO": "(30)", "TRM_REG": null, "TP_EVENTO": "CARCAVAS", "LONGITUD": 18.0, "PRIORIDAD": "Media", "AMENAZA": "Medio", "FX2": "20220708_FX2_C03_C0R_PTO ROM-VASC_PK018+028_VA", "OBSERVACION_GEOTECNISTA": null }, "geometry": { "type": "Point", "coordinates": [ -74.53326, 6.03274, 0.0 ] } },
{ "type": "Feature", "properties": { "FECHA": "8/07/2022 00:00:00 (UTC)", "DEPTO": null, "MUNICIPIO": "PUERTO BOYACÁ", "VEREDA": null, "GASODUCTO": "(CENTRO - ORIENTE)", "TRAMO": "Puerto Romero - Hub Vasconia", "PK_INICIO": "18435", "TP_DUCTO": "Troncal", "DISTRITO": "1", "DIAMETRO": "(30)", "TRM_REG": null, "TP_EVENTO": "REPTACION", "LONGITUD": 25.0, "PRIORIDAD": "Media", "AMENAZA": "Medio", "FX2": "20220708_FX2_C03_C0R_PTO ROM-VASC_PK018+460_VA", "OBSERVACION_GEOTECNISTA": null }, "geometry": { "type": "Point", "coordinates": [ -74.536753, 6.034323, 0.0 ] } },
{ "type": "Feature", "properties": { "FECHA": "9/07/2022 00:00:00 (UTC)", "DEPTO": null, "MUNICIPIO": "PUERTO BOYACÁ", "VEREDA": null, "GASODUCTO": "(CENTRO - ORIENTE)", "TRAMO": "La Belleza - Vasconia", "PK_INICIO": "272190", "TP_DUCTO": "Troncal", "DISTRITO": "1", "DIAMETRO": "22\"", "TRM_REG": null, "TP_EVENTO": "CARCAVAS", "LONGITUD": 3.0, "PRIORIDAD": "Media", "AMENAZA": "Medio", "FX2": "20220709_FX2_C03_C0R_PTO ROM-VASC_PK272+190_VA", "OBSERVACION_GEOTECNISTA": null }, "geometry": { "type": "Point", "coordinates": [ -74.515522, 6.01585, 0.0 ] } },
{ "type": "Feature", "properties": { "FECHA": "9/07/2022 00:00:00 (UTC)", "DEPTO": null, "MUNICIPIO": "PUERTO BOYACÁ", "VEREDA": null, "GASODUCTO": "(CENTRO - ORIENTE)", "TRAMO": "Puerto Romero - Hub Vasconia", "PK_INICIO": "11460", "TP_DUCTO": "Troncal", "DISTRITO": "1", "DIAMETRO": "(30)", "TRM_REG": null, "TP_EVENTO": "CARCAVAS", "LONGITUD": 2.0, "PRIORIDAD": "Baja", "AMENAZA": "Bajo", "FX2": "20220709_FX2_C03_C0R_PTO ROM-VASC_PK11+460_VA", "OBSERVACION_GEOTECNISTA": null }, "geometry": { "type": "Point", "coordinates": [ -74.4917, 5.9937, 0.0 ] } },
{ "type": "Feature", "properties": { "FECHA": "4/08/2022 00:00:00 (UTC)", "DEPTO": null, "MUNICIPIO": "ARMERO", "VEREDA": null, "GASODUCTO": "(CENTRO - ORIENTE)", "TRAMO": "Mariquita - Gualanday", "PK_INICIO": "316936", "TP_DUCTO": "Troncal", "DISTRITO": "2", "DIAMETRO": "10\"", "TRM_REG": null, "TP_EVENTO": "OTRO", "LONGITUD": 100.0, "PRIORIDAD": "Baja", "AMENAZA": "Bajo", "FX2": "20220804_FX2_C02_COR_MAR-GUAL_PK316+936_VA", "OBSERVACION_GEOTECNISTA": null }, "geometry": { "type": "Point", "coordinates": [ -74.885574, 5.041658, 0.0 ] } },
{ "type": "Feature", "properties": { "FECHA": "8/07/2022 00:00:00 (UTC)", "DEPTO": null, "MUNICIPIO": "PUERTO BOYACÁ", "VEREDA": null, "GASODUCTO": "(CENTRO - ORIENTE)", "TRAMO": "Puerto Romero - Hub Vasconia", "PK_INICIO": "15720", "TP_DUCTO": "Troncal", "DISTRITO": "1", "DIAMETRO": "(30)", "TRM_REG": null, "TP_EVENTO": "CARCAVAS", "LONGITUD": 25.0, "PRIORIDAD": "Media", "AMENAZA": "Medio", "FX2": "20220708_FX2_C03_C0R_PTO ROM-VASC_PK015+720_VA", "OBSERVACION_GEOTECNISTA": null }, "geometry": { "type": "Point", "coordinates": [ -74.5197, 6.0201, 0.0 ] } },
{ "type": "Feature", "properties": { "FECHA": "10/08/2022 00:00:00 (UTC)", "DEPTO": null, "MUNICIPIO": "Barrancabermeja", "VEREDA": null, "GASODUCTO": "(CENTRO - ORIENTE)", "TRAMO": "Barrancabermeja - Sebastopol", "PK_INICIO": "12131", "TP_DUCTO": "Troncal", "DISTRITO": "1", "DIAMETRO": "(20)", "TRM_REG": null, "TP_EVENTO": "SOCAVACIÓN DE FONDO", "LONGITUD": 5.0, "PRIORIDAD": "Media", "AMENAZA": "Medio", "FX2": "20220810_FX2_C01_C0R_BARRANC-SEB_PK012+131_VA", "OBSERVACION_GEOTECNISTA": null }, "geometry": { "type": "Point", "coordinates": [ -73.815403, 7.03917, 0.0 ] } },
{ "type": "Feature", "properties": { "FECHA": "17/08/2022 00:00:00 (UTC)", "DEPTO": null, "MUNICIPIO": "BARRANCA DE UPÍA", "VEREDA": null, "GASODUCTO": "(CUSIANA - APIAY - USME)", "TRAMO": "Cusiana - PK65", "PK_INICIO": "57650", "TP_DUCTO": "Troncal", "DISTRITO": "4", "DIAMETRO": "22\"", "TRM_REG": null, "TP_EVENTO": "REPTACION", "LONGITUD": 100.0, "PRIORIDAD": "Alta", "AMENAZA": "Alto", "FX2": "20220817_FX2_C04_CAU_CUS-PK65_PK058+515_VC", "OBSERVACION_GEOTECNISTA": null }, "geometry": { "type": "Point", "coordinates": [ -73.042836, 4.67993, 0.0 ] } },
{ "type": "Feature", "properties": { "FECHA": "24/08/2022 00:00:00 (UTC)", "DEPTO": null, "MUNICIPIO": "QUETAME", "VEREDA": null, "GASODUCTO": "(CUSIANA - APIAY - USME)", "TRAMO": "Villavicencio - Usme", "PK_INICIO": "73080", "TP_DUCTO": "Troncal", "DISTRITO": "4", "DIAMETRO": "10\"", "TRM_REG": null, "TP_EVENTO": "REPTACION", "LONGITUD": 500.0, "PRIORIDAD": "Alta", "AMENAZA": "Alto", "FX2": "20220824_FX2_C06_CAU_VILLAV-USME_PK073+080_VB", "OBSERVACION_GEOTECNISTA": null }, "geometry": { "type": "Point", "coordinates": [ -73.866298, 4.278031, 0.0 ] } },
{ "type": "Feature", "properties": { "FECHA": "24/08/2022 00:00:00 (UTC)", "DEPTO": null, "MUNICIPIO": "QUETAME", "VEREDA": null, "GASODUCTO": "(CUSIANA - APIAY - USME)", "TRAMO": "Villavicencio - Usme", "PK_INICIO": "75210", "TP_DUCTO": "Troncal", "DISTRITO": "4", "DIAMETRO": "10\"", "TRM_REG": null, "TP_EVENTO": "DESLIZAMIENTO TRASLACIONAL", "LONGITUD": 40.0, "PRIORIDAD": "Alta", "AMENAZA": "Extremo", "FX2": "20220824_FX2_C06_CAUS_VILLAV-USME_PK075+125_VA", "OBSERVACION_GEOTECNISTA": null }, "geometry": { "type": "Point", "coordinates": [ -73.866762, 4.291609, 0.0 ] } },
{ "type": "Feature", "properties": { "FECHA": "25/07/2022 00:00:00 (UTC)", "DEPTO": null, "MUNICIPIO": "GÜEPSA", "VEREDA": null, "GASODUCTO": "(BOYACA - SANTANDER)", "TRAMO": "Otero - Santana", "PK_INICIO": "35650", "TP_DUCTO": "Troncal", "DISTRITO": "5", "DIAMETRO": "14\"", "TRM_REG": null, "TP_EVENTO": "REPTACION", "LONGITUD": 200.0, "PRIORIDAD": "Media", "AMENAZA": "Medio", "FX2": "20220725_FX2_C05_GBS_OTERO-SANT_PK035+650_VB", "OBSERVACION_GEOTECNISTA": null }, "geometry": { "type": "Point", "coordinates": [ -73.554805, 6.033418, 0.0 ] } },
{ "type": "Feature", "properties": { "FECHA": "8/08/2022 00:00:00 (UTC)", "DEPTO": null, "MUNICIPIO": "TAUSA", "VEREDA": null, "GASODUCTO": "(CENTRO - ORIENTE)", "TRAMO": "Sucre Oriental - Cogua", "PK_INICIO": "100820", "TP_DUCTO": "Troncal", "DISTRITO": "3", "DIAMETRO": "(22)", "TRM_REG": null, "TP_EVENTO": "FLUJOS", "LONGITUD": 20.0, "PRIORIDAD": "Media", "AMENAZA": "Medio", "FX2": "20220808_FX2_C03_COR_SUCREO-VASC_PK100+930_VB", "OBSERVACION_GEOTECNISTA": null }, "geometry": { "type": "Point", "coordinates": [ -73.913538, 5.150161, 0.0 ] } },
{ "type": "Feature", "properties": { "FECHA": "24/08/2022 00:00:00 (UTC)", "DEPTO": null, "MUNICIPIO": "FLORIÁN", "VEREDA": null, "GASODUCTO": "(PORVENIR - LA BELLEZA)", "TRAMO": "Sutamarchan - La Belleza", "PK_INICIO": "217252", "TP_DUCTO": "Troncal", "DISTRITO": "5", "DIAMETRO": "(20)", "TRM_REG": null, "TP_EVENTO": "CAIDAS", "LONGITUD": 60.0, "PRIORIDAD": "Alta", "AMENAZA": "Alto", "FX2": "20220824_FX2_C03_PB_SUT-BELL_PK217+312_VA", "OBSERVACION_GEOTECNISTA": null }, "geometry": { "type": "Point", "coordinates": [ -73.928688, 5.825554, 0.0 ] } },
{ "type": "Feature", "properties": { "FECHA": "24/08/2021 00:00:00 (UTC)", "DEPTO": null, "MUNICIPIO": "LA PAZ", "VEREDA": null, "GASODUCTO": "(BALLENAS-BARRANCA)", "TRAMO": "Valledupar", "PK_INICIO": "3331", "TP_DUCTO": "Ramal", "DISTRITO": "6", "DIAMETRO": "6\"", "TRM_REG": null, "TP_EVENTO": "OTRO", "LONGITUD": 10.0, "PRIORIDAD": "Media", "AMENAZA": "Medio", "FX2": "20220505_FX2_PM1_BB_R-VALLEDUPAR_PK003+331_VA", "OBSERVACION_GEOTECNISTA": null }, "geometry": { "type": "Point", "coordinates": [ -73.2029, 10.4082, 0.0 ] } },
{ "type": "Feature", "properties": { "FECHA": "15/06/2022 00:00:00 (UTC)", "DEPTO": null, "MUNICIPIO": "CIMITARRA", "VEREDA": null, "GASODUCTO": "(CENTRO - ORIENTE)", "TRAMO": "Sebastopol - Vasconia", "PK_INICIO": "128370", "TP_DUCTO": "Troncal", "DISTRITO": "1", "DIAMETRO": "(20)", "TRM_REG": null, "TP_EVENTO": "SOCAVACIÓN DE FONDO", "LONGITUD": 30.0, "PRIORIDAD": "Alta", "AMENAZA": "Alto", "FX2": "20220615_FX2_C01_COR_SEB_VASC_PK128+370_VB", "OBSERVACION_GEOTECNISTA": null }, "geometry": { "type": "Point", "coordinates": [ -74.41811, 6.36723, 0.0 ] } },
{ "type": "Feature", "properties": { "FECHA": "6/07/2022 00:00:00 (UTC)", "DEPTO": null, "MUNICIPIO": "PUERTO BOYACÁ", "VEREDA": null, "GASODUCTO": "(CENTRO - ORIENTE)", "TRAMO": "La Belleza - Vasconia", "PK_INICIO": "276738", "TP_DUCTO": "Troncal", "DISTRITO": "1", "DIAMETRO": "22\"", "TRM_REG": null, "TP_EVENTO": "CARCAVAS", "LONGITUD": 35.0, "PRIORIDAD": "Alta", "AMENAZA": "Alto", "FX2": "20220706_FX2_C03_C0R_BELL-VASC_PK276+920_VB", "OBSERVACION_GEOTECNISTA": null }, "geometry": { "type": "Point", "coordinates": [ -74.54325, 6.04098, 0.0 ] } },
{ "type": "Feature", "properties": { "FECHA": "29/06/2022 00:00:00 (UTC)", "DEPTO": null, "MUNICIPIO": "LÉRIDA", "VEREDA": null, "GASODUCTO": "(CENTRO - ORIENTE)", "TRAMO": "Mariquita - Gualanday", "PK_INICIO": "336664", "TP_DUCTO": "Troncal", "DISTRITO": "2", "DIAMETRO": "10\"", "TRM_REG": null, "TP_EVENTO": "SOCAVACIÓN DE FONDO", "LONGITUD": 2.0, "PRIORIDAD": "Alta", "AMENAZA": "Alto", "FX2": "20220804_FX2_C02_COR_MAR-GUAL_PK336+664_VA", "OBSERVACION_GEOTECNISTA": null }, "geometry": { "type": "Point", "coordinates": [ -74.900179, 4.883451, 0.0 ] } },
{ "type": "Feature", "properties": { "FECHA": "16/06/2022 00:00:00 (UTC)", "DEPTO": null, "MUNICIPIO": "FUQUENE", "VEREDA": null, "GASODUCTO": "(CENTRO - ORIENTE)", "TRAMO": "Sucre Oriental - Cogua", "PK_INICIO": "56850", "TP_DUCTO": "Troncal", "DISTRITO": "3", "DIAMETRO": "(22)", "TRM_REG": null, "TP_EVENTO": "OTRO", "LONGITUD": 14.0, "PRIORIDAD": "Alta", "AMENAZA": "Alto", "FX2": "20220822_FX2_C03_COR_SUCREO-COG_PK056+850_VA", "OBSERVACION_GEOTECNISTA": null }, "geometry": { "type": "Point", "coordinates": [ -73.775786, 5.44271, 0.0 ] } },
{ "type": "Feature", "properties": { "FECHA": "19/04/2022 00:00:00 (UTC)", "DEPTO": null, "MUNICIPIO": "BRICEÑO", "VEREDA": null, "GASODUCTO": "(CENTRO - ORIENTE)", "TRAMO": "PK 17+500 - Sucre Oriental", "PK_INICIO": "20890", "TP_DUCTO": "Troncal", "DISTRITO": "3", "DIAMETRO": "(22)", "TRM_REG": null, "TP_EVENTO": "SOCAVACIÓN DE FONDO", "LONGITUD": 3.0, "PRIORIDAD": "Alta", "AMENAZA": "Alto", "FX2": "20220823_FX2_C03_COR_PTE GUI-SUCREO_PK020+890_VA", "OBSERVACION_GEOTECNISTA": null }, "geometry": { "type": "Point", "coordinates": [ -73.926517, 5.698181, 0.0 ] } },
{ "type": "Feature", "properties": { "FECHA": "21/04/2021 00:00:00 (UTC)", "DEPTO": null, "MUNICIPIO": "NATAGAIMA", "VEREDA": null, "GASODUCTO": "(CENTRO - ORIENTE)", "TRAMO": "Gualanday - Guasimal", "PK_INICIO": "496281", "TP_DUCTO": "Troncal", "DISTRITO": "2", "DIAMETRO": "22\"", "TRM_REG": null, "TP_EVENTO": "SOCAVACIÓN LATERAL", "LONGITUD": 7.0, "PRIORIDAD": "Baja", "AMENAZA": "Bajo", "FX2": "20210819_FX2_C02_COR_GUAL-GUAS_PK496+281_VA", "OBSERVACION_GEOTECNISTA": null }, "geometry": { "type": "Point", "coordinates": [ -75.100198, 3.622402, 0.0 ] } },
{ "type": "Feature", "properties": { "FECHA": "6/09/2022 00:00:00 (UTC)", "DEPTO": null, "MUNICIPIO": "JESÚS MARÍA", "VEREDA": null, "GASODUCTO": "(BOYACA - SANTANDER)", "TRAMO": "Bolívar", "PK_INICIO": "5200", "TP_DUCTO": "Ramal", "DISTRITO": "5", "DIAMETRO": "3\"", "TRM_REG": null, "TP_EVENTO": "CARCAVAS", "LONGITUD": 300.0, "PRIORIDAD": "Alta", "AMENAZA": "Extremo", "FX2": "20220906_FX2_C05_GBS_R-BOLIVAR_PK005+400_VB", "OBSERVACION_GEOTECNISTA": null }, "geometry": { "type": "Point", "coordinates": [ -73.787477, 5.864206, 0.0 ] } },
{ "type": "Feature", "properties": { "FECHA": "6/09/2022 00:00:00 (UTC)", "DEPTO": null, "MUNICIPIO": "JESÚS MARÍA", "VEREDA": null, "GASODUCTO": "(BOYACA - SANTANDER)", "TRAMO": "Bolívar", "PK_INICIO": "5600", "TP_DUCTO": "Ramal", "DISTRITO": "5", "DIAMETRO": "3\"", "TRM_REG": null, "TP_EVENTO": "OTRO", "LONGITUD": 1.0, "PRIORIDAD": "Alta", "AMENAZA": "Extremo", "FX2": "20220906_FX2_C05_GBS_R-BOLIVAR_PK005+600_VB", "OBSERVACION_GEOTECNISTA": null }, "geometry": { "type": "Point", "coordinates": [ -73.78679, 5.867636, 0.0 ] } },
{ "type": "Feature", "properties": { "FECHA": "13/09/2022 00:00:00 (UTC)", "DEPTO": null, "MUNICIPIO": "BECERRIL", "VEREDA": null, "GASODUCTO": "(BALLENAS-BARRANCA)", "TRAMO": "Becerril", "PK_INICIO": "117333", "TP_DUCTO": "Ramal", "DISTRITO": "6", "DIAMETRO": "3\"", "TRM_REG": null, "TP_EVENTO": "SOCAVACIÓN DE FONDO", "LONGITUD": 10.0, "PRIORIDAD": "Alta", "AMENAZA": "Extremo", "FX2": "20220913_FX2_PM1_BB_R-BECERRIL_PK011+733_VA", "OBSERVACION_GEOTECNISTA": null }, "geometry": { "type": "Point", "coordinates": [ -73.290284, 9.709851, 0.0 ] } },
{ "type": "Feature", "properties": { "FECHA": "14/09/2022 00:00:00 (UTC)", "DEPTO": null, "MUNICIPIO": "LA JAGUA DE IBIRICO", "VEREDA": null, "GASODUCTO": "(BALLENAS-BARRANCA)", "TRAMO": "La Palmita", "PK_INICIO": "1620", "TP_DUCTO": "Ramal", "DISTRITO": "6", "DIAMETRO": "3\"", "TRM_REG": null, "TP_EVENTO": "CARCAVAS", "LONGITUD": 30.0, "PRIORIDAD": "Media", "AMENAZA": "Medio", "FX2": "20220914_FX2_PM1_BB_R-LA PALMITA_PK001+620_VA", "OBSERVACION_GEOTECNISTA": null }, "geometry": { "type": "Point", "coordinates": [ -73.4477, 9.4944, 0.0 ] } },
{ "type": "Feature", "properties": { "FECHA": "15/09/2022 00:00:00 (UTC)", "DEPTO": null, "MUNICIPIO": "CHIRIGUANÁ", "VEREDA": null, "GASODUCTO": "(BALLENAS-BARRANCA)", "TRAMO": "Chiriguaná", "PK_INICIO": "3503", "TP_DUCTO": "Ramal", "DISTRITO": "6", "DIAMETRO": "3\"", "TRM_REG": null, "TP_EVENTO": "SOCAVACIÓN DE FONDO", "LONGITUD": 10.0, "PRIORIDAD": "Alta", "AMENAZA": "Extremo", "FX2": "20220915_FX2_PM1_BB_R-CHIRIGUANA_PK003+503_VA", "OBSERVACION_GEOTECNISTA": null }, "geometry": { "type": "Point", "coordinates": [ -73.522846, 9.37464, 0.0 ] } },
{ "type": "Feature", "properties": { "FECHA": "15/09/2022 00:00:00 (UTC)", "DEPTO": null, "MUNICIPIO": "CHIRIGUANÁ", "VEREDA": null, "GASODUCTO": "(BALLENAS-BARRANCA)", "TRAMO": "Chiriguaná", "PK_INICIO": "6104", "TP_DUCTO": "Ramal", "DISTRITO": "6", "DIAMETRO": "3\"", "TRM_REG": null, "TP_EVENTO": "OTRO", "LONGITUD": 10.0, "PRIORIDAD": "Media", "AMENAZA": "Medio", "FX2": "20220915_FX2_PM1_BB_R-CHIRIGUANA_PK006+104_VA", "OBSERVACION_GEOTECNISTA": null }, "geometry": { "type": "Point", "coordinates": [ -73.539788, 9.370245, 0.0 ] } },
{ "type": "Feature", "properties": { "FECHA": "28/09/2022 00:00:00 (UTC)", "DEPTO": null, "MUNICIPIO": "SANTANA", "VEREDA": null, "GASODUCTO": "(BOYACA - SANTANDER)", "TRAMO": "Chitaraque", "PK_INICIO": "3950", "TP_DUCTO": "Ramal", "DISTRITO": "5", "DIAMETRO": "3\"", "TRM_REG": null, "TP_EVENTO": "SOCAVACIÓN DE FONDO", "LONGITUD": 2.0, "PRIORIDAD": "Alta", "AMENAZA": "Extremo", "FX2": "20220928_FX2_C05_GBS_R-CHITARAQUE_PK003+950_VB", "OBSERVACION_GEOTECNISTA": null }, "geometry": { "type": "Point", "coordinates": [ -73.475648, 6.030432, 0.0 ] } },
{ "type": "Feature", "properties": { "FECHA": "7/02/2022 00:00:00 (UTC)", "DEPTO": null, "MUNICIPIO": "LA JAGUA DE IBIRICO", "VEREDA": null, "GASODUCTO": "(BALLENAS-BARRANCA)", "TRAMO": "La Jagua de Ibirico", "PK_INICIO": "15", "TP_DUCTO": "Ramal", "DISTRITO": "6", "DIAMETRO": "3\"", "TRM_REG": null, "TP_EVENTO": "SOCAVACIÓN DE FONDO", "LONGITUD": 10.0, "PRIORIDAD": "Media", "AMENAZA": "Medio", "FX2": "20220914_FX2_PM1_BB_R-JAGUA IBIR_PK000+015_VB", "OBSERVACION_GEOTECNISTA": null }, "geometry": { "type": "Point", "coordinates": [ -73.412945, 9.625565, 0.0 ] } },
{ "type": "Feature", "properties": { "FECHA": "10/06/2021 00:00:00 (UTC)", "DEPTO": null, "MUNICIPIO": "CURUMANÍ", "VEREDA": null, "GASODUCTO": "(BALLENAS-BARRANCA)", "TRAMO": "San Roque", "PK_INICIO": "1020", "TP_DUCTO": "Ramal", "DISTRITO": "6", "DIAMETRO": "3\"", "TRM_REG": null, "TP_EVENTO": "OTRO", "LONGITUD": 90.0, "PRIORIDAD": "Media", "AMENAZA": "Medio", "FX2": "20220915_FX2_PM1_BB_R-SAN ROQUE_PK001+042_VA", "OBSERVACION_GEOTECNISTA": null }, "geometry": { "type": "Point", "coordinates": [ -73.523401, 9.294833, 0.0 ] } },
{ "type": "Feature", "properties": { "FECHA": "7/09/2021 00:00:00 (UTC)", "DEPTO": null, "MUNICIPIO": "SABANALARGA", "VEREDA": null, "GASODUCTO": "(CENTRO - ORIENTE)", "TRAMO": "Barrancabermeja - Sebastopol", "PK_INICIO": "13300", "TP_DUCTO": "Troncal", "DISTRITO": "1", "DIAMETRO": "(20)", "TRM_REG": null, "TP_EVENTO": "SURCOS", "LONGITUD": 4.0, "PRIORIDAD": "Alta", "AMENAZA": "Alto", "FX2": "20220810_FX2_C01_C0R_BARRANC-SEB_PK013+232_VA", "OBSERVACION_GEOTECNISTA": null }, "geometry": { "type": "Point", "coordinates": [ -73.817941, 7.030698, 0.0 ] } },
{ "type": "Feature", "properties": { "FECHA": "9/09/2021 00:00:00 (UTC)", "DEPTO": null, "MUNICIPIO": "Barrancabermeja", "VEREDA": null, "GASODUCTO": "(CENTRO - ORIENTE)", "TRAMO": "Mariquita - Gualanday", "PK_INICIO": "413667", "TP_DUCTO": "Troncal", "DISTRITO": "2", "DIAMETRO": "10\"", "TRM_REG": null, "TP_EVENTO": "CARCAVAS", "LONGITUD": 43.0, "PRIORIDAD": "Alta", "AMENAZA": "Alto", "FX2": "20220120_FX2_C02_COR_MAR-GUAL_PK413+667_VA", "OBSERVACION_GEOTECNISTA": null }, "geometry": { "type": "Point", "coordinates": [ -75.029832, 4.28415, 0.0 ] } },
{ "type": "Feature", "properties": { "FECHA": "16/10/2021 00:00:00 (UTC)", "DEPTO": null, "MUNICIPIO": "COYAIMA", "VEREDA": null, "GASODUCTO": "(CENTRO - ORIENTE)", "TRAMO": "Gualanday - Guasimal", "PK_INICIO": "480664", "TP_DUCTO": "Troncal", "DISTRITO": "2", "DIAMETRO": "22\"", "TRM_REG": null, "TP_EVENTO": "SOCAVACIÓN LATERAL", "LONGITUD": 30.0, "PRIORIDAD": "Alta", "AMENAZA": "Alto", "FX2": " 20220119_FX2_C02_COR_GUAL-GUAS_PK480+664_VA", "OBSERVACION_GEOTECNISTA": null }, "geometry": { "type": "Point", "coordinates": [ -75.07539, 3.759323, 0.0 ] } },
{ "type": "Feature", "properties": { "FECHA": "14/12/2021 00:00:00 (UTC)", "DEPTO": null, "MUNICIPIO": "BRICEÑO", "VEREDA": null, "GASODUCTO": "(CENTRO - ORIENTE)", "TRAMO": "PK 17+500 - Sucre Oriental", "PK_INICIO": "23260", "TP_DUCTO": "Troncal", "DISTRITO": "3", "DIAMETRO": "(22)", "TRM_REG": null, "TP_EVENTO": "SOCAVACIÓN DE FONDO", "LONGITUD": 10.0, "PRIORIDAD": "Media", "AMENAZA": "Medio", "FX2": "20221013_FX2_C03_C0R_17+500-SUCREO_PK023+265_VA", "OBSERVACION_GEOTECNISTA": null }, "geometry": { "type": "Point", "coordinates": [ -73.925737, 5.678011, 0.0 ] } },
{ "type": "Feature", "properties": { "FECHA": "12/10/2022 00:00:00 (UTC)", "DEPTO": null, "MUNICIPIO": "CHIQUINQUIRÁ", "VEREDA": null, "GASODUCTO": "(CENTRO - ORIENTE)", "TRAMO": "Puente Guillermo - Sucre Oriental", "PK_INICIO": "26658", "TP_DUCTO": "Troncal", "DISTRITO": "3", "DIAMETRO": "(20)", "TRM_REG": null, "TP_EVENTO": "SOCAVACIÓN DE FONDO", "LONGITUD": 10.0, "PRIORIDAD": "Media", "AMENAZA": "Medio", "FX2": "20221012_FX2_C03_C0R_PTE GUI-SUCREO_PK026+663_VA", "OBSERVACION_GEOTECNISTA": null }, "geometry": { "type": "Point", "coordinates": [ -73.798186, 5.634678, 0.0 ] } },
{ "type": "Feature", "properties": { "FECHA": "14/10/2022 00:00:00 (UTC)", "DEPTO": null, "MUNICIPIO": "ALBANIA", "VEREDA": null, "GASODUCTO": "(CENTRO - ORIENTE)", "TRAMO": "Albania", "PK_INICIO": "1700", "TP_DUCTO": "Ramal", "DISTRITO": "3", "DIAMETRO": "3\"", "TRM_REG": null, "TP_EVENTO": "SOCAVACIÓN DE FONDO", "LONGITUD": 0.7, "PRIORIDAD": "Alta", "AMENAZA": "Alto", "FX2": "20221014_FX2_C03_COR_R-ALBANIA_PK001+700_VB", "OBSERVACION_GEOTECNISTA": null }, "geometry": { "type": "Point", "coordinates": [ -73.918048, 5.738342, 0.0 ] } },
{ "type": "Feature", "properties": { "FECHA": "14/10/2022 00:00:00 (UTC)", "DEPTO": null, "MUNICIPIO": "FLORIÁN", "VEREDA": null, "GASODUCTO": "(CENTRO - ORIENTE)", "TRAMO": "La Belleza - Pk 7+200", "PK_INICIO": "2970", "TP_DUCTO": "Troncal", "DISTRITO": "3", "DIAMETRO": "(22)", "TRM_REG": null, "TP_EVENTO": "FLUJOS", "LONGITUD": 10.0, "PRIORIDAD": "Media", "AMENAZA": "Medio", "FX2": "20221013_FX2_C03_C0R_BELL-7+200_PK002+970_VA", "OBSERVACION_GEOTECNISTA": null }, "geometry": { "type": "Point", "coordinates": [ -73.978555, 5.816018, 0.0 ] } },
{ "type": "Feature", "properties": { "FECHA": "14/10/2022 00:00:00 (UTC)", "DEPTO": null, "MUNICIPIO": "FLORIÁN", "VEREDA": null, "GASODUCTO": "(CENTRO - ORIENTE)", "TRAMO": "PK 7+200 - PK 17+500", "PK_INICIO": "7620", "TP_DUCTO": "Troncal", "DISTRITO": "3", "DIAMETRO": "(22)", "TRM_REG": null, "TP_EVENTO": "CARCAVAS", "LONGITUD": 10.0, "PRIORIDAD": "Alta", "AMENAZA": "Alto", "FX2": "20221014_FX2_C03_C0R_7+200-17+500_PK007+620_VA", "OBSERVACION_GEOTECNISTA": null }, "geometry": { "type": "Point", "coordinates": [ -73.972103, 5.773701, 0.0 ] } },
{ "type": "Feature", "properties": { "FECHA": "13/10/2022 00:00:00 (UTC)", "DEPTO": null, "MUNICIPIO": "BRICEÑO", "VEREDA": null, "GASODUCTO": "(CENTRO - ORIENTE)", "TRAMO": "PK 17+500 - Sucre Oriental", "PK_INICIO": "26545", "TP_DUCTO": "Troncal", "DISTRITO": "3", "DIAMETRO": "(22)", "TRM_REG": null, "TP_EVENTO": "SOCAVACIÓN DE FONDO", "LONGITUD": 10.0, "PRIORIDAD": "Alta", "AMENAZA": "Alto", "FX2": "20221013_FX2_C03_C0R_17+500-SUCREO_PK026+550_VA", "OBSERVACION_GEOTECNISTA": null }, "geometry": { "type": "Point", "coordinates": [ -73.907278, 5.657586, 0.0 ] } },
{ "type": "Feature", "properties": { "FECHA": "27/10/2022 00:00:00 (UTC)", "DEPTO": null, "MUNICIPIO": "SAN VICENTE DE CHUCURÍ", "VEREDA": null, "GASODUCTO": "(SUR DE BOLIVAR)", "TRAMO": "San Vicente - Playa Roja", "PK_INICIO": "15040", "TP_DUCTO": "Aislado", "DISTRITO": "1", "DIAMETRO": "3\"", "TRM_REG": null, "TP_EVENTO": "DESLIZAMIENTO TRASLACIONAL", "LONGITUD": 40.0, "PRIORIDAD": "Alta", "AMENAZA": "Extremo", "FX2": "20221027_FX2_C01_SBO_S VIC-PLAYA R_PK015+045_VA", "OBSERVACION_GEOTECNISTA": null }, "geometry": { "type": "Point", "coordinates": [ -73.482673, 6.888251, 0.0 ] } },
{ "type": "Feature", "properties": { "FECHA": "25/10/2022 00:00:00 (UTC)", "DEPTO": null, "MUNICIPIO": "CIMITARRA", "VEREDA": null, "GASODUCTO": "(CENTRO - ORIENTE)", "TRAMO": "Barrancabermeja - Sebastopol", "PK_INICIO": "97790", "TP_DUCTO": "Troncal", "DISTRITO": "1", "DIAMETRO": "(20)", "TRM_REG": null, "TP_EVENTO": "SOCAVACIÓN DE FONDO", "LONGITUD": 3.0, "PRIORIDAD": "Alta", "AMENAZA": "Alto", "FX2": "20221025_FX2_C01_COR_BARRANC-SEB_PK 097+790_VA", "OBSERVACION_GEOTECNISTA": null }, "geometry": { "type": "Point", "coordinates": [ -74.29057, 6.52193, 0.0 ] } },
{ "type": "Feature", "properties": { "FECHA": "25/10/2022 00:00:00 (UTC)", "DEPTO": null, "MUNICIPIO": "SAN VICENTE DE CHUCURÍ", "VEREDA": null, "GASODUCTO": "(SUR DE BOLIVAR)", "TRAMO": "San Vicente - Playa Roja", "PK_INICIO": "2026", "TP_DUCTO": "Aislado", "DISTRITO": "1", "DIAMETRO": "3\"", "TRM_REG": null, "TP_EVENTO": "SOCAVACIÓN DE FONDO", "LONGITUD": 1.0, "PRIORIDAD": "Media", "AMENAZA": "Medio", "FX2": "20221025_FX2_C01_SBO_S VIC-PLAYA R_PK002+026_VB", "OBSERVACION_GEOTECNISTA": null }, "geometry": { "type": "Point", "coordinates": [ -73.831846, 6.8912, 0.0 ] } },
{ "type": "Feature", "properties": { "FECHA": "26/10/2022 00:00:00 (UTC)", "DEPTO": null, "MUNICIPIO": "SAN VICENTE DE CHUCURÍ", "VEREDA": null, "GASODUCTO": "(SUR DE BOLIVAR)", "TRAMO": "San Vicente - Playa Roja", "PK_INICIO": "9225", "TP_DUCTO": "Aislado", "DISTRITO": "1", "DIAMETRO": "3\"", "TRM_REG": null, "TP_EVENTO": "CARCAVAS", "LONGITUD": 20.0, "PRIORIDAD": "Alta", "AMENAZA": "Alto", "FX2": "20221026_FX2_C01_SBO_S VIC-PLAYA R_PK009+225_VA", "OBSERVACION_GEOTECNISTA": null }, "geometry": { "type": "Point", "coordinates": [ -73.527073, 6.884142, 0.0 ] } },
{ "type": "Feature", "properties": { "FECHA": "26/10/2022 00:00:00 (UTC)", "DEPTO": null, "MUNICIPIO": "SAN VICENTE DE CHUCURÍ", "VEREDA": null, "GASODUCTO": "(SUR DE BOLIVAR)", "TRAMO": "San Vicente - Playa Roja", "PK_INICIO": "11211", "TP_DUCTO": "Aislado", "DISTRITO": "1", "DIAMETRO": "3\"", "TRM_REG": null, "TP_EVENTO": "SURCOS", "LONGITUD": 10.0, "PRIORIDAD": "Media", "AMENAZA": "Medio", "FX2": "20221026_FX2_C01_SBO_S VIC-PLAYA R_PK011+211_VA", "OBSERVACION_GEOTECNISTA": null }, "geometry": { "type": "Point", "coordinates": [ -73.512016, 6.877721, 0.0 ] } },
{ "type": "Feature", "properties": { "FECHA": "28/10/2022 00:00:00 (UTC)", "DEPTO": null, "MUNICIPIO": "SAN VICENTE DE CHUCURÍ", "VEREDA": null, "GASODUCTO": "(SUR DE BOLIVAR)", "TRAMO": "San Vicente - Playa Roja", "PK_INICIO": "15783", "TP_DUCTO": "Aislado", "DISTRITO": "1", "DIAMETRO": "3\"", "TRM_REG": null, "TP_EVENTO": "SOCAVACIÓN DE FONDO", "LONGITUD": 2.0, "PRIORIDAD": "Media", "AMENAZA": "Medio", "FX2": "20221028_FX2_C01_SBO_S VIC-PLAYA R_PK015+783_VB", "OBSERVACION_GEOTECNISTA": null }, "geometry": { "type": "Point", "coordinates": [ -73.476392, 6.889086, 0.0 ] } },
{ "type": "Feature", "properties": { "FECHA": "2/01/2023 00:00:00 (UTC)", "DEPTO": null, "MUNICIPIO": "PUENTE NACIONAL", "VEREDA": null, "GASODUCTO": "(CENTRO - ORIENTE)", "TRAMO": "Puente Guillermo - Sucre Oriental", "PK_INICIO": "2600", "TP_DUCTO": "Troncal", "DISTRITO": "3", "DIAMETRO": "(20)", "TRM_REG": null, "TP_EVENTO": "REPTACION", "LONGITUD": 150.0, "PRIORIDAD": "Alta", "AMENAZA": "Extremo", "FX2": "20230102_FX2_C03_COR_PTE GUI-SUCREO_PK002+800_VC", "OBSERVACION_GEOTECNISTA": null }, "geometry": { "type": "Point", "coordinates": [ -73.705828, 5.804643, 0.0 ] } },
{ "type": "Feature", "properties": { "FECHA": "12/01/2023 00:00:00 (UTC)", "DEPTO": null, "MUNICIPIO": "NEIRA", "VEREDA": null, "GASODUCTO": "(MARIQUITA - CALI)", "TRAMO": "Neira", "PK_INICIO": "21420", "TP_DUCTO": "Ramal", "DISTRITO": "7", "DIAMETRO": "3\"", "TRM_REG": null, "TP_EVENTO": "DESLIZAMIENTO TRASLACIONAL", "LONGITUD": 10.0, "PRIORIDAD": "Alta", "AMENAZA": "Extremo", "FX2": "20230112_FX2_C07_MC_R-NEIRA_PK021+420_VA", "OBSERVACION_GEOTECNISTA": null }, "geometry": { "type": "Point", "coordinates": [ -75.51, 5.15737, 0.0 ] } },
{ "type": "Feature", "properties": { "FECHA": "2/12/2022 00:00:00 (UTC)", "DEPTO": null, "MUNICIPIO": "PUENTE NACIONAL", "VEREDA": null, "GASODUCTO": "(PORVENIR - LA BELLEZA)", "TRAMO": "Sutamarchan - La Belleza", "PK_INICIO": "183128", "TP_DUCTO": "Troncal", "DISTRITO": "5", "DIAMETRO": "(20)", "TRM_REG": null, "TP_EVENTO": "OTRO", "LONGITUD": 280.0, "PRIORIDAD": "Baja", "AMENAZA": "Bajo", "FX2": "20221202_FX2_C05_PB_SUT-BELL_PK185+780_VB", "OBSERVACION_GEOTECNISTA": null }, "geometry": { "type": "Point", "coordinates": [ -73.664012, 5.805783, 0.0 ] } },
{ "type": "Feature", "properties": { "FECHA": "3/08/2021 00:00:00 (UTC)", "DEPTO": null, "MUNICIPIO": "MANZANARES", "VEREDA": null, "GASODUCTO": "(MARIQUITA - CALI)", "TRAMO": "Manzanares", "PK_INICIO": "14496", "TP_DUCTO": "Ramal", "DISTRITO": "7", "DIAMETRO": "3\"", "TRM_REG": null, "TP_EVENTO": "OTRO", "LONGITUD": 12.0, "PRIORIDAD": "Alta", "AMENAZA": "Alto", "FX2": "20210803_FX2_C07_MC_R-MANZAN_PK014+496_VA", "OBSERVACION_GEOTECNISTA": null }, "geometry": { "type": "Point", "coordinates": [ -75.115525, 5.230637, 0.0 ] } },
{ "type": "Feature", "properties": { "FECHA": "11/01/2022 00:00:00 (UTC)", "DEPTO": null, "MUNICIPIO": "MANZANARES", "VEREDA": null, "GASODUCTO": "(MARIQUITA - CALI)", "TRAMO": "Manzanares", "PK_INICIO": "9200", "TP_DUCTO": "Ramal", "DISTRITO": "7", "DIAMETRO": "3\"", "TRM_REG": null, "TP_EVENTO": "SOCAVACIÓN LATERAL", "LONGITUD": 10.0, "PRIORIDAD": "Alta", "AMENAZA": "Alto", "FX2": "20220209_FX2_C07_MC_R-MANZAN_PK009+200_VA", "OBSERVACION_GEOTECNISTA": null }, "geometry": { "type": "Point", "coordinates": [ -75.080819, 5.234986, 0.0 ] } },
{ "type": "Feature", "properties": { "FECHA": "18/06/2021 00:00:00 (UTC)", "DEPTO": null, "MUNICIPIO": "GUADUAS", "VEREDA": null, "GASODUCTO": "(CENTRO - ORIENTE)", "TRAMO": "Puerto Salgar - Mariquita", "PK_INICIO": "251427", "TP_DUCTO": "Troncal", "DISTRITO": "2", "DIAMETRO": "(20)", "TRM_REG": null, "TP_EVENTO": "CARCAVAS", "LONGITUD": 20.0, "PRIORIDAD": "Media", "AMENAZA": "Medio", "FX2": "20210929_FX2_C01_COR_PTO SALG-MAR_PK251+427_VA", "OBSERVACION_GEOTECNISTA": null }, "geometry": { "type": "Point", "coordinates": [ -74.649628, 5.422833, 0.0 ] } },
{ "type": "Feature", "properties": { "FECHA": "19/06/2021 00:00:00 (UTC)", "DEPTO": null, "MUNICIPIO": "GUADUAS", "VEREDA": null, "GASODUCTO": "(CENTRO - ORIENTE)", "TRAMO": "Puerto Salgar - Mariquita", "PK_INICIO": "255117", "TP_DUCTO": "Troncal", "DISTRITO": "2", "DIAMETRO": "(20)", "TRM_REG": null, "TP_EVENTO": "CARCAVAS", "LONGITUD": 11.0, "PRIORIDAD": "Media", "AMENAZA": "Medio", "FX2": "20210929_FX2_C01_COR_PTO SALG-MAR_PK255+117_VA", "OBSERVACION_GEOTECNISTA": null }, "geometry": { "type": "Point", "coordinates": [ -74.664045, 5.394292, 0.0 ] } },
{ "type": "Feature", "properties": { "FECHA": "6/07/2021 00:00:00 (UTC)", "DEPTO": null, "MUNICIPIO": "SAN SEBASTIÁN DE MARIQUITA", "VEREDA": null, "GASODUCTO": "(CENTRO - ORIENTE)", "TRAMO": "Puerto Salgar - Mariquita", "PK_INICIO": "287452", "TP_DUCTO": "Troncal", "DISTRITO": "2", "DIAMETRO": "(20)", "TRM_REG": null, "TP_EVENTO": "SOCAVACIÓN DE FONDO", "LONGITUD": 11.0, "PRIORIDAD": "Alta", "AMENAZA": "Alto", "FX2": " 20210930_FX2_C01_COR_PTO SALG-MAR_PK287+452_VA", "OBSERVACION_GEOTECNISTA": null }, "geometry": { "type": "Point", "coordinates": [ -74.848084159999985, 5.274960570000076, 0.0 ] } },
{ "type": "Feature", "properties": { "FECHA": "29/03/2021 00:00:00 (UTC)", "DEPTO": null, "MUNICIPIO": "AIPE", "VEREDA": null, "GASODUCTO": "(CENTRO - ORIENTE)", "TRAMO": "Guasimal - Dina", "PK_INICIO": "541438", "TP_DUCTO": "Troncal", "DISTRITO": "2", "DIAMETRO": "22\"", "TRM_REG": null, "TP_EVENTO": "OTRO", "LONGITUD": 4.0, "PRIORIDAD": "Alta", "AMENAZA": "Extremo", "FX2": "20220119_FX2_C02_COR_GUAS-DINA_PK541+438_VA", "OBSERVACION_GEOTECNISTA": null }, "geometry": { "type": "Point", "coordinates": [ -75.243898, 3.27029, 0.0 ] } },
{ "type": "Feature", "properties": { "FECHA": "4/05/2022 00:00:00 (UTC)", "DEPTO": null, "MUNICIPIO": "BALBOA", "VEREDA": null, "GASODUCTO": "(MARIQUITA - CALI)", "TRAMO": "La Celia", "PK_INICIO": "3454", "TP_DUCTO": "Ramal", "DISTRITO": "7", "DIAMETRO": "3\"", "TRM_REG": null, "TP_EVENTO": "SOCAVACIÓN DE FONDO", "LONGITUD": 30.0, "PRIORIDAD": "Alta", "AMENAZA": "Extremo", "FX2": "20220510_FX2_C07_MC_R-LA CELIA_PK003+454_VA", "OBSERVACION_GEOTECNISTA": null }, "geometry": { "type": "Point", "coordinates": [ -75.937213, 4.901968, 0.0 ] } },
{ "type": "Feature", "properties": { "FECHA": "1/12/2021 00:00:00 (UTC)", "DEPTO": null, "MUNICIPIO": "CARTAGO", "VEREDA": null, "GASODUCTO": "(MARIQUITA - CALI)", "TRAMO": "Marsella - Obando", "PK_INICIO": "173100", "TP_DUCTO": "Troncal", "DISTRITO": "7", "DIAMETRO": "(20)", "TRM_REG": null, "TP_EVENTO": "SOCAVACIÓN DE FONDO", "LONGITUD": 15.0, "PRIORIDAD": "Alta", "AMENAZA": "Extremo", "FX2": "20221027_FX2_C07_MC_MARS-OBAND_PK173+100_VA", "OBSERVACION_GEOTECNISTA": null }, "geometry": { "type": "Point", "coordinates": [ -75.877920099999983, 4.736025600000062, 0.0 ] } },
{ "type": "Feature", "properties": { "FECHA": "4/05/2022 00:00:00 (UTC)", "DEPTO": null, "MUNICIPIO": "BALBOA", "VEREDA": null, "GASODUCTO": "(MARIQUITA - CALI)", "TRAMO": "La Celia", "PK_INICIO": "3657", "TP_DUCTO": "Ramal", "DISTRITO": "7", "DIAMETRO": "3\"", "TRM_REG": null, "TP_EVENTO": "SOCAVACIÓN DE FONDO", "LONGITUD": 10.0, "PRIORIDAD": "Alta", "AMENAZA": "Extremo", "FX2": "20220510_FX2_C07_MC_R-LA CELIA_PK003+657_VA", "OBSERVACION_GEOTECNISTA": null }, "geometry": { "type": "Point", "coordinates": [ -75.938848, 4.903007, 0.0 ] } },
{ "type": "Feature", "properties": { "FECHA": "27/04/2022 00:00:00 (UTC)", "DEPTO": null, "MUNICIPIO": "CAICEDONIA", "VEREDA": null, "GASODUCTO": "(MARIQUITA - CALI)", "TRAMO": "Caicedonia", "PK_INICIO": "9618", "TP_DUCTO": "Ramal", "DISTRITO": "8", "DIAMETRO": "3\"", "TRM_REG": null, "TP_EVENTO": "SOCAVACIÓN DE FONDO", "LONGITUD": 3.0, "PRIORIDAD": "Alta", "AMENAZA": "Alto", "FX2": "20230116_FX2_C08_MC_R-CAICED_PK009+618_VA", "OBSERVACION_GEOTECNISTA": null }, "geometry": { "type": "Point", "coordinates": [ -75.8525, 4.3578, 0.0 ] } },
{ "type": "Feature", "properties": { "FECHA": "27/05/2022 00:00:00 (UTC)", "DEPTO": null, "MUNICIPIO": "PUERTO BOYACÁ", "VEREDA": null, "GASODUCTO": "(CENTRO - ORIENTE)", "TRAMO": "La Belleza - Vasconia", "PK_INICIO": "273100", "TP_DUCTO": "Troncal", "DISTRITO": "1", "DIAMETRO": "22\"", "TRM_REG": null, "TP_EVENTO": "DESLIZAMIENTO ROTACIONAL", "LONGITUD": 20.0, "PRIORIDAD": "Media", "AMENAZA": "Medio", "FX2": "20230303_FX2_C03_C0R_BELL-VASC_PK273+100_VA", "OBSERVACION_GEOTECNISTA": null }, "geometry": { "type": "Point", "coordinates": [ -74.5196, 6.0204, 0.0 ] } },
{ "type": "Feature", "properties": { "FECHA": "1/08/2022 00:00:00 (UTC)", "DEPTO": null, "MUNICIPIO": "Barrancabermeja", "VEREDA": null, "GASODUCTO": "(CENTRO - ORIENTE)", "TRAMO": "Barrancabermeja - Sebastopol", "PK_INICIO": "22121", "TP_DUCTO": "Troncal", "DISTRITO": "1", "DIAMETRO": "(20)", "TRM_REG": null, "TP_EVENTO": "CARCAVAS", "LONGITUD": 30.0, "PRIORIDAD": "Alta", "AMENAZA": "Alto", "FX2": "20230112_FX2_C01_C0R_BARRANC-SEB_PK022+277_VB", "OBSERVACION_GEOTECNISTA": null }, "geometry": { "type": "Point", "coordinates": [ -73.831636, 6.954323, 0.0 ] } },
{ "type": "Feature", "properties": { "FECHA": "1/11/2022 00:00:00 (UTC)", "DEPTO": null, "MUNICIPIO": "PUERTO BOYACÁ", "VEREDA": null, "GASODUCTO": "(CENTRO - ORIENTE)", "TRAMO": "La Belleza - Vasconia", "PK_INICIO": "250310", "TP_DUCTO": "Troncal", "DISTRITO": "1", "DIAMETRO": "22\"", "TRM_REG": null, "TP_EVENTO": "SURCOS", "LONGITUD": 90.0, "PRIORIDAD": "Media", "AMENAZA": "Medio", "FX2": "20230302_FX2_C03_C0R_BELL-VASC_PK250+400_VA", "OBSERVACION_GEOTECNISTA": null }, "geometry": { "type": "Point", "coordinates": [ -74.377798, 5.882136, 0.0 ] } },
{ "type": "Feature", "properties": { "FECHA": "10/11/2022 00:00:00 (UTC)", "DEPTO": null, "MUNICIPIO": "CAICEDONIA", "VEREDA": null, "GASODUCTO": "(MARIQUITA - CALI)", "TRAMO": "Caicedonia", "PK_INICIO": "8610", "TP_DUCTO": "Ramal", "DISTRITO": "8", "DIAMETRO": "3\"", "TRM_REG": null, "TP_EVENTO": "DESLIZAMIENTO TRASLACIONAL", "LONGITUD": 10.0, "PRIORIDAD": "Baja", "AMENAZA": "Bajo", "FX2": "20230116_FX2_C08_MC_R-CAICED_PK008+610_VA", "OBSERVACION_GEOTECNISTA": null }, "geometry": { "type": "Point", "coordinates": [ -75.8546, 4.3652, 0.0 ] } },
{ "type": "Feature", "properties": { "FECHA": "2/03/2023 00:00:00 (UTC)", "DEPTO": null, "MUNICIPIO": "PUERTO BOYACÁ", "VEREDA": null, "GASODUCTO": "(CENTRO - ORIENTE)", "TRAMO": "La Belleza - Vasconia", "PK_INICIO": "250932", "TP_DUCTO": "Troncal", "DISTRITO": "1", "DIAMETRO": "22\"", "TRM_REG": null, "TP_EVENTO": "SOCAVACIÓN DE FONDO", "LONGITUD": 2.2, "PRIORIDAD": "Alta", "AMENAZA": "Alto", "FX2": "20230302_FX2_C03_C0R_BELL-VASC_PK250+932_VA", "OBSERVACION_GEOTECNISTA": null }, "geometry": { "type": "Point", "coordinates": [ -74.38134, 5.885545, 0.0 ] } },
{ "type": "Feature", "properties": { "FECHA": "9/02/2023 00:00:00 (UTC)", "DEPTO": null, "MUNICIPIO": "SAN JOSÉ DE PARE", "VEREDA": null, "GASODUCTO": "(BOYACA - SANTANDER)", "TRAMO": "San Jose de Pare", "PK_INICIO": "90", "TP_DUCTO": "Ramal", "DISTRITO": "5", "DIAMETRO": "3\"", "TRM_REG": null, "TP_EVENTO": "DESLIZAMIENTO ROTACIONAL", "LONGITUD": 8.0, "PRIORIDAD": "Baja", "AMENAZA": "Bajo", "FX2": "20230209_FX2_C05_GBS_R-S JOSE PARE_PK000+130_VB", "OBSERVACION_GEOTECNISTA": null }, "geometry": { "type": "Point", "coordinates": [ -73.542766, 6.028644, 0.0 ] } },
{ "type": "Feature", "properties": { "FECHA": "14/04/2023 00:00:00 (UTC)", "DEPTO": null, "MUNICIPIO": "MANIZALES", "VEREDA": null, "GASODUCTO": "(MARIQUITA - CALI)", "TRAMO": "Manizales", "PK_INICIO": "2280", "TP_DUCTO": "Ramal", "DISTRITO": "7", "DIAMETRO": "6\"", "TRM_REG": null, "TP_EVENTO": "DESLIZAMIENTO TRASLACIONAL", "LONGITUD": 24.0, "PRIORIDAD": "Alta", "AMENAZA": "Extremo", "FX2": "20230417_FX2_C07_MC_R-MANIZALES_PK002+280_VA", "OBSERVACION_GEOTECNISTA": null }, "geometry": { "type": "Point", "coordinates": [ -75.447203, 5.032334, 0.0 ] } },
{ "type": "Feature", "properties": { "FECHA": "13/04/2023 00:00:00 (UTC)", "DEPTO": null, "MUNICIPIO": "MONIQUIRÁ", "VEREDA": null, "GASODUCTO": "(BOYACA - SANTANDER)", "TRAMO": "Otero - Santana", "PK_INICIO": "17570", "TP_DUCTO": "Troncal", "DISTRITO": "5", "DIAMETRO": "14\"", "TRM_REG": null, "TP_EVENTO": "OTRO", "LONGITUD": 30.0, "PRIORIDAD": "Baja", "AMENAZA": "Bajo", "FX2": "20230413_FX2_C05_GBS_OTERO-SANT_PK017+580_VB", "OBSERVACION_GEOTECNISTA": null }, "geometry": { "type": "Point", "coordinates": [ -73.619534, 5.920604, 0.0 ] } },
{ "type": "Feature", "properties": { "FECHA": "9/12/2021 00:00:00 (UTC)", "DEPTO": null, "MUNICIPIO": "LA TEBAIDA", "VEREDA": null, "GASODUCTO": "(MARIQUITA - CALI)", "TRAMO": "Loop - Ramal Armenia", "PK_INICIO": "29900", "TP_DUCTO": "Loop", "DISTRITO": "7", "DIAMETRO": "14\"", "TRM_REG": null, "TP_EVENTO": "DESLIZAMIENTO TRASLACIONAL", "LONGITUD": 19.0, "PRIORIDAD": "Alta", "AMENAZA": "Alto", "FX2": "20211209_FX2_C08_MC_R-ARMENIA(L)_PK029+900_VA", "OBSERVACION_GEOTECNISTA": null }, "geometry": { "type": "Point", "coordinates": [ -75.846311, 4.453714, 0.0 ] } },
{ "type": "Feature", "properties": { "FECHA": "30/01/2023 00:00:00 (UTC)", "DEPTO": null, "MUNICIPIO": "FUQUENE", "VEREDA": null, "GASODUCTO": "(CENTRO - ORIENTE)", "TRAMO": "Sucre Oriental - Cogua", "PK_INICIO": "58677", "TP_DUCTO": "Troncal", "DISTRITO": "3", "DIAMETRO": "(22)", "TRM_REG": null, "TP_EVENTO": "OTRO", "LONGITUD": 7.0, "PRIORIDAD": "Baja", "AMENAZA": "Bajo", "FX2": "20230130_FX2_C05_COR_SUCREO-VASC_PK058+677_VB", "OBSERVACION_GEOTECNISTA": null }, "geometry": { "type": "Point", "coordinates": [ -73.772472, 5.427564, 0.0 ] } },
{ "type": "Feature", "properties": { "FECHA": "4/05/2022 00:00:00 (UTC)", "DEPTO": null, "MUNICIPIO": "BALBOA", "VEREDA": null, "GASODUCTO": "(MARIQUITA - CALI)", "TRAMO": "La Celia", "PK_INICIO": "3700", "TP_DUCTO": "Ramal", "DISTRITO": "7", "DIAMETRO": "3\"", "TRM_REG": null, "TP_EVENTO": "SOCAVACIÓN DE FONDO", "LONGITUD": 15.0, "PRIORIDAD": "Alta", "AMENAZA": "Alto", "FX2": "20220510_FX2_C07_MC_R-LA CELIA_PK003+712_VA", "OBSERVACION_GEOTECNISTA": null }, "geometry": { "type": "Point", "coordinates": [ -75.939327, 4.903198, 0.0 ] } },
{ "type": "Feature", "properties": { "FECHA": "12/05/2022 00:00:00 (UTC)", "DEPTO": null, "MUNICIPIO": "CALARCÁ", "VEREDA": null, "GASODUCTO": "(MARIQUITA - CALI)", "TRAMO": "Calarcá", "PK_INICIO": "8070", "TP_DUCTO": "Ramal", "DISTRITO": "7", "DIAMETRO": "4\"", "TRM_REG": null, "TP_EVENTO": "SOCAVACIÓN DE FONDO", "LONGITUD": 3.0, "PRIORIDAD": "Alta", "AMENAZA": "Alto", "FX2": "20220512_FX2_C08_MC_R-CALARCA_PK008+070_VA", "OBSERVACION_GEOTECNISTA": null }, "geometry": { "type": "Point", "coordinates": [ -75.686933, 4.492464, 0.0 ] } },
{ "type": "Feature", "properties": { "FECHA": "18/05/2022 00:00:00 (UTC)", "DEPTO": null, "MUNICIPIO": "PUERTO BOYACÁ", "VEREDA": null, "GASODUCTO": "(CENTRO - ORIENTE)", "TRAMO": "La Belleza - Vasconia", "PK_INICIO": "253466", "TP_DUCTO": "Troncal", "DISTRITO": "1", "DIAMETRO": "22\"", "TRM_REG": null, "TP_EVENTO": "CARCAVAS", "LONGITUD": 30.0, "PRIORIDAD": "Media", "AMENAZA": "Medio", "FX2": "20230302_FX2_C03_C0R_BELL-VASC_PK253+466_VA", "OBSERVACION_GEOTECNISTA": null }, "geometry": { "type": "Point", "coordinates": [ -74.3939, 5.9018, 0.0 ] } },
{ "type": "Feature", "properties": { "FECHA": "21/10/2022 00:00:00 (UTC)", "DEPTO": null, "MUNICIPIO": "OTANCHE", "VEREDA": null, "GASODUCTO": "(CENTRO - ORIENTE)", "TRAMO": "La Belleza - Vasconia", "PK_INICIO": "41892", "TP_DUCTO": "Troncal", "DISTRITO": "1", "DIAMETRO": "22\"", "TRM_REG": null, "TP_EVENTO": "DESLIZAMIENTO TRASLACIONAL", "LONGITUD": 40.0, "PRIORIDAD": "Alta", "AMENAZA": "Extremo", "FX2": "20230228_FX2_C03_C0R_BELL-VASC_PK041+892 (PK227+505)_VC", "OBSERVACION_GEOTECNISTA": null }, "geometry": { "type": "Point", "coordinates": [ -74.2476, 5.8242, 0.0 ] } },
{ "type": "Feature", "properties": { "FECHA": "8/11/2022 00:00:00 (UTC)", "DEPTO": null, "MUNICIPIO": "PUERTO BOYACÁ", "VEREDA": null, "GASODUCTO": "(CENTRO - ORIENTE)", "TRAMO": "La Belleza - Vasconia", "PK_INICIO": "253885", "TP_DUCTO": "Troncal", "DISTRITO": "1", "DIAMETRO": "22\"", "TRM_REG": null, "TP_EVENTO": "CARCAVAS", "LONGITUD": 7.0, "PRIORIDAD": "Media", "AMENAZA": "Medio", "FX2": "20230301_FX2_C03_C0R_BELL-VASC_PK253+885_VA", "OBSERVACION_GEOTECNISTA": null }, "geometry": { "type": "Point", "coordinates": [ -74.3966, 5.9042, 0.0 ] } },
{ "type": "Feature", "properties": { "FECHA": "22/11/2022 00:00:00 (UTC)", "DEPTO": null, "MUNICIPIO": "PUERTO BOYACÁ", "VEREDA": null, "GASODUCTO": "(CENTRO - ORIENTE)", "TRAMO": "Puerto Romero - Hub Vasconia", "PK_INICIO": "15535", "TP_DUCTO": "Troncal", "DISTRITO": "1", "DIAMETRO": "(30)", "TRM_REG": null, "TP_EVENTO": "CARCAVAS", "LONGITUD": 28.0, "PRIORIDAD": "Media", "AMENAZA": "Medio", "FX2": "20230303_FX2_C03_C0R_PTO ROM-VASC_PK015+535_VA", "OBSERVACION_GEOTECNISTA": null }, "geometry": { "type": "Point", "coordinates": [ -74.5187, 6.019, 0.0 ] } },
{ "type": "Feature", "properties": { "FECHA": "23/11/2022 00:00:00 (UTC)", "DEPTO": null, "MUNICIPIO": "CHIRIGUANÁ", "VEREDA": null, "GASODUCTO": "(BALLENAS-BARRANCA)", "TRAMO": "Casacará - Curumaní", "PK_INICIO": "286502", "TP_DUCTO": "Troncal", "DISTRITO": "6", "DIAMETRO": "(18)", "TRM_REG": null, "TP_EVENTO": "CARCAVAS", "LONGITUD": 6.5, "PRIORIDAD": "Alta", "AMENAZA": "Extremo", "FX2": "20230123_FX2_PM1_BB_CASAC-CURUM_PK286+502_VC", "OBSERVACION_GEOTECNISTA": null }, "geometry": { "type": "Point", "coordinates": [ -73.4739, 9.455, 0.0 ] } },
{ "type": "Feature", "properties": { "FECHA": "10/04/2023 00:00:00 (UTC)", "DEPTO": null, "MUNICIPIO": "MONIQUIRÁ", "VEREDA": null, "GASODUCTO": "(BOYACA - SANTANDER)", "TRAMO": "Otero - Santana", "PK_INICIO": "17720", "TP_DUCTO": "Troncal", "DISTRITO": "5", "DIAMETRO": "14\"", "TRM_REG": null, "TP_EVENTO": "OTRO", "LONGITUD": 20.0, "PRIORIDAD": "Baja", "AMENAZA": "Bajo", "FX2": "20230413_FX2_C05_GBS_OTERO-SANT_PK017+720_VB", "OBSERVACION_GEOTECNISTA": null }, "geometry": { "type": "Point", "coordinates": [ -73.618444, 5.921287, 0.0 ] } },
{ "type": "Feature", "properties": { "FECHA": "4/02/2022 00:00:00 (UTC)", "DEPTO": null, "MUNICIPIO": "VILLAMARÍA", "VEREDA": null, "GASODUCTO": "(MARIQUITA - CALI)", "TRAMO": "Letras - Marsella", "PK_INICIO": "82985", "TP_DUCTO": "Troncal", "DISTRITO": "7", "DIAMETRO": "(20)", "TRM_REG": null, "TP_EVENTO": "CARCAVAS", "LONGITUD": 4.0, "PRIORIDAD": "Alta", "AMENAZA": "Alto", "FX2": "20230417_FX2_C07_MC_LET-MARS_PK082+985_VB", "OBSERVACION_GEOTECNISTA": null }, "geometry": { "type": "Point", "coordinates": [ -75.4528, 5.0196, 0.0 ] } },
{ "type": "Feature", "properties": { "FECHA": "5/01/2022 00:00:00 (UTC)", "DEPTO": null, "MUNICIPIO": "AGUSTÍN CODAZZI", "VEREDA": null, "GASODUCTO": "(BALLENAS-BARRANCA)", "TRAMO": "Jagua del Pilar - Casacará", "PK_INICIO": "218731", "TP_DUCTO": "Troncal", "DISTRITO": "6", "DIAMETRO": "(18)", "TRM_REG": null, "TP_EVENTO": "SURCOS", "LONGITUD": 2.0, "PRIORIDAD": "Media", "AMENAZA": "Medio", "FX2": "20230629_FX2_PM1_BB_JAGUA-CASAC_PK218+731_VA", "OBSERVACION_GEOTECNISTA": null }, "geometry": { "type": "Point", "coordinates": [ -73.286976, 10.005201, 0.0 ] } },
{ "type": "Feature", "properties": { "FECHA": "23/03/2022 00:00:00 (UTC)", "DEPTO": null, "MUNICIPIO": "TUNUNGUÁ", "VEREDA": null, "GASODUCTO": "(CENTRO - ORIENTE)", "TRAMO": "PK 7+200 - PK 17+500", "PK_INICIO": "15485", "TP_DUCTO": "Troncal", "DISTRITO": "3", "DIAMETRO": "(22)", "TRM_REG": null, "TP_EVENTO": "DESLIZAMIENTO ROTACIONAL", "LONGITUD": 68.0, "PRIORIDAD": "Media", "AMENAZA": "Medio", "FX2": "20230317_FX2_C03_COR_7+200 - 17+500_PK015+485_VA", "OBSERVACION_GEOTECNISTA": null }, "geometry": { "type": "Point", "coordinates": [ -73.9489, 5.7323, 0.0 ] } },
{ "type": "Feature", "properties": { "FECHA": "21/05/2022 00:00:00 (UTC)", "DEPTO": null, "MUNICIPIO": "MONIQUIRÁ", "VEREDA": null, "GASODUCTO": "(BOYACA - SANTANDER)", "TRAMO": "Togui", "PK_INICIO": "6688", "TP_DUCTO": "Ramal", "DISTRITO": "5", "DIAMETRO": "3\"", "TRM_REG": null, "TP_EVENTO": "REPTACION", "LONGITUD": 50.0, "PRIORIDAD": "Alta", "AMENAZA": "Extremo", "FX2": "20221129_FX2_C05_GBS_R-TOGUI_PK006+688_VA", "OBSERVACION_GEOTECNISTA": null }, "geometry": { "type": "Point", "coordinates": [ -73.568437, 5.893212, 0.0 ] } },
{ "type": "Feature", "properties": { "FECHA": "2/09/2022 00:00:00 (UTC)", "DEPTO": null, "MUNICIPIO": "FLORIÁN", "VEREDA": null, "GASODUCTO": "(CENTRO - ORIENTE)", "TRAMO": "PK 7+200 - PK 17+500", "PK_INICIO": "12120", "TP_DUCTO": "Troncal", "DISTRITO": "3", "DIAMETRO": "(22)", "TRM_REG": null, "TP_EVENTO": "CARCAVAS", "LONGITUD": 20.0, "PRIORIDAD": "Media", "AMENAZA": "Medio", "FX2": "20230517_FX2_C03_COR_7+200-17+500_PK012+120_VA", "OBSERVACION_GEOTECNISTA": null }, "geometry": { "type": "Point", "coordinates": [ -73.9645, 5.7452, 0.0 ] } },
{ "type": "Feature", "properties": { "FECHA": "6/12/2022 00:00:00 (UTC)", "DEPTO": null, "MUNICIPIO": "GRANADA", "VEREDA": null, "GASODUCTO": "(GASODUCTO DEL ARIARI)", "TRAMO": "Gasoducto del Ariari", "PK_INICIO": "49880", "TP_DUCTO": "Troncal", "DISTRITO": "4", "DIAMETRO": "4\"", "TRM_REG": null, "TP_EVENTO": "OTRO", "LONGITUD": 20.0, "PRIORIDAD": "Alta", "AMENAZA": "Extremo", "FX2": "20221206_FX2_C06_AA_ARIARI_PK049+880_VA", "OBSERVACION_GEOTECNISTA": null }, "geometry": { "type": "Point", "coordinates": [ -73.708124, 3.617361, 0.0 ] } },
{ "type": "Feature", "properties": { "FECHA": "19/12/2022 00:00:00 (UTC)", "DEPTO": null, "MUNICIPIO": "SAN VICENTE DE CHUCURÍ", "VEREDA": null, "GASODUCTO": "(SUR DE BOLIVAR)", "TRAMO": "San Vicente - Playa Roja", "PK_INICIO": "10157", "TP_DUCTO": "Aislado", "DISTRITO": "1", "DIAMETRO": "3\"", "TRM_REG": null, "TP_EVENTO": "DESLIZAMIENTO ROTACIONAL", "LONGITUD": 20.0, "PRIORIDAD": "Alta", "AMENAZA": "Extremo", "FX2": "20230613_FX2_C01_SBO_S VIC-PLAYA R_PK010+157_VA", "OBSERVACION_GEOTECNISTA": null }, "geometry": { "type": "Point", "coordinates": [ -73.519068, 6.882579, 0.0 ] } },
{ "type": "Feature", "properties": { "FECHA": "22/02/2023 00:00:00 (UTC)", "DEPTO": null, "MUNICIPIO": "CALDAS", "VEREDA": null, "GASODUCTO": "(CENTRO - ORIENTE)", "TRAMO": "PK 17+500 - Sucre Oriental", "PK_INICIO": "31047", "TP_DUCTO": "Troncal", "DISTRITO": "3", "DIAMETRO": "(22)", "TRM_REG": null, "TP_EVENTO": "SOCAVACIÓN LATERAL", "LONGITUD": 240.0, "PRIORIDAD": "Alta", "AMENAZA": "Alto", "FX2": "20230316_FX2_C03_COR_17+500-SUCREO_PK031+047_VA", "OBSERVACION_GEOTECNISTA": null }, "geometry": { "type": "Point", "coordinates": [ -73.884804, 5.626138, 0.0 ] } },
{ "type": "Feature", "properties": { "FECHA": "7/03/2023 00:00:00 (UTC)", "DEPTO": null, "MUNICIPIO": "SANTA ROSA DE VITERBO", "VEREDA": null, "GASODUCTO": "(BOYACA - SANTANDER)", "TRAMO": "Belén", "PK_INICIO": "10814", "TP_DUCTO": "Ramal", "DISTRITO": "5", "DIAMETRO": "4\"", "TRM_REG": null, "TP_EVENTO": "SURCOS", "LONGITUD": 1.0, "PRIORIDAD": "Alta", "AMENAZA": "Extremo", "FX2": "20230316_FX2_C05_GBS_R-BELEN_PK010+840_VB", "OBSERVACION_GEOTECNISTA": null }, "geometry": { "type": "Point", "coordinates": [ -72.985303, 5.845095, 0.0 ] } },
{ "type": "Feature", "properties": { "FECHA": "23/03/2023 00:00:00 (UTC)", "DEPTO": null, "MUNICIPIO": "SABOYÁ", "VEREDA": null, "GASODUCTO": "(CENTRO - ORIENTE)", "TRAMO": "Puente Guillermo - Sucre Oriental", "PK_INICIO": "10740", "TP_DUCTO": "Troncal", "DISTRITO": "3", "DIAMETRO": "(20)", "TRM_REG": null, "TP_EVENTO": "SOCAVACIÓN LATERAL", "LONGITUD": 5.0, "PRIORIDAD": "Alta", "AMENAZA": "Alto", "FX2": "20230519_FX2_C03_COR_PTE GUI-SUCREO_PK010+740_VA", "OBSERVACION_GEOTECNISTA": null }, "geometry": { "type": "Point", "coordinates": [ -73.742755, 5.75155, 0.0 ] } },
{ "type": "Feature", "properties": { "FECHA": "4/04/2023 00:00:00 (UTC)", "DEPTO": null, "MUNICIPIO": "LÍBANO", "VEREDA": null, "GASODUCTO": "(CENTRO - ORIENTE)", "TRAMO": "Líbano", "PK_INICIO": "18568", "TP_DUCTO": "Ramal", "DISTRITO": "2", "DIAMETRO": "4\"", "TRM_REG": null, "TP_EVENTO": "DESLIZAMIENTO TRASLACIONAL", "LONGITUD": 8.0, "PRIORIDAD": "Alta", "AMENAZA": "Alto", "FX2": "20230404_FX2_C02_COR_R-LIBANO_PK018+568_VA", "OBSERVACION_GEOTECNISTA": null }, "geometry": { "type": "Point", "coordinates": [ -75.032442, 4.902594, 0.0 ] } },
{ "type": "Feature", "properties": { "FECHA": "10/04/2023 00:00:00 (UTC)", "DEPTO": null, "MUNICIPIO": "MANIZALES", "VEREDA": null, "GASODUCTO": "(MARIQUITA - CALI)", "TRAMO": "Letras - Marsella", "PK_INICIO": "76260", "TP_DUCTO": "Troncal", "DISTRITO": "7", "DIAMETRO": "(20)", "TRM_REG": null, "TP_EVENTO": "DESLIZAMIENTO TRASLACIONAL", "LONGITUD": 20.0, "PRIORIDAD": "Media", "AMENAZA": "Medio", "FX2": "20230503_FX2_C07_MC_LET-MARS_PK076+260_VA", "OBSERVACION_GEOTECNISTA": null }, "geometry": { "type": "Point", "coordinates": [ -75.40704, 5.04513, 0.0 ] } },
{ "type": "Feature", "properties": { "FECHA": "21/04/2023 00:00:00 (UTC)", "DEPTO": null, "MUNICIPIO": "MANIZALES", "VEREDA": null, "GASODUCTO": "(MARIQUITA - CALI)", "TRAMO": "Neira", "PK_INICIO": "890", "TP_DUCTO": "Ramal", "DISTRITO": "7", "DIAMETRO": "3\"", "TRM_REG": null, "TP_EVENTO": "DESLIZAMIENTO TRASLACIONAL", "LONGITUD": 7.0, "PRIORIDAD": "Alta", "AMENAZA": "Alto", "FX2": "20230428_FX2_C07_MC_R-NEIRA_PK000+890_VA", "OBSERVACION_GEOTECNISTA": null }, "geometry": { "type": "Point", "coordinates": [ -75.449935, 5.04361, 0.0 ] } },
{ "type": "Feature", "properties": { "FECHA": "21/02/2023 00:00:00 (UTC)", "DEPTO": null, "MUNICIPIO": "GUAMO", "VEREDA": null, "GASODUCTO": "(CENTRO - ORIENTE)", "TRAMO": "Gualanday - Guasimal", "PK_INICIO": "432591", "TP_DUCTO": "Troncal", "DISTRITO": "2", "DIAMETRO": "22\"", "TRM_REG": null, "TP_EVENTO": "SOCAVACIÓN DE FONDO", "LONGITUD": 4.0, "PRIORIDAD": "Alta", "AMENAZA": "Alto", "FX2": "20230221_FX2_C02_COR_GUAL-GUAS_PK432+591_VA", "OBSERVACION_GEOTECNISTA": null }, "geometry": { "type": "Point", "coordinates": [ -74.978821, 4.143136, 0.0 ] } },
{ "type": "Feature", "properties": { "FECHA": "28/06/2023 00:00:00 (UTC)", "DEPTO": null, "MUNICIPIO": "FRESNO", "VEREDA": null, "GASODUCTO": "(MARIQUITA - CALI)", "TRAMO": "Manzanares", "PK_INICIO": "5600", "TP_DUCTO": "Ramal", "DISTRITO": "7", "DIAMETRO": "3\"", "TRM_REG": null, "TP_EVENTO": "DESLIZAMIENTO TRASLACIONAL", "LONGITUD": 15.0, "PRIORIDAD": "Media", "AMENAZA": "Medio", "FX2": "20230628_FX2_C07_MC_R-MANZAN_PK005+620_VA", "OBSERVACION_GEOTECNISTA": null }, "geometry": { "type": "Point", "coordinates": [ -75.065338, 5.212786, 0.0 ] } },
{ "type": "Feature", "properties": { "FECHA": "11/07/2023 00:00:00 (UTC)", "DEPTO": null, "MUNICIPIO": "PUERTO BOYACÁ", "VEREDA": null, "GASODUCTO": "(CENTRO - ORIENTE)", "TRAMO": "La Belleza - Vasconia", "PK_INICIO": "211000", "TP_DUCTO": "Troncal", "DISTRITO": "1", "DIAMETRO": "(14)", "TRM_REG": null, "TP_EVENTO": "FLUJOS", "LONGITUD": 8.5, "PRIORIDAD": "Alta", "AMENAZA": "Alto", "FX2": "20230711_FX2_C03_C0R_BELL-VASC_PK211+000_VA", "OBSERVACION_GEOTECNISTA": null }, "geometry": { "type": "Point", "coordinates": [ -74.118069, 5.810455, 0.0 ] } },
{ "type": "Feature", "properties": { "FECHA": "29/06/2023 00:00:00 (UTC)", "DEPTO": null, "MUNICIPIO": "BALBOA", "VEREDA": null, "GASODUCTO": "(MARIQUITA - CALI)", "TRAMO": "La Celia", "PK_INICIO": "6890", "TP_DUCTO": "Ramal", "DISTRITO": "7", "DIAMETRO": "3\"", "TRM_REG": null, "TP_EVENTO": "DESLIZAMIENTO TRASLACIONAL", "LONGITUD": 17.0, "PRIORIDAD": "Media", "AMENAZA": "Medio", "FX2": "20230629_FX2_C07_MC_R-LA CELIA_PK006+890_VA", "OBSERVACION_GEOTECNISTA": null }, "geometry": { "type": "Point", "coordinates": [ -75.9541, 4.92087, 0.0 ] } },
{ "type": "Feature", "properties": { "FECHA": "28/06/2023 00:00:00 (UTC)", "DEPTO": null, "MUNICIPIO": "MANZANARES", "VEREDA": null, "GASODUCTO": "(MARIQUITA - CALI)", "TRAMO": "Manzanares", "PK_INICIO": "9950", "TP_DUCTO": "Ramal", "DISTRITO": "7", "DIAMETRO": "3\"", "TRM_REG": null, "TP_EVENTO": "CARCAVAS", "LONGITUD": 0.5, "PRIORIDAD": "Alta", "AMENAZA": "Extremo", "FX2": "20230628_FX2_C07_MC_R-MANZAN_PK009+950_VA", "OBSERVACION_GEOTECNISTA": null }, "geometry": { "type": "Point", "coordinates": [ -75.08434, 5.24011, 0.0 ] } },
{ "type": "Feature", "properties": { "FECHA": "2/04/2022 00:00:00 (UTC)", "DEPTO": null, "MUNICIPIO": "MONIQUIRÁ", "VEREDA": null, "GASODUCTO": "(BOYACA - SANTANDER)", "TRAMO": "Togui", "PK_INICIO": "5820", "TP_DUCTO": "Ramal", "DISTRITO": "5", "DIAMETRO": "3\"", "TRM_REG": null, "TP_EVENTO": "SOCAVACIÓN DE FONDO", "LONGITUD": 180.0, "PRIORIDAD": "Alta", "AMENAZA": "Extremo", "FX2": "20220402_FX2_C05_GBS_R-TOGUI_PK005+820_VA", "OBSERVACION_GEOTECNISTA": null }, "geometry": { "type": "Point", "coordinates": [ -73.572, 5.89806, 0.0 ] } },
{ "type": "Feature", "properties": { "FECHA": "22/03/2023 00:00:00 (UTC)", "DEPTO": null, "MUNICIPIO": "PUENTE NACIONAL", "VEREDA": null, "GASODUCTO": "(CENTRO - ORIENTE)", "TRAMO": "Puente Guillermo - Sucre Oriental", "PK_INICIO": "6355", "TP_DUCTO": "Troncal", "DISTRITO": "3", "DIAMETRO": "(20)", "TRM_REG": null, "TP_EVENTO": "SOCAVACIÓN LATERAL", "LONGITUD": 20.0, "PRIORIDAD": "Media", "AMENAZA": "Medio", "FX2": "20230519_FX2_C03_COR_PTE GUI-SUCREO_PK006+355_VA", "OBSERVACION_GEOTECNISTA": null }, "geometry": { "type": "Point", "coordinates": [ -73.722838, 5.779826, 0.0 ] } },
{ "type": "Feature", "properties": { "FECHA": "21/04/2023 00:00:00 (UTC)", "DEPTO": null, "MUNICIPIO": "SUSA", "VEREDA": null, "GASODUCTO": "(CENTRO - ORIENTE)", "TRAMO": "Susa", "PK_INICIO": "1473", "TP_DUCTO": "Ramal", "DISTRITO": "3", "DIAMETRO": "3\"", "TRM_REG": null, "TP_EVENTO": "SOCAVACIÓN DE FONDO", "LONGITUD": 1.2, "PRIORIDAD": "Alta", "AMENAZA": "Alto", "FX2": "20230518_FX2_C03_COR_R-SUSA_PK001+473_VA", "OBSERVACION_GEOTECNISTA": null }, "geometry": { "type": "Point", "coordinates": [ -73.79365, 5.470549, 0.0 ] } },
{ "type": "Feature", "properties": { "FECHA": "18/05/2023 00:00:00 (UTC)", "DEPTO": null, "MUNICIPIO": "MIRAFLORES", "VEREDA": null, "GASODUCTO": "(CUSIANA - PORVENIR)", "TRAMO": "Cusiana - Miraflores", "PK_INICIO": "47270", "TP_DUCTO": "Troncal", "DISTRITO": "5", "DIAMETRO": "(20)", "TRM_REG": null, "TP_EVENTO": "OTRO", "LONGITUD": 50.0, "PRIORIDAD": "Media", "AMENAZA": "Medio", "FX2": "20230518_FX2_C05_CP_CUS-MIRAF_PK047+270_VB", "OBSERVACION_GEOTECNISTA": null }, "geometry": { "type": "Point", "coordinates": [ -73.115024, 5.168286, 0.0 ] } },
{ "type": "Feature", "properties": { "FECHA": "11/07/2023 00:00:00 (UTC)", "DEPTO": null, "MUNICIPIO": "OTANCHE", "VEREDA": null, "GASODUCTO": "(CENTRO - ORIENTE)", "TRAMO": "La Belleza - Vasconia", "PK_INICIO": "213477", "TP_DUCTO": "Loop", "DISTRITO": "1", "DIAMETRO": "(16)", "TRM_REG": null, "TP_EVENTO": "FLUJOS", "LONGITUD": 2.2, "PRIORIDAD": "Alta", "AMENAZA": "Alto", "FX2": "20230711_FX2_C03_C0R_BELL-VASC_PK213+477_VA", "OBSERVACION_GEOTECNISTA": null }, "geometry": { "type": "Point", "coordinates": [ -74.13233, 5.818673, 0.0 ] } },
{ "type": "Feature", "properties": { "FECHA": "4/05/2023 00:00:00 (UTC)", "DEPTO": null, "MUNICIPIO": "SUTATAUSA", "VEREDA": null, "GASODUCTO": "(CENTRO - ORIENTE)", "TRAMO": "Sutatausa", "PK_INICIO": "8186", "TP_DUCTO": "Ramal", "DISTRITO": "3", "DIAMETRO": "3\"", "TRM_REG": null, "TP_EVENTO": "SOCAVACIÓN LATERAL", "LONGITUD": 6.0, "PRIORIDAD": "Media", "AMENAZA": "Medio", "FX2": "20231026_FX2_C03_COR_R-SUTATAUSA_PK008+186_VA", "OBSERVACION_GEOTECNISTA": null }, "geometry": { "type": "Point", "coordinates": [ -73.849353, 5.257961, 0.0 ] } },
{ "type": "Feature", "properties": { "FECHA": "3/09/2021 00:00:00 (UTC)", "DEPTO": null, "MUNICIPIO": "PIEDRAS", "VEREDA": null, "GASODUCTO": "(CENTRO - ORIENTE)", "TRAMO": "Mariquita - Gualanday", "PK_INICIO": "396784", "TP_DUCTO": "Troncal", "DISTRITO": "2", "DIAMETRO": "10\"", "TRM_REG": null, "TP_EVENTO": "OTRO", "LONGITUD": 1.0, "PRIORIDAD": "Alta", "AMENAZA": "Alto", "FX2": "20220120_FX2_C02_COR_MAR-GUAL_PK396+784_VA", "OBSERVACION_GEOTECNISTA": null }, "geometry": { "type": "Point", "coordinates": [ -75.03178, 4.399758, 0.0 ] } },
{ "type": "Feature", "properties": { "FECHA": "28/04/2022 00:00:00 (UTC)", "DEPTO": null, "MUNICIPIO": "CIMITARRA", "VEREDA": null, "GASODUCTO": "(CENTRO - ORIENTE)", "TRAMO": "Barrancabermeja - Sebastopol", "PK_INICIO": "99239", "TP_DUCTO": "Troncal", "DISTRITO": "1", "DIAMETRO": "(20)", "TRM_REG": null, "TP_EVENTO": "SOCAVACIÓN LATERAL", "LONGITUD": 51.0, "PRIORIDAD": "Media", "AMENAZA": "Medio", "FX2": "20230811_FX2_C01_C0R_BARRANC-SEB_PK099+239_VA", "OBSERVACION_GEOTECNISTA": null }, "geometry": { "type": "Point", "coordinates": [ -74.302846, 6.518429, 0.0 ] } },
{ "type": "Feature", "properties": { "FECHA": "9/06/2022 00:00:00 (UTC)", "DEPTO": null, "MUNICIPIO": "PUERTO BOYACÁ", "VEREDA": null, "GASODUCTO": "(CENTRO - ORIENTE)", "TRAMO": "La Belleza - Vasconia", "PK_INICIO": "54250", "TP_DUCTO": "Loop", "DISTRITO": "1", "DIAMETRO": "(16)", "TRM_REG": null, "TP_EVENTO": "REPTACION", "LONGITUD": 35.0, "PRIORIDAD": "Alta", "AMENAZA": "Alto", "FX2": "20230712_FX2_C03_C0R_BELL-VASC_PK239+950 (054+250)_VC", "OBSERVACION_GEOTECNISTA": null }, "geometry": { "type": "Point", "coordinates": [ -74.315379, 5.823852, 0.0 ] } },
{ "type": "Feature", "properties": { "FECHA": "29/06/2022 00:00:00 (UTC)", "DEPTO": null, "MUNICIPIO": "OTANCHE", "VEREDA": null, "GASODUCTO": "(CENTRO - ORIENTE)", "TRAMO": "La Belleza - Vasconia", "PK_INICIO": "238345", "TP_DUCTO": "Troncal", "DISTRITO": "1", "DIAMETRO": "(14)", "TRM_REG": null, "TP_EVENTO": "SOCAVACIÓN LATERAL", "LONGITUD": 2.5, "PRIORIDAD": "Media", "AMENAZA": "Medio", "FX2": "20230516_FX2_C03_COR_BELL-VASC_PK203+685_VA", "OBSERVACION_GEOTECNISTA": null }, "geometry": { "type": "Point", "coordinates": [ -74.0795, 5.8178, 0.0 ] } },
{ "type": "Feature", "properties": { "FECHA": "29/06/2023 00:00:00 (UTC)", "DEPTO": null, "MUNICIPIO": "CIMITARRA", "VEREDA": null, "GASODUCTO": "(CENTRO - ORIENTE)", "TRAMO": "Barrancabermeja - Sebastopol", "PK_INICIO": "76818", "TP_DUCTO": "Troncal", "DISTRITO": "1", "DIAMETRO": "(20)", "TRM_REG": null, "TP_EVENTO": "CARCAVAS", "LONGITUD": 28.0, "PRIORIDAD": "Media", "AMENAZA": "Medio", "FX2": "20230809_FX2_C01_C0R_BARRANC-SEB_PK076+818_VB", "OBSERVACION_GEOTECNISTA": null }, "geometry": { "type": "Point", "coordinates": [ -74.126075, 6.598001, 0.0 ] } },
{ "type": "Feature", "properties": { "FECHA": "29/06/2023 00:00:00 (UTC)", "DEPTO": null, "MUNICIPIO": "CIMITARRA", "VEREDA": null, "GASODUCTO": "(CENTRO - ORIENTE)", "TRAMO": "Barrancabermeja - Sebastopol", "PK_INICIO": "78003", "TP_DUCTO": "Troncal", "DISTRITO": "1", "DIAMETRO": "(20)", "TRM_REG": null, "TP_EVENTO": "CARCAVAS", "LONGITUD": 45.0, "PRIORIDAD": "Media", "AMENAZA": "Medio", "FX2": "20230809_FX2_C01_C0R_BARRANC-SEB_PK078+003_VA", "OBSERVACION_GEOTECNISTA": null }, "geometry": { "type": "Point", "coordinates": [ -74.135217, 6.592689, 0.0 ] } },
{ "type": "Feature", "properties": { "FECHA": "9/05/2023 00:00:00 (UTC)", "DEPTO": null, "MUNICIPIO": "SAN VICENTE DE CHUCURÍ", "VEREDA": null, "GASODUCTO": "(SUR DE BOLIVAR)", "TRAMO": "San Vicente - Playa Roja", "PK_INICIO": "4290", "TP_DUCTO": "Aislado", "DISTRITO": "1", "DIAMETRO": "3\"", "TRM_REG": null, "TP_EVENTO": "SOCAVACIÓN LATERAL", "LONGITUD": 14.5, "PRIORIDAD": "Alta", "AMENAZA": "Alto", "FX2": "20230613_FX2_C01_SBO_S VIC-PLAYA R_PK004+290_VB", "OBSERVACION_GEOTECNISTA": null }, "geometry": { "type": "Point", "coordinates": [ -73.563246, 6.892948, 0.0 ] } },
{ "type": "Feature", "properties": { "FECHA": "12/05/2023 00:00:00 (UTC)", "DEPTO": null, "MUNICIPIO": "SAN VICENTE DE CHUCURÍ", "VEREDA": null, "GASODUCTO": "(SUR DE BOLIVAR)", "TRAMO": "San Vicente - Playa Roja", "PK_INICIO": "16987", "TP_DUCTO": "Aislado", "DISTRITO": "1", "DIAMETRO": "3\"", "TRM_REG": null, "TP_EVENTO": "SOCAVACIÓN LATERAL", "LONGITUD": 5.6, "PRIORIDAD": "Media", "AMENAZA": "Medio", "FX2": "20230614_FX2_C01_SBO_S VIC-PLAYA R_PK016+987_VA", "OBSERVACION_GEOTECNISTA": null }, "geometry": { "type": "Point", "coordinates": [ -73.466932, 6.892831, 0.0 ] } },
{ "type": "Feature", "properties": { "FECHA": "13/09/2023 00:00:00 (UTC)", "DEPTO": null, "MUNICIPIO": "GUAYABETAL", "VEREDA": null, "GASODUCTO": "(CUSIANA - APIAY - USME)", "TRAMO": "Villavicencio - Usme", "PK_INICIO": "60390", "TP_DUCTO": "Troncal", "DISTRITO": "4", "DIAMETRO": "10\"", "TRM_REG": null, "TP_EVENTO": "DESLIZAMIENTO TRASLACIONAL", "LONGITUD": 40.0, "PRIORIDAD": "Alta", "AMENAZA": "Alto", "FX2": "20230917_FX2_C06_CAU_VILLAV-USME_PK060+418_VD", "OBSERVACION_GEOTECNISTA": null }, "geometry": { "type": "Point", "coordinates": [ -73.814808, 4.194257, 0.0 ] } },
{ "type": "Feature", "properties": { "FECHA": "7/07/2021 00:00:00 (UTC)", "DEPTO": null, "MUNICIPIO": "OTANCHE", "VEREDA": null, "GASODUCTO": "(CENTRO - ORIENTE)", "TRAMO": "La Belleza - Vasconia", "PK_INICIO": "221534", "TP_DUCTO": "Troncal", "DISTRITO": "1", "DIAMETRO": "(14)", "TRM_REG": null, "TP_EVENTO": "DESLIZAMIENTO ROTACIONAL", "LONGITUD": 16.0, "PRIORIDAD": "Media", "AMENAZA": "Medio", "FX2": "20230314_FX2_C03_C0R_BELL-VASC_PK221+534_VB", "OBSERVACION_GEOTECNISTA": null }, "geometry": { "type": "Point", "coordinates": [ -74.208095, 5.825482, 0.0 ] } },
{ "type": "Feature", "properties": { "FECHA": "19/09/2023 00:00:00 (UTC)", "DEPTO": null, "MUNICIPIO": "FLORIÁN", "VEREDA": null, "GASODUCTO": "(CENTRO - ORIENTE)", "TRAMO": "La Belleza - Vasconia", "PK_INICIO": "9549", "TP_DUCTO": "Loop", "DISTRITO": "3", "DIAMETRO": "(16)", "TRM_REG": null, "TP_EVENTO": "FLUJOS", "LONGITUD": 30.0, "PRIORIDAD": "Alta", "AMENAZA": "Extremo", "FX2": "20230919_FX2_C03_COR_BELL-VASC_PK197+549 (009+549)_VC", "OBSERVACION_GEOTECNISTA": null }, "geometry": { "type": "Point", "coordinates": [ -74.034673, 5.839394, 0.0 ] } },
{ "type": "Feature", "properties": { "FECHA": "14/08/2023 00:00:00 (UTC)", "DEPTO": null, "MUNICIPIO": "GUAMO", "VEREDA": null, "GASODUCTO": "(CENTRO - ORIENTE)", "TRAMO": "Gualanday - Guasimal", "PK_INICIO": "425051", "TP_DUCTO": "Troncal", "DISTRITO": "2", "DIAMETRO": "22\"", "TRM_REG": null, "TP_EVENTO": "OTRO", "LONGITUD": 3.0, "PRIORIDAD": "Alta", "AMENAZA": "Extremo", "FX2": "20230921_FX2_C02_COR_GUAL-GUAS_PK425+051_VA", "OBSERVACION_GEOTECNISTA": null }, "geometry": { "type": "Point", "coordinates": [ -74.995913, 4.208057, 0.0 ] } },
{ "type": "Feature", "properties": { "FECHA": "3/10/2023 00:00:00 (UTC)", "DEPTO": null, "MUNICIPIO": "PUERTO BOYACÁ", "VEREDA": null, "GASODUCTO": "(CENTRO - ORIENTE)", "TRAMO": "La Belleza - Vasconia", "PK_INICIO": "240590", "TP_DUCTO": "Troncal", "DISTRITO": "1", "DIAMETRO": "22\"", "TRM_REG": null, "TP_EVENTO": "SOCAVACIÓN LATERAL", "LONGITUD": 24.0, "PRIORIDAD": "Alta", "AMENAZA": "Alto", "FX2": "20231003_FX2_C03_COR_BELL-VASC_PK240+590 (277+308)_VB", "OBSERVACION_GEOTECNISTA": null }, "geometry": { "type": "Point", "coordinates": [ -74.316431, 5.829248, 0.0 ] } },
{ "type": "Feature", "properties": { "FECHA": "18/08/2023 00:00:00 (UTC)", "DEPTO": null, "MUNICIPIO": "JENESANO", "VEREDA": null, "GASODUCTO": "(PORVENIR - LA BELLEZA)", "TRAMO": "Miraflores - Sutamarchan", "PK_INICIO": "88350", "TP_DUCTO": "Troncal", "DISTRITO": "5", "DIAMETRO": "(20)", "TRM_REG": null, "TP_EVENTO": "DESLIZAMIENTO TRASLACIONAL", "LONGITUD": 15.0, "PRIORIDAD": "Alta", "AMENAZA": "Extremo", "FX2": "20230830_FX2_C04_PB_MIRAF-SUT_PK088+350_VC", "OBSERVACION_GEOTECNISTA": null }, "geometry": { "type": "Point", "coordinates": [ -73.372852, 5.373548, 0.0 ] } },
{ "type": "Feature", "properties": { "FECHA": "9/11/2023 00:00:00 (UTC)", "DEPTO": null, "MUNICIPIO": "FLORIÁN", "VEREDA": null, "GASODUCTO": "(CENTRO - ORIENTE)", "TRAMO": "La Belleza - Vasconia", "PK_INICIO": "198700", "TP_DUCTO": "Loop", "DISTRITO": "3", "DIAMETRO": "(16)", "TRM_REG": null, "TP_EVENTO": "REPTACION", "LONGITUD": 90.0, "PRIORIDAD": "Alta", "AMENAZA": "Extremo", "FX2": "20231109_FX2_C05_COR_BELL-VASC(L)_PK198+700 (PK010+857)_VD", "OBSERVACION_GEOTECNISTA": null }, "geometry": { "type": "Point", "coordinates": [ -74.044392, 5.842907, 0.0 ] } },
{ "type": "Feature", "properties": { "FECHA": "18/09/2023 00:00:00 (UTC)", "DEPTO": null, "MUNICIPIO": "FRESNO", "VEREDA": null, "GASODUCTO": "(MARIQUITA - CALI)", "TRAMO": "Manzanares", "PK_INICIO": "875", "TP_DUCTO": "Ramal", "DISTRITO": "7", "DIAMETRO": "3\"", "TRM_REG": null, "TP_EVENTO": "OTRO", "LONGITUD": 2495.0, "PRIORIDAD": "Alta", "AMENAZA": "Alto", "FX2": "20230918_FX2_C07_MC_R-MANZAN_PK000+875_VA", "OBSERVACION_GEOTECNISTA": null }, "geometry": { "type": "Point", "coordinates": [ -75.06859, 5.17953, 0.0 ] } },
{ "type": "Feature", "properties": { "FECHA": "11/10/2023 00:00:00 (UTC)", "DEPTO": null, "MUNICIPIO": "MONTERREY", "VEREDA": null, "GASODUCTO": "(CUSIANA - PORVENIR)", "TRAMO": "Cusiana - Miraflores", "PK_INICIO": "29050", "TP_DUCTO": "Troncal", "DISTRITO": "4", "DIAMETRO": "(20)", "TRM_REG": null, "TP_EVENTO": "OTRO", "LONGITUD": 1.0, "PRIORIDAD": "Baja", "AMENAZA": "Bajo", "FX2": "20231011_FX2_C04_CP_CUS-MIRAF_PK029+050_VB", "OBSERVACION_GEOTECNISTA": null }, "geometry": { "type": "Point", "coordinates": [ -72.906836, 4.916236, 0.0 ] } },
{ "type": "Feature", "properties": { "FECHA": "10/01/2023 00:00:00 (UTC)", "DEPTO": null, "MUNICIPIO": "GUAMAL", "VEREDA": null, "GASODUCTO": "(GASODUCTO DEL ARIARI)", "TRAMO": "Gasoducto del Ariari", "PK_INICIO": "19903", "TP_DUCTO": "Troncal", "DISTRITO": "4", "DIAMETRO": "4\"", "TRM_REG": null, "TP_EVENTO": "SOCAVACIÓN DE FONDO", "LONGITUD": 3.0, "PRIORIDAD": "Alta", "AMENAZA": "Extremo", "FX2": "20230110_FX2_C06_AA_ARIARI_PK019+903_VB", "OBSERVACION_GEOTECNISTA": null }, "geometry": { "type": "Point", "coordinates": [ -73.77247, 3.872299, 0.0 ] } },
{ "type": "Feature", "properties": { "FECHA": "21/09/2023 00:00:00 (UTC)", "DEPTO": null, "MUNICIPIO": "PUERTO BOYACÁ", "VEREDA": null, "GASODUCTO": "(CENTRO - ORIENTE)", "TRAMO": "Vasconia - Puerto Salgar", "PK_INICIO": "202500", "TP_DUCTO": "Troncal", "DISTRITO": "1", "DIAMETRO": "(20)", "TRM_REG": null, "TP_EVENTO": "CARCAVAS", "LONGITUD": 3.0, "PRIORIDAD": "Alta", "AMENAZA": "Alto", "FX2": "20230921_FX2_C01_COR_VASC-PTO SALG_PK202+500_VB", "OBSERVACION_GEOTECNISTA": null }, "geometry": { "type": "Point", "coordinates": [ -74.627835, 5.836126, 0.0 ] } },
{ "type": "Feature", "properties": { "FECHA": "19/09/2023 00:00:00 (UTC)", "DEPTO": null, "MUNICIPIO": "GUADUAS", "VEREDA": null, "GASODUCTO": "(CENTRO - ORIENTE)", "TRAMO": "Puerto Salgar - Mariquita", "PK_INICIO": "255935", "TP_DUCTO": "Troncal", "DISTRITO": "2", "DIAMETRO": "(20)", "TRM_REG": null, "TP_EVENTO": "CARCAVAS", "LONGITUD": 5.0, "PRIORIDAD": "Media", "AMENAZA": "Medio", "FX2": "20230919_FX2_C01_COR_PTO SALG-MAR_PK255+935_VA", "OBSERVACION_GEOTECNISTA": null }, "geometry": { "type": "Point", "coordinates": [ -74.66811359999997, 5.388200400000073, 0.0 ] } },
{ "type": "Feature", "properties": { "FECHA": "21/09/2023 00:00:00 (UTC)", "DEPTO": null, "MUNICIPIO": "PUERTO BOYACÁ", "VEREDA": null, "GASODUCTO": "(CENTRO - ORIENTE)", "TRAMO": "Vasconia - Puerto Salgar", "PK_INICIO": "187866", "TP_DUCTO": "Troncal", "DISTRITO": "1", "DIAMETRO": "(20)", "TRM_REG": null, "TP_EVENTO": "CARCAVAS", "LONGITUD": 4.6, "PRIORIDAD": "Alta", "AMENAZA": "Alto", "FX2": "20230921_FX2_C01_COR_VASC-PTO SALG_PK187+866_VB", "OBSERVACION_GEOTECNISTA": null }, "geometry": { "type": "Point", "coordinates": [ -74.562123, 5.926501, 0.0 ] } },
{ "type": "Feature", "properties": { "FECHA": "21/09/2023 00:00:00 (UTC)", "DEPTO": null, "MUNICIPIO": "PUERTO BOYACÁ", "VEREDA": null, "GASODUCTO": "(CENTRO - ORIENTE)", "TRAMO": "Vasconia - Puerto Salgar", "PK_INICIO": "199846", "TP_DUCTO": "Troncal", "DISTRITO": "1", "DIAMETRO": "(20)", "TRM_REG": null, "TP_EVENTO": "SOCAVACIÓN DE FONDO", "LONGITUD": 5.4, "PRIORIDAD": "Alta", "AMENAZA": "Alto", "FX2": "20230921_FX2_C01_COR_VASC-PTO SALG_PK199+846_VB", "OBSERVACION_GEOTECNISTA": null }, "geometry": { "type": "Point", "coordinates": [ -74.6249, 5.8538, 0.0 ] } },
{ "type": "Feature", "properties": { "FECHA": "21/11/2023 00:00:00 (UTC)", "DEPTO": null, "MUNICIPIO": "RIOHACHA", "VEREDA": null, "GASODUCTO": "(BALLENAS-BARRANCA)", "TRAMO": "Ballenas - Hato Nuevo", "PK_INICIO": "45058", "TP_DUCTO": "Troncal", "DISTRITO": "6", "DIAMETRO": "(18)", "TRM_REG": null, "TP_EVENTO": "SURCOS", "LONGITUD": 20.0, "PRIORIDAD": "Media", "AMENAZA": "Medio", "FX2": "20231121_FX2_PM1_BB_BALL-HATO_045+058_VA", "OBSERVACION_GEOTECNISTA": null }, "geometry": { "type": "Point", "coordinates": [ -72.63572, 11.303932, 0.0 ] } },
{ "type": "Feature", "properties": { "FECHA": "6/12/2023 00:00:00 (UTC)", "DEPTO": null, "MUNICIPIO": "ACACÍAS", "VEREDA": null, "GASODUCTO": "(CUSIANA - APIAY - USME)", "TRAMO": "Villavicencio - Usme", "PK_INICIO": "45110", "TP_DUCTO": "Troncal", "DISTRITO": "4", "DIAMETRO": "10\"", "TRM_REG": null, "TP_EVENTO": "SOCAVACIÓN LATERAL", "LONGITUD": 10.0, "PRIORIDAD": "Alta", "AMENAZA": "Extremo", "FX2": "20231206_FX2_C06_CAU_VILLAV-USME_PK045+118_VB", "OBSERVACION_GEOTECNISTA": null }, "geometry": { "type": "Point", "coordinates": [ -73.715639, 4.160632, 0.0 ] } },
{ "type": "Feature", "properties": { "FECHA": "21/11/2023 00:00:00 (UTC)", "DEPTO": null, "MUNICIPIO": "RIOHACHA", "VEREDA": null, "GASODUCTO": "(BALLENAS-BARRANCA)", "TRAMO": "Ballenas - Hato Nuevo", "PK_INICIO": "45680", "TP_DUCTO": "Troncal", "DISTRITO": "6", "DIAMETRO": "(18)", "TRM_REG": null, "TP_EVENTO": "SURCOS", "LONGITUD": 70.0, "PRIORIDAD": "Alta", "AMENAZA": "Alto", "FX2": "20231121_FX2_PM1_BB_BALL-HATO_045+680_VA", "OBSERVACION_GEOTECNISTA": null }, "geometry": { "type": "Point", "coordinates": [ -72.635159, 11.298458, 0.0 ] } },
{ "type": "Feature", "properties": { "FECHA": "21/11/2023 00:00:00 (UTC)", "DEPTO": null, "MUNICIPIO": "RIOHACHA", "VEREDA": null, "GASODUCTO": "(BALLENAS-BARRANCA)", "TRAMO": "Ballenas - Hato Nuevo", "PK_INICIO": "46130", "TP_DUCTO": "Troncal", "DISTRITO": "6", "DIAMETRO": "(18)", "TRM_REG": null, "TP_EVENTO": "SURCOS", "LONGITUD": 55.0, "PRIORIDAD": "Alta", "AMENAZA": "Extremo", "FX2": "20231121_FX2_PM1_BB_BALL-HATO_046+130_VA", "OBSERVACION_GEOTECNISTA": null }, "geometry": { "type": "Point", "coordinates": [ -72.634118, 11.295412, 0.0 ] } },
{ "type": "Feature", "properties": { "FECHA": "27/10/2023 00:00:00 (UTC)", "DEPTO": null, "MUNICIPIO": "FUQUENE", "VEREDA": null, "GASODUCTO": "(CENTRO - ORIENTE)", "TRAMO": "Fuquene", "PK_INICIO": "140", "TP_DUCTO": "Ramal", "DISTRITO": "3", "DIAMETRO": "3\"", "TRM_REG": null, "TP_EVENTO": "SURCOS", "LONGITUD": 1.0, "PRIORIDAD": "Alta", "AMENAZA": "Alto", "FX2": "20231027_FX2_C03_COR_R-FUQUENE_PK000+140_VA", "OBSERVACION_GEOTECNISTA": null }, "geometry": { "type": "Point", "coordinates": [ -73.773198, 5.424608, 0.0 ] } },
{ "type": "Feature", "properties": { "FECHA": "18/05/2023 00:00:00 (UTC)", "DEPTO": null, "MUNICIPIO": "CALDAS", "VEREDA": null, "GASODUCTO": "(CENTRO - ORIENTE)", "TRAMO": "Caldas", "PK_INICIO": "4600", "TP_DUCTO": "Ramal", "DISTRITO": "3", "DIAMETRO": "3\"", "TRM_REG": null, "TP_EVENTO": "SOCAVACIÓN DE FONDO", "LONGITUD": 5.0, "PRIORIDAD": "Alta", "AMENAZA": "Alto", "FX2": "20230518_FX2_C03_COR_R-CALDAS_PK004+600_VB", "OBSERVACION_GEOTECNISTA": null }, "geometry": { "type": "Point", "coordinates": [ -73.861536, 5.552433, 0.0 ] } },
{ "type": "Feature", "properties": { "FECHA": "25/10/2023 00:00:00 (UTC)", "DEPTO": null, "MUNICIPIO": "TUNUNGUÁ", "VEREDA": null, "GASODUCTO": "(CENTRO - ORIENTE)", "TRAMO": "Albania", "PK_INICIO": "750", "TP_DUCTO": "Ramal", "DISTRITO": "3", "DIAMETRO": "3\"", "TRM_REG": null, "TP_EVENTO": "SOCAVACIÓN DE FONDO", "LONGITUD": 3.0, "PRIORIDAD": "Media", "AMENAZA": "Medio", "FX2": "20231025_FX2_C03_COR_R-ALBANIA_PK000+750_VA", "OBSERVACION_GEOTECNISTA": null }, "geometry": { "type": "Point", "coordinates": [ -73.924597, 5.733896, 0.0 ] } },
{ "type": "Feature", "properties": { "FECHA": "25/10/2023 00:00:00 (UTC)", "DEPTO": null, "MUNICIPIO": "TUNUNGUÁ", "VEREDA": null, "GASODUCTO": "(CENTRO - ORIENTE)", "TRAMO": "Tunungua", "PK_INICIO": "380", "TP_DUCTO": "Ramal", "DISTRITO": "3", "DIAMETRO": "3\"", "TRM_REG": null, "TP_EVENTO": "SOCAVACIÓN DE FONDO", "LONGITUD": 6.0, "PRIORIDAD": "Media", "AMENAZA": "Medio", "FX2": "20231025_FX2_C03_COR_R-TUNUNGUA_PK000+380_VA", "OBSERVACION_GEOTECNISTA": null }, "geometry": { "type": "Point", "coordinates": [ -73.934722, 5.722216, 0.0 ] } },
{ "type": "Feature", "properties": { "FECHA": "25/10/2023 00:00:00 (UTC)", "DEPTO": null, "MUNICIPIO": "PUERTO BOYACÁ", "VEREDA": null, "GASODUCTO": "(CENTRO - ORIENTE)", "TRAMO": "Tunungua", "PK_INICIO": "1475", "TP_DUCTO": "Ramal", "DISTRITO": "3", "DIAMETRO": "3\"", "TRM_REG": null, "TP_EVENTO": "FLUJOS", "LONGITUD": 25.0, "PRIORIDAD": "Alta", "AMENAZA": "Extremo", "FX2": "20231025_FX2_C03_COR_R-TUNUNGUA_PK001+475_VA", "OBSERVACION_GEOTECNISTA": null }, "geometry": { "type": "Point", "coordinates": [ -73.930406, 5.729651, 0.0 ] } },
{ "type": "Feature", "properties": { "FECHA": "25/10/2023 00:00:00 (UTC)", "DEPTO": null, "MUNICIPIO": "CALDAS", "VEREDA": null, "GASODUCTO": "(CENTRO - ORIENTE)", "TRAMO": "PK 17+500 - Sucre Oriental", "PK_INICIO": "30780", "TP_DUCTO": "Troncal", "DISTRITO": "3", "DIAMETRO": "(22)", "TRM_REG": null, "TP_EVENTO": "CARCAVAS", "LONGITUD": 1.3, "PRIORIDAD": "Alta", "AMENAZA": "Alto", "FX2": "20231025_FX2_C03_COR_17+500-SUCREO_PK030+780_VA", "OBSERVACION_GEOTECNISTA": null }, "geometry": { "type": "Point", "coordinates": [ -73.886185, 5.627905, 0.0 ] } },
{ "type": "Feature", "properties": { "FECHA": "24/10/2023 00:00:00 (UTC)", "DEPTO": null, "MUNICIPIO": "LA BELLEZA", "VEREDA": null, "GASODUCTO": "(CENTRO - ORIENTE)", "TRAMO": "La Belleza - Vasconia", "PK_INICIO": "226810", "TP_DUCTO": "Troncal", "DISTRITO": "3", "DIAMETRO": "(14)", "TRM_REG": null, "TP_EVENTO": "SURCOS", "LONGITUD": 11.6, "PRIORIDAD": "Alta", "AMENAZA": "Alto", "FX2": "20231024_FX2_C03_C0R_BELL-VASC_PK226+810_VA", "OBSERVACION_GEOTECNISTA": null }, "geometry": { "type": "Point", "coordinates": [ -73.997693, 5.840954, 0.0 ] } },
{ "type": "Feature", "properties": { "FECHA": "24/10/2023 00:00:00 (UTC)", "DEPTO": null, "MUNICIPIO": "PAUNA", "VEREDA": null, "GASODUCTO": "(CENTRO - ORIENTE)", "TRAMO": "La Belleza - Vasconia", "PK_INICIO": "238035", "TP_DUCTO": "Troncal", "DISTRITO": "1", "DIAMETRO": "(14)", "TRM_REG": null, "TP_EVENTO": "SOCAVACIÓN LATERAL", "LONGITUD": 3.0, "PRIORIDAD": "Media", "AMENAZA": "Medio", "FX2": "20231024_FX2_C03_C0R_BELL-VASC_PK238+035_VA", "OBSERVACION_GEOTECNISTA": null }, "geometry": { "type": "Point", "coordinates": [ -74.076975, 5.818193, 0.0 ] } },
{ "type": "Feature", "properties": { "FECHA": "2/11/2023 00:00:00 (UTC)", "DEPTO": null, "MUNICIPIO": "FRESNO", "VEREDA": null, "GASODUCTO": "(MARIQUITA - CALI)", "TRAMO": "Mariquita - Letras", "PK_INICIO": "23800", "TP_DUCTO": "Troncal", "DISTRITO": "7", "DIAMETRO": "(20)", "TRM_REG": null, "TP_EVENTO": "OTRO", "LONGITUD": 10.0, "PRIORIDAD": "Alta", "AMENAZA": "Alto", "FX2": "20231102_FX2_C07_MC_MAR-LET_PK023+800_VA", "OBSERVACION_GEOTECNISTA": null }, "geometry": { "type": "Point", "coordinates": [ -75.059118, 5.175345, 0.0 ] } },
{ "type": "Feature", "properties": { "FECHA": "16/12/2023 00:00:00 (UTC)", "DEPTO": null, "MUNICIPIO": "TUNUNGUÁ", "VEREDA": null, "GASODUCTO": "(CENTRO - ORIENTE)", "TRAMO": "Tunungua", "PK_INICIO": "700", "TP_DUCTO": "Ramal", "DISTRITO": "3", "DIAMETRO": "3\"", "TRM_REG": null, "TP_EVENTO": "REPTACION", "LONGITUD": 60.0, "PRIORIDAD": "Alta", "AMENAZA": "Alto", "FX2": "20231216_FX2_C05_COR_R-TUNUNGUA_PK000+706_VB", "OBSERVACION_GEOTECNISTA": null }, "geometry": { "type": "Point", "coordinates": [ -73.93206, 5.72312, 0.0 ] } },
{ "type": "Feature", "properties": { "FECHA": "18/03/2022 00:00:00 (UTC)", "DEPTO": null, "MUNICIPIO": "MARSELLA", "VEREDA": null, "GASODUCTO": "(MARIQUITA - CALI)", "TRAMO": "Letras - Marsella", "PK_INICIO": "126420", "TP_DUCTO": "Troncal", "DISTRITO": "7", "DIAMETRO": "(20)", "TRM_REG": null, "TP_EVENTO": "DESLIZAMIENTO TRASLACIONAL", "LONGITUD": 55.0, "PRIORIDAD": "Alta", "AMENAZA": "Alto", "FX2": "20231005_FX2_C07_MC_LET-MARS_PK126+420_VA", "OBSERVACION_GEOTECNISTA": null }, "geometry": { "type": "Point", "coordinates": [ -75.746331699999985, 5.04144, 0.0 ] } },
{ "type": "Feature", "properties": { "FECHA": "4/05/2022 00:00:00 (UTC)", "DEPTO": null, "MUNICIPIO": "BALBOA", "VEREDA": null, "GASODUCTO": "(MARIQUITA - CALI)", "TRAMO": "La Celia", "PK_INICIO": "4486", "TP_DUCTO": "Ramal", "DISTRITO": "7", "DIAMETRO": "3\"", "TRM_REG": null, "TP_EVENTO": "SOCAVACIÓN LATERAL", "LONGITUD": 10.0, "PRIORIDAD": "Alta", "AMENAZA": "Alto", "FX2": "20220510_FX2_C07_MC_R-LA CELIA_PK004+486_VA", "OBSERVACION_GEOTECNISTA": null }, "geometry": { "type": "Point", "coordinates": [ -75.943696, 4.905895, 0.0 ] } },
{ "type": "Feature", "properties": { "FECHA": "12/12/2023 00:00:00 (UTC)", "DEPTO": null, "MUNICIPIO": "PUERTO BOYACÁ", "VEREDA": null, "GASODUCTO": "(CENTRO - ORIENTE)", "TRAMO": "La Belleza - Vasconia", "PK_INICIO": "56586", "TP_DUCTO": "Loop", "DISTRITO": "1", "DIAMETRO": "(16)", "TRM_REG": null, "TP_EVENTO": "OTRO", "LONGITUD": 32.0, "PRIORIDAD": "Alta", "AMENAZA": "Alto", "FX2": "20231212_FX2_C03_COR_BELL-VASC_PK056+586_VA", "OBSERVACION_GEOTECNISTA": null }, "geometry": { "type": "Point", "coordinates": [ -74.325034, 5.840406, 0.0 ] } },
{ "type": "Feature", "properties": { "FECHA": "20/12/2022 00:00:00 (UTC)", "DEPTO": null, "MUNICIPIO": "TAUSA", "VEREDA": null, "GASODUCTO": "(CENTRO - ORIENTE)", "TRAMO": "Sucre Oriental - Cogua", "PK_INICIO": "100100", "TP_DUCTO": "Troncal", "DISTRITO": "3", "DIAMETRO": "(22)", "TRM_REG": null, "TP_EVENTO": "DESLIZAMIENTO ROTACIONAL", "LONGITUD": 50.0, "PRIORIDAD": "Alta", "AMENAZA": "Alto", "FX2": "20231026_FX2_C03_COR_SUCREO-COG_PK100+100_VB", "OBSERVACION_GEOTECNISTA": null }, "geometry": { "type": "Point", "coordinates": [ -73.911048, 5.156612, 0.0 ] } },
{ "type": "Feature", "properties": { "FECHA": "14/02/2024 00:00:00 (UTC)", "DEPTO": null, "MUNICIPIO": "MANAURE", "VEREDA": null, "GASODUCTO": "(BALLENAS-BARRANCA)", "TRAMO": "Ballenas - Hato Nuevo", "PK_INICIO": "11", "TP_DUCTO": "Troncal", "DISTRITO": "6", "DIAMETRO": "(18)", "TRM_REG": null, "TP_EVENTO": "SOCAVACIÓN LATERAL", "LONGITUD": 4.0, "PRIORIDAD": "Alta", "AMENAZA": "Alto", "FX2": "20240216_FX2_PM1_BB_BALL-HATO_000+011_VA", "OBSERVACION_GEOTECNISTA": null }, "geometry": { "type": "Point", "coordinates": [ -72.723399, 11.694613, 0.0 ] } },
{ "type": "Feature", "properties": { "FECHA": "12/12/2023 00:00:00 (UTC)", "DEPTO": null, "MUNICIPIO": "PUERTO BOYACÁ", "VEREDA": null, "GASODUCTO": "(CENTRO - ORIENTE)", "TRAMO": "La Belleza - Vasconia", "PK_INICIO": "278743", "TP_DUCTO": "Troncal", "DISTRITO": "1", "DIAMETRO": "22\"", "TRM_REG": null, "TP_EVENTO": "SOCAVACIÓN LATERAL", "LONGITUD": 3.0, "PRIORIDAD": "Alta", "AMENAZA": "Alto", "FX2": "20231212_FX2_C03_COR_BELL-VASC_PK278+743_VB", "OBSERVACION_GEOTECNISTA": null }, "geometry": { "type": "Point", "coordinates": [ -74.322905, 5.838517, 0.0 ] } },
{ "type": "Feature", "properties": { "FECHA": "10/10/2023 00:00:00 (UTC)", "DEPTO": null, "MUNICIPIO": "VILLAVICENCIO", "VEREDA": null, "GASODUCTO": "(CUSIANA - APIAY - USME)", "TRAMO": "Apiay - Villavicencio", "PK_INICIO": "20840", "TP_DUCTO": "Troncal", "DISTRITO": "4", "DIAMETRO": "10\"", "TRM_REG": null, "TP_EVENTO": "SOCAVACIÓN DE FONDO", "LONGITUD": 4.0, "PRIORIDAD": "Alta", "AMENAZA": "Extremo", "FX2": "20231010_FX2_C06_CAU_APIAY-VILLA_PK020+840_VA", "OBSERVACION_GEOTECNISTA": null }, "geometry": { "type": "Point", "coordinates": [ -73.560708, 4.08597, 0.0 ] } },
{ "type": "Feature", "properties": { "FECHA": "7/03/2024 00:00:00 (UTC)", "DEPTO": null, "MUNICIPIO": "FRESNO", "VEREDA": null, "GASODUCTO": "(MARIQUITA - CALI)", "TRAMO": "Mariquita - Letras", "PK_INICIO": "21090", "TP_DUCTO": "Troncal", "DISTRITO": "7", "DIAMETRO": "(20)", "TRM_REG": null, "TP_EVENTO": "OTRO", "LONGITUD": 4.0, "PRIORIDAD": "Alta", "AMENAZA": "Extremo", "FX2": "20240307_FX2_C07_MC_MAR-LET_PK021+090_VA", "OBSERVACION_GEOTECNISTA": null }, "geometry": { "type": "Point", "coordinates": [ -75.04633, 5.18357, 0.0 ] } },
{ "type": "Feature", "properties": { "FECHA": "19/01/2021 00:00:00 (UTC)", "DEPTO": null, "MUNICIPIO": "VÉLEZ", "VEREDA": null, "GASODUCTO": "(BOYACA - SANTANDER)", "TRAMO": "Vélez", "PK_INICIO": "5955", "TP_DUCTO": "Ramal", "DISTRITO": "5", "DIAMETRO": "3\"", "TRM_REG": null, "TP_EVENTO": "CARCAVAS", "LONGITUD": 1.0, "PRIORIDAD": "Alta", "AMENAZA": "Extremo", "FX2": "20231204_FX2_C05_GBS_R-VELEZ_PK005+955_VB", "OBSERVACION_GEOTECNISTA": null }, "geometry": { "type": "Point", "coordinates": [ -73.625323, 6.015085, 0.0 ] } },
{ "type": "Feature", "properties": { "FECHA": "31/10/2023 00:00:00 (UTC)", "DEPTO": null, "MUNICIPIO": "JENESANO", "VEREDA": null, "GASODUCTO": "(PORVENIR - LA BELLEZA)", "TRAMO": "Miraflores - Sutamarchan", "PK_INICIO": "89780", "TP_DUCTO": "Troncal", "DISTRITO": "5", "DIAMETRO": "(20)", "TRM_REG": null, "TP_EVENTO": "DESLIZAMIENTO TRASLACIONAL", "LONGITUD": 40.0, "PRIORIDAD": "Media", "AMENAZA": "Medio", "FX2": "20231031_FX2_C04_PB_MIRAF-SUT_PK089+800_VA", "OBSERVACION_GEOTECNISTA": null }, "geometry": { "type": "Point", "coordinates": [ -73.376635, 5.384726, 0.0 ] } },
{ "type": "Feature", "properties": { "FECHA": "14/08/2023 00:00:00 (UTC)", "DEPTO": null, "MUNICIPIO": "SIMIJACA", "VEREDA": null, "GASODUCTO": "(CENTRO - ORIENTE)", "TRAMO": "Simijaca", "PK_INICIO": "1880", "TP_DUCTO": "Ramal", "DISTRITO": "3", "DIAMETRO": "3\"", "TRM_REG": null, "TP_EVENTO": "OTRO", "LONGITUD": 2.0, "PRIORIDAD": "Alta", "AMENAZA": "Extremo", "FX2": "20231027_FX2_C03_COR_R-SIMIJACA_PK001+880_VA", "OBSERVACION_GEOTECNISTA": null }, "geometry": { "type": "Point", "coordinates": [ -73.82132, 5.511, 0.0 ] } },
{ "type": "Feature", "properties": { "FECHA": "22/03/2024 00:00:00 (UTC)", "DEPTO": null, "MUNICIPIO": "JESÚS MARÍA", "VEREDA": null, "GASODUCTO": "(PORVENIR - LA BELLEZA)", "TRAMO": "Puente Guillermo - La Belleza", "PK_INICIO": "478", "TP_DUCTO": "Loop", "DISTRITO": "5", "DIAMETRO": "(30)", "TRM_REG": null, "TP_EVENTO": "REPTACION", "LONGITUD": 170.0, "PRIORIDAD": "Alta", "AMENAZA": "Extremo", "FX2": "20240322_FX2_C05_PB_PTEG-BELL_PK000+754_VC", "OBSERVACION_GEOTECNISTA": null }, "geometry": { "type": "Point", "coordinates": [ -73.819843, 5.834908, 0.0 ] } },
{ "type": "Feature", "properties": { "FECHA": "9/11/2023 00:00:00 (UTC)", "DEPTO": null, "MUNICIPIO": "PUERTO BOYACÁ", "VEREDA": null, "GASODUCTO": "(CENTRO - ORIENTE)", "TRAMO": "La Belleza - Vasconia", "PK_INICIO": "280296", "TP_DUCTO": "Troncal", "DISTRITO": "1", "DIAMETRO": "22\"", "TRM_REG": null, "TP_EVENTO": "CARCAVAS", "LONGITUD": 140.0, "PRIORIDAD": "Media", "AMENAZA": "Medio", "FX2": "20231213_FX2_C03_COR_BELL-VASC_PK280+436_VB", "OBSERVACION_GEOTECNISTA": null }, "geometry": { "type": "Point", "coordinates": [ -74.331204, 5.847044, 0.0 ] } },
{ "type": "Feature", "properties": { "FECHA": "29/02/2024 00:00:00 (UTC)", "DEPTO": null, "MUNICIPIO": "AIPE", "VEREDA": null, "GASODUCTO": "(CENTRO - ORIENTE)", "TRAMO": "Guasimal - Dina", "PK_INICIO": "528928", "TP_DUCTO": "Troncal", "DISTRITO": "2", "DIAMETRO": "22\"", "TRM_REG": null, "TP_EVENTO": "OTRO", "LONGITUD": 16.0, "PRIORIDAD": "Alta", "AMENAZA": "Extremo", "FX2": "20240404_FX2_C02_COR_GUAS-DINA_PK528+928_VA", "OBSERVACION_GEOTECNISTA": null }, "geometry": { "type": "Point", "coordinates": [ -75.208072, 3.366787, 0.0 ] } },
{ "type": "Feature", "properties": { "FECHA": "5/10/2023 00:00:00 (UTC)", "DEPTO": null, "MUNICIPIO": "OTANCHE", "VEREDA": null, "GASODUCTO": "(CENTRO - ORIENTE)", "TRAMO": "La Belleza - Vasconia", "PK_INICIO": "245339", "TP_DUCTO": "Troncal", "DISTRITO": "1", "DIAMETRO": "(14)", "TRM_REG": null, "TP_EVENTO": "DESLIZAMIENTO TRASLACIONAL", "LONGITUD": 20.0, "PRIORIDAD": "Alta", "AMENAZA": "Alto", "FX2": "20231214_FX2_C03_C0R_BELL-VASC_PK245+359_VA", "OBSERVACION_GEOTECNISTA": null }, "geometry": { "type": "Point", "coordinates": [ -74.118566, 5.809139, 0.0 ] } },
{ "type": "Feature", "properties": { "FECHA": "14/04/2024 00:00:00 (UTC)", "DEPTO": null, "MUNICIPIO": "FRESNO", "VEREDA": null, "GASODUCTO": "(MARIQUITA - CALI)", "TRAMO": "Manzanares", "PK_INICIO": "850", "TP_DUCTO": "Ramal", "DISTRITO": "7", "DIAMETRO": "3\"", "TRM_REG": null, "TP_EVENTO": "DESLIZAMIENTO TRASLACIONAL", "LONGITUD": 30.0, "PRIORIDAD": "Alta", "AMENAZA": "Extremo", "FX2": "20240414_FX2_C07_MC_R-MANZAN_PK000+850_VB", "OBSERVACION_GEOTECNISTA": null }, "geometry": { "type": "Point", "coordinates": [ -75.06862, 5.17933, 0.0 ] } },
{ "type": "Feature", "properties": { "FECHA": "6/10/2023 00:00:00 (UTC)", "DEPTO": null, "MUNICIPIO": "OTANCHE", "VEREDA": null, "GASODUCTO": "(CENTRO - ORIENTE)", "TRAMO": "La Belleza - Vasconia", "PK_INICIO": "23480", "TP_DUCTO": "Loop", "DISTRITO": "1", "DIAMETRO": "(16)", "TRM_REG": null, "TP_EVENTO": "FLUJOS", "LONGITUD": 12.0, "PRIORIDAD": "Alta", "AMENAZA": "Alto", "FX2": "20231214_FX2_C03_C0R_BELL-VASC_PK023+480_VA", "OBSERVACION_GEOTECNISTA": null }, "geometry": { "type": "Point", "coordinates": [ -74.119406, 5.81257, 0.0 ] } },
{ "type": "Feature", "properties": { "FECHA": "11/04/2024 00:00:00 (UTC)", "DEPTO": null, "MUNICIPIO": "RIOHACHA", "VEREDA": null, "GASODUCTO": "(MARIA CONCHITA)", "TRAMO": "Maria Conchita", "PK_INICIO": "6154", "TP_DUCTO": "Ramal", "DISTRITO": "6", "DIAMETRO": "8\"", "TRM_REG": null, "TP_EVENTO": "SURCOS", "LONGITUD": 25.0, "PRIORIDAD": "Media", "AMENAZA": "Medio", "FX2": "20240411_FX2_PM1_BB_R-MARIA CONCHITA_PK006+154_VA", "OBSERVACION_GEOTECNISTA": null }, "geometry": { "type": "Point", "coordinates": [ -72.723321, 11.408757, 0.0 ] } },
{ "type": "Feature", "properties": { "FECHA": "11/04/2024 00:00:00 (UTC)", "DEPTO": null, "MUNICIPIO": "RIOHACHA", "VEREDA": null, "GASODUCTO": "(MARIA CONCHITA)", "TRAMO": "Maria Conchita", "PK_INICIO": "4814", "TP_DUCTO": "Ramal", "DISTRITO": "6", "DIAMETRO": "8\"", "TRM_REG": null, "TP_EVENTO": "CARCAVAS", "LONGITUD": 35.0, "PRIORIDAD": "Alta", "AMENAZA": "Alto", "FX2": "20240411_FX2_PM1_BB_R-MARIA CONCHITA_PK004+814_VA", "OBSERVACION_GEOTECNISTA": null }, "geometry": { "type": "Point", "coordinates": [ -72.735572, 11.40868, 0.0 ] } },
{ "type": "Feature", "properties": { "FECHA": "9/10/2023 00:00:00 (UTC)", "DEPTO": null, "MUNICIPIO": "OTANCHE", "VEREDA": null, "GASODUCTO": "(CENTRO - ORIENTE)", "TRAMO": "La Belleza - Vasconia", "PK_INICIO": "247748", "TP_DUCTO": "Troncal", "DISTRITO": "1", "DIAMETRO": "(14)", "TRM_REG": null, "TP_EVENTO": "FLUJOS", "LONGITUD": 8.0, "PRIORIDAD": "Alta", "AMENAZA": "Alto", "FX2": "20231214_FX2_C03_C0R_BELL-VASC_PK247+748_VA", "OBSERVACION_GEOTECNISTA": null }, "geometry": { "type": "Point", "coordinates": [ -74.130434, 5.818341, 0.0 ] } },
{ "type": "Feature", "properties": { "FECHA": "9/10/2023 00:00:00 (UTC)", "DEPTO": null, "MUNICIPIO": "OTANCHE", "VEREDA": null, "GASODUCTO": "(CENTRO - ORIENTE)", "TRAMO": "La Belleza - Vasconia", "PK_INICIO": "246703", "TP_DUCTO": "Troncal", "DISTRITO": "1", "DIAMETRO": "(14)", "TRM_REG": null, "TP_EVENTO": "FLUJOS", "LONGITUD": 14.0, "PRIORIDAD": "Alta", "AMENAZA": "Alto", "FX2": "20231214_FX2_C03_C0R_BELL-VASC_PK246+703_VA", "OBSERVACION_GEOTECNISTA": null }, "geometry": { "type": "Point", "coordinates": [ -74.123179, 5.816816, 0.0 ] } },
{ "type": "Feature", "properties": { "FECHA": "22/02/2023 00:00:00 (UTC)", "DEPTO": null, "MUNICIPIO": "AGUSTÍN CODAZZI", "VEREDA": null, "GASODUCTO": "(BALLENAS-BARRANCA)", "TRAMO": "Jagua del Pilar - Casacará", "PK_INICIO": "233670", "TP_DUCTO": "Troncal", "DISTRITO": "6", "DIAMETRO": "(18)", "TRM_REG": null, "TP_EVENTO": "OTRO", "LONGITUD": 1.0, "PRIORIDAD": "Media", "AMENAZA": "Medio", "FX2": "20240129_FX2_PM1_BB_JAGUA-CASAC_PK233+670_VA", "OBSERVACION_GEOTECNISTA": null }, "geometry": { "type": "Point", "coordinates": [ -73.320267, 9.88346, 0.0 ] } },
{ "type": "Feature", "properties": { "FECHA": "30/01/2024 00:00:00 (UTC)", "DEPTO": null, "MUNICIPIO": "BECERRIL", "VEREDA": null, "GASODUCTO": "(BALLENAS-BARRANCA)", "TRAMO": "Casacará - Curumaní", "PK_INICIO": "262120", "TP_DUCTO": "Troncal", "DISTRITO": "6", "DIAMETRO": "(18)", "TRM_REG": null, "TP_EVENTO": "SOCAVACIÓN LATERAL", "LONGITUD": 12.0, "PRIORIDAD": "Media", "AMENAZA": "Medio", "FX2": "20240130_FX2_PM1_BB_JAGUA-CASAC_PK262+132_VA", "OBSERVACION_GEOTECNISTA": null }, "geometry": { "type": "Point", "coordinates": [ -73.399493, 9.654318, 0.0 ] } },
{ "type": "Feature", "properties": { "FECHA": "15/02/2022 00:00:00 (UTC)", "DEPTO": null, "MUNICIPIO": "AGUSTÍN CODAZZI", "VEREDA": null, "GASODUCTO": "(BALLENAS-BARRANCA)", "TRAMO": "Jagua del Pilar - Casacará", "PK_INICIO": "222515", "TP_DUCTO": "Troncal", "DISTRITO": "6", "DIAMETRO": "(18)", "TRM_REG": null, "TP_EVENTO": "OTRO", "LONGITUD": 2.0, "PRIORIDAD": "Media", "AMENAZA": "Medio", "FX2": "20230703_FX2_PM1_BB_JAGUA-CASAC_PK222+515_VA", "OBSERVACION_GEOTECNISTA": null }, "geometry": { "type": "Point", "coordinates": [ -73.2864, 9.9708, 0.0 ] } },
{ "type": "Feature", "properties": { "FECHA": "5/05/2023 00:00:00 (UTC)", "DEPTO": null, "MUNICIPIO": "AGUSTÍN CODAZZI", "VEREDA": null, "GASODUCTO": "(BALLENAS-BARRANCA)", "TRAMO": "Jagua del Pilar - Casacará", "PK_INICIO": "221653", "TP_DUCTO": "Troncal", "DISTRITO": "6", "DIAMETRO": "(18)", "TRM_REG": null, "TP_EVENTO": "OTRO", "LONGITUD": 2.0, "PRIORIDAD": "Media", "AMENAZA": "Medio", "FX2": "20240129_FX2_PM1_BB_JAGUA-CASAC_PK221+653_VA", "OBSERVACION_GEOTECNISTA": null }, "geometry": { "type": "Point", "coordinates": [ -73.285373, 9.978438, 0.0 ] } },
{ "type": "Feature", "properties": { "FECHA": "11/08/2023 00:00:00 (UTC)", "DEPTO": null, "MUNICIPIO": "TULUÁ", "VEREDA": null, "GASODUCTO": "(MARIQUITA - CALI)", "TRAMO": "Obando - Tulúa", "PK_INICIO": "260725", "TP_DUCTO": "Troncal", "DISTRITO": "8", "DIAMETRO": "(20)", "TRM_REG": null, "TP_EVENTO": "CARCAVAS", "LONGITUD": 4.0, "PRIORIDAD": "Alta", "AMENAZA": "Alto", "FX2": "20231212_FX2_C08_MC_OBAND-TUL_PK260+725_VA", "OBSERVACION_GEOTECNISTA": null }, "geometry": { "type": "Point", "coordinates": [ -76.17021, 4.099596, 0.0 ] } },
{ "type": "Feature", "properties": { "FECHA": "19/08/2021 00:00:00 (UTC)", "DEPTO": null, "MUNICIPIO": "PÁEZ", "VEREDA": null, "GASODUCTO": "(CUSIANA - PORVENIR)", "TRAMO": "Cusiana - Miraflores", "PK_INICIO": "26130", "TP_DUCTO": "Troncal", "DISTRITO": "5", "DIAMETRO": "(20)", "TRM_REG": null, "TP_EVENTO": "SOCAVACIÓN DE FONDO", "LONGITUD": 50.0, "PRIORIDAD": "Alta", "AMENAZA": "Extremo", "FX2": "20240319_FX2_C04_PB_CUS-MIRAF_PK026+130_VB", "OBSERVACION_GEOTECNISTA": null }, "geometry": { "type": "Point", "coordinates": [ -73.00403, 5.0652, 0.0 ] } },
{ "type": "Feature", "properties": { "FECHA": "22/01/2024 00:00:00 (UTC)", "DEPTO": null, "MUNICIPIO": "VILLA DE SAN DIEGO DE UBATÉ", "VEREDA": null, "GASODUCTO": "(CENTRO - ORIENTE)", "TRAMO": "Sucre Oriental - Cogua", "PK_INICIO": "71955", "TP_DUCTO": "Troncal", "DISTRITO": "3", "DIAMETRO": "(22)", "TRM_REG": null, "TP_EVENTO": "OTRO", "LONGITUD": 3.2, "PRIORIDAD": "Media", "AMENAZA": "Medio", "FX2": "20240418_FX2_C03_COR_SUCREO-COG_PK071+955_VA", "OBSERVACION_GEOTECNISTA": null }, "geometry": { "type": "Point", "coordinates": [ -73.77152, 5.330835, 0.0 ] } },
{ "type": "Feature", "properties": { "FECHA": "8/02/2024 00:00:00 (UTC)", "DEPTO": null, "MUNICIPIO": "VILLA DE SAN DIEGO DE UBATÉ", "VEREDA": null, "GASODUCTO": "(CENTRO - ORIENTE)", "TRAMO": "Sutatausa", "PK_INICIO": "380", "TP_DUCTO": "Ramal", "DISTRITO": "3", "DIAMETRO": "3\"", "TRM_REG": null, "TP_EVENTO": "OTRO", "LONGITUD": 1.3, "PRIORIDAD": "Media", "AMENAZA": "Medio", "FX2": "20240417_FX2_C03_COR_R-SUTATAUSA_PK000+380_VA", "OBSERVACION_GEOTECNISTA": null }, "geometry": { "type": "Point", "coordinates": [ -73.80405, 5.305075, 0.0 ] } },
{ "type": "Feature", "properties": { "FECHA": "4/03/2024 00:00:00 (UTC)", "DEPTO": null, "MUNICIPIO": "QUETAME", "VEREDA": null, "GASODUCTO": "(CUSIANA - APIAY - USME)", "TRAMO": "Villavicencio - Usme", "PK_INICIO": "73520", "TP_DUCTO": "Troncal", "DISTRITO": "4", "DIAMETRO": "10\"", "TRM_REG": null, "TP_EVENTO": "OTRO", "LONGITUD": 45.0, "PRIORIDAD": "Media", "AMENAZA": "Medio", "FX2": "20240521_FX2_C06_CAU_VILLAV-USME_PK073+520_VA", "OBSERVACION_GEOTECNISTA": null }, "geometry": { "type": "Point", "coordinates": [ -73.863935, 4.280683, 0.0 ] } },
{ "type": "Feature", "properties": { "FECHA": "6/09/2023 00:00:00 (UTC)", "DEPTO": null, "MUNICIPIO": "LA VICTORIA", "VEREDA": null, "GASODUCTO": "(MARIQUITA - CALI)", "TRAMO": "Obando - Tulúa", "PK_INICIO": "209279", "TP_DUCTO": "Troncal", "DISTRITO": "8", "DIAMETRO": "(20)", "TRM_REG": null, "TP_EVENTO": "SURCOS", "LONGITUD": 28.0, "PRIORIDAD": "Alta", "AMENAZA": "Extremo", "FX2": "20231212_FX2_C08_MC_OBAND-TUL_PK209+279_VB", "OBSERVACION_GEOTECNISTA": null }, "geometry": { "type": "Point", "coordinates": [ -76.031764, 4.477839, 0.0 ] } },
{ "type": "Feature", "properties": { "FECHA": "23/01/2024 00:00:00 (UTC)", "DEPTO": null, "MUNICIPIO": "VILLA DE SAN DIEGO DE UBATÉ", "VEREDA": null, "GASODUCTO": "(CENTRO - ORIENTE)", "TRAMO": "Sucre Oriental - Cogua", "PK_INICIO": "75690", "TP_DUCTO": "Troncal", "DISTRITO": "3", "DIAMETRO": "(22)", "TRM_REG": null, "TP_EVENTO": "OTRO", "LONGITUD": 14.0, "PRIORIDAD": "Media", "AMENAZA": "Medio", "FX2": "20240418_FX2_C03_COR_SUCREO-COG_PK075+690_VA", "OBSERVACION_GEOTECNISTA": null }, "geometry": { "type": "Point", "coordinates": [ -73.77207, 5.299598, 0.0 ] } },
{ "type": "Feature", "properties": { "FECHA": "1/02/2024 00:00:00 (UTC)", "DEPTO": null, "MUNICIPIO": "EL BANCO", "VEREDA": null, "GASODUCTO": "(BALLENAS-BARRANCA)", "TRAMO": "El Banco", "PK_INICIO": "21092", "TP_DUCTO": "Ramal", "DISTRITO": "6", "DIAMETRO": "4\"", "TRM_REG": null, "TP_EVENTO": "OTRO", "LONGITUD": 6.75, "PRIORIDAD": "Baja", "AMENAZA": "Bajo", "FX2": "20240201_FX2_PM1_BB_R-EL BANCO_PK021+092_VA", "OBSERVACION_GEOTECNISTA": null }, "geometry": { "type": "Point", "coordinates": [ -73.91716, 8.982038, 0.0 ] } },
{ "type": "Feature", "properties": { "FECHA": "26/09/2023 00:00:00 (UTC)", "DEPTO": null, "MUNICIPIO": "EL BANCO", "VEREDA": null, "GASODUCTO": "(BALLENAS-BARRANCA)", "TRAMO": "El Banco", "PK_INICIO": "24910", "TP_DUCTO": "Ramal", "DISTRITO": "6", "DIAMETRO": "4\"", "TRM_REG": null, "TP_EVENTO": "OTRO", "LONGITUD": 10.35, "PRIORIDAD": "Alta", "AMENAZA": "Alto", "FX2": "20240201_FX2_PM1_BB_R-EL BANCO_PK024+910_VA", "OBSERVACION_GEOTECNISTA": null }, "geometry": { "type": "Point", "coordinates": [ -73.949902, 8.999408, 0.0 ] } },
{ "type": "Feature", "properties": { "FECHA": "27/02/2024 00:00:00 (UTC)", "DEPTO": null, "MUNICIPIO": "TULUÁ", "VEREDA": null, "GASODUCTO": "(MARIQUITA - CALI)", "TRAMO": "Obando - Tulúa", "PK_INICIO": "258400", "TP_DUCTO": "Troncal", "DISTRITO": "8", "DIAMETRO": "(20)", "TRM_REG": null, "TP_EVENTO": "OTRO", "LONGITUD": 5.0, "PRIORIDAD": "Alta", "AMENAZA": "Extremo", "FX2": "20240305_FX2_C08_MC_OBAND-TUL_PK258+400_VA", "OBSERVACION_GEOTECNISTA": null }, "geometry": { "type": "Point", "coordinates": [ -76.1811, 4.1171, 0.0 ] } },
{ "type": "Feature", "properties": { "FECHA": "24/01/2024 00:00:00 (UTC)", "DEPTO": null, "MUNICIPIO": "PRADERA", "VEREDA": null, "GASODUCTO": "(MARIQUITA - CALI)", "TRAMO": "Pradera", "PK_INICIO": "36030", "TP_DUCTO": "Ramal", "DISTRITO": "8", "DIAMETRO": "10\"", "TRM_REG": null, "TP_EVENTO": "OTRO", "LONGITUD": 7.0, "PRIORIDAD": "Alta", "AMENAZA": "Alto", "FX2": "20240306_FX2_C08_MC_R-PRADERA_PK036+030_VA", "OBSERVACION_GEOTECNISTA": null }, "geometry": { "type": "Point", "coordinates": [ -76.253546, 3.425764, 0.0 ] } },
{ "type": "Feature", "properties": { "FECHA": "5/02/2024 00:00:00 (UTC)", "DEPTO": null, "MUNICIPIO": "SIMIJACA", "VEREDA": null, "GASODUCTO": "(CENTRO - ORIENTE)", "TRAMO": "Simijaca", "PK_INICIO": "1710", "TP_DUCTO": "Ramal", "DISTRITO": "3", "DIAMETRO": "3\"", "TRM_REG": null, "TP_EVENTO": "OTRO", "LONGITUD": 1.2, "PRIORIDAD": "Alta", "AMENAZA": "Extremo", "FX2": "20240417_FX2_C03_COR_R-SIMIJACA_PK001+710_VA", "OBSERVACION_GEOTECNISTA": null }, "geometry": { "type": "Point", "coordinates": [ -73.819952, 5.51188, 0.0 ] } },
{ "type": "Feature", "properties": { "FECHA": "8/02/2024 00:00:00 (UTC)", "DEPTO": null, "MUNICIPIO": "VILLA DE SAN DIEGO DE UBATÉ", "VEREDA": null, "GASODUCTO": "(CENTRO - ORIENTE)", "TRAMO": "Sutatausa", "PK_INICIO": "200", "TP_DUCTO": "Ramal", "DISTRITO": "3", "DIAMETRO": "3\"", "TRM_REG": null, "TP_EVENTO": "OTRO", "LONGITUD": 2.5, "PRIORIDAD": "Alta", "AMENAZA": "Extremo", "FX2": "20240417_FX2_C03_COR_R-SUTATAUSA_PK000+200_VA", "OBSERVACION_GEOTECNISTA": null }, "geometry": { "type": "Point", "coordinates": [ -73.803257, 5.306423, 0.0 ] } },
{ "type": "Feature", "properties": { "FECHA": "8/02/2024 00:00:00 (UTC)", "DEPTO": null, "MUNICIPIO": "VILLA DE SAN DIEGO DE UBATÉ", "VEREDA": null, "GASODUCTO": "(CENTRO - ORIENTE)", "TRAMO": "Sutatausa", "PK_INICIO": "1310", "TP_DUCTO": "Ramal", "DISTRITO": "3", "DIAMETRO": "3\"", "TRM_REG": null, "TP_EVENTO": "OTRO", "LONGITUD": 2.3, "PRIORIDAD": "Alta", "AMENAZA": "Extremo", "FX2": "20240417_FX2_C03_COR_R-SUTATAUSA_PK001+310_VA", "OBSERVACION_GEOTECNISTA": null }, "geometry": { "type": "Point", "coordinates": [ -73.808197, 5.298063, 0.0 ] } },
{ "type": "Feature", "properties": { "FECHA": "14/02/2024 00:00:00 (UTC)", "DEPTO": null, "MUNICIPIO": "TAUSA", "VEREDA": null, "GASODUCTO": "(CENTRO - ORIENTE)", "TRAMO": "Tausa", "PK_INICIO": "800", "TP_DUCTO": "Ramal", "DISTRITO": "3", "DIAMETRO": "3\"", "TRM_REG": null, "TP_EVENTO": "SURCOS", "LONGITUD": 1.0, "PRIORIDAD": "Alta", "AMENAZA": "Alto", "FX2": "20240419_FX2_C03_COR_R-TAUSA_PK000+800_VA", "OBSERVACION_GEOTECNISTA": null }, "geometry": { "type": "Point", "coordinates": [ -73.896668, 5.181017, 0.0 ] } },
{ "type": "Feature", "properties": { "FECHA": "1/07/2024 00:00:00 (UTC)", "DEPTO": null, "MUNICIPIO": "CHINCHINÁ", "VEREDA": null, "GASODUCTO": "(MARIQUITA - CALI)", "TRAMO": "Letras - Marsella", "PK_INICIO": "115130", "TP_DUCTO": "Troncal", "DISTRITO": "7", "DIAMETRO": "(20)", "TRM_REG": null, "TP_EVENTO": "DESLIZAMIENTO TRASLACIONAL", "LONGITUD": 80.0, "PRIORIDAD": "Alta", "AMENAZA": "Alto", "FX2": "20240701_FX2_C07_MC_LET-MARS_PK115+130_VA", "OBSERVACION_GEOTECNISTA": null }, "geometry": { "type": "Point", "coordinates": [ -75.6847, 4.99407, 0.0 ] } },
{ "type": "Feature", "properties": { "FECHA": "20/02/2024 00:00:00 (UTC)", "DEPTO": null, "MUNICIPIO": "FLORIÁN", "VEREDA": null, "GASODUCTO": "(PORVENIR - LA BELLEZA)", "TRAMO": "Sutamarchan - La Belleza", "PK_INICIO": "219282", "TP_DUCTO": "Troncal", "DISTRITO": "5", "DIAMETRO": "(20)", "TRM_REG": null, "TP_EVENTO": "CARCAVAS", "LONGITUD": 2.0, "PRIORIDAD": "Baja", "AMENAZA": "Bajo", "FX2": "20240524_FX2_C05_PB_SUT-BELL_PK219+282_VA", "OBSERVACION_GEOTECNISTA": null }, "geometry": { "type": "Point", "coordinates": [ -73.942604, 5.833146, 0.0 ] } },
{ "type": "Feature", "properties": { "FECHA": "21/02/2024 00:00:00 (UTC)", "DEPTO": null, "MUNICIPIO": "FLORIÁN", "VEREDA": null, "GASODUCTO": "(CENTRO - ORIENTE)", "TRAMO": "La Belleza - Pk 7+200", "PK_INICIO": "860", "TP_DUCTO": "Troncal", "DISTRITO": "3", "DIAMETRO": "(22)", "TRM_REG": null, "TP_EVENTO": "OTRO", "LONGITUD": 9.6, "PRIORIDAD": "Alta", "AMENAZA": "Alto", "FX2": "20240521_FX2_C03_COR_BELL-7+200_PK000+860_VA", "OBSERVACION_GEOTECNISTA": null }, "geometry": { "type": "Point", "coordinates": [ -73.968525, 5.831904, 0.0 ] } },
{ "type": "Feature", "properties": { "FECHA": "20/02/2024 00:00:00 (UTC)", "DEPTO": null, "MUNICIPIO": "FLORIÁN", "VEREDA": null, "GASODUCTO": "(PORVENIR - LA BELLEZA)", "TRAMO": "Sutamarchan - La Belleza", "PK_INICIO": "219686", "TP_DUCTO": "Troncal", "DISTRITO": "5", "DIAMETRO": "(20)", "TRM_REG": null, "TP_EVENTO": "CARCAVAS", "LONGITUD": 2.0, "PRIORIDAD": "Baja", "AMENAZA": "Bajo", "FX2": "20240524_FX2_C05_PB_SUT-BELL_PK219+686_VA", "OBSERVACION_GEOTECNISTA": null }, "geometry": { "type": "Point", "coordinates": [ -73.945507, 5.834864, 0.0 ] } },
{ "type": "Feature", "properties": { "FECHA": "6/04/2021 00:00:00 (UTC)", "DEPTO": null, "MUNICIPIO": "MONTERREY", "VEREDA": null, "GASODUCTO": "(CUSIANA - PORVENIR)", "TRAMO": "Cusiana - Miraflores", "PK_INICIO": "260", "TP_DUCTO": "Troncal", "DISTRITO": "5", "DIAMETRO": "(20)", "TRM_REG": null, "TP_EVENTO": "CARCAVAS", "LONGITUD": 1.0, "PRIORIDAD": "Alta", "AMENAZA": "Extremo", "FX2": "20240703_FX2_C04_PB_CUS-MIRAF_PK000+260_VB", "OBSERVACION_GEOTECNISTA": null }, "geometry": { "type": "Point", "coordinates": [ -72.934162, 4.923663, 0.0 ] } },
{ "type": "Feature", "properties": { "FECHA": "22/02/2024 00:00:00 (UTC)", "DEPTO": null, "MUNICIPIO": "FLORIÁN", "VEREDA": null, "GASODUCTO": "(CENTRO - ORIENTE)", "TRAMO": "La Belleza - Vasconia", "PK_INICIO": "8963", "TP_DUCTO": "Loop", "DISTRITO": "3", "DIAMETRO": "(16)", "TRM_REG": null, "TP_EVENTO": "SURCOS", "LONGITUD": 20.0, "PRIORIDAD": "Media", "AMENAZA": "Medio", "FX2": "20240621_FX2_C03_COR_BELL-VASC_PK008+963_VA", "OBSERVACION_GEOTECNISTA": null }, "geometry": { "type": "Point", "coordinates": [ -74.030362, 5.839362, 0.0 ] } },
{ "type": "Feature", "properties": { "FECHA": "9/04/2024 00:00:00 (UTC)", "DEPTO": null, "MUNICIPIO": "FLORIÁN", "VEREDA": null, "GASODUCTO": "(CENTRO - ORIENTE)", "TRAMO": "La Belleza - Vasconia", "PK_INICIO": "223910", "TP_DUCTO": "Troncal", "DISTRITO": "3", "DIAMETRO": "(14)", "TRM_REG": null, "TP_EVENTO": "CARCAVAS", "LONGITUD": 10.0, "PRIORIDAD": "Media", "AMENAZA": "Medio", "FX2": "20240522_FX2_C03_COR_BELL-VASC_PK223+920_VA", "OBSERVACION_GEOTECNISTA": null }, "geometry": { "type": "Point", "coordinates": [ -73.976088, 5.841913, 0.0 ] } },
{ "type": "Feature", "properties": { "FECHA": "22/02/2024 00:00:00 (UTC)", "DEPTO": null, "MUNICIPIO": "FLORIÁN", "VEREDA": null, "GASODUCTO": "(CENTRO - ORIENTE)", "TRAMO": "La Belleza - Vasconia", "PK_INICIO": "232807", "TP_DUCTO": "Troncal", "DISTRITO": "3", "DIAMETRO": "(14)", "TRM_REG": null, "TP_EVENTO": "SURCOS", "LONGITUD": 4.0, "PRIORIDAD": "Alta", "AMENAZA": "Alto", "FX2": "20240621_FX2_C03_COR_BELL-VASC_PK232+807_VA", "OBSERVACION_GEOTECNISTA": null }, "geometry": { "type": "Point", "coordinates": [ -74.041349, 5.840674, 0.0 ] } },
{ "type": "Feature", "properties": { "FECHA": "22/02/2024 00:00:00 (UTC)", "DEPTO": null, "MUNICIPIO": "FLORIÁN", "VEREDA": null, "GASODUCTO": "(CENTRO - ORIENTE)", "TRAMO": "La Belleza - Vasconia", "PK_INICIO": "9709", "TP_DUCTO": "Loop", "DISTRITO": "3", "DIAMETRO": "(16)", "TRM_REG": null, "TP_EVENTO": "FLUJOS", "LONGITUD": 10.0, "PRIORIDAD": "Alta", "AMENAZA": "Extremo", "FX2": "20240222_FX2_C03_COR_BELL-VASC_PK009+709_VA", "OBSERVACION_GEOTECNISTA": null }, "geometry": { "type": "Point", "coordinates": [ -74.036014, 5.839003, 0.0 ] } },
{ "type": "Feature", "properties": { "FECHA": "22/02/2024 00:00:00 (UTC)", "DEPTO": null, "MUNICIPIO": "FLORIÁN", "VEREDA": null, "GASODUCTO": "(CENTRO - ORIENTE)", "TRAMO": "La Belleza - Vasconia", "PK_INICIO": "232350", "TP_DUCTO": "Troncal", "DISTRITO": "3", "DIAMETRO": "(14)", "TRM_REG": null, "TP_EVENTO": "FLUJOS", "LONGITUD": 10.0, "PRIORIDAD": "Media", "AMENAZA": "Medio", "FX2": "20240222_FX2_C03_COR_BELL-VASC_PK232+350_VA", "OBSERVACION_GEOTECNISTA": null }, "geometry": { "type": "Point", "coordinates": [ -74.03743, 5.839442, 0.0 ] } },
{ "type": "Feature", "properties": { "FECHA": "13/08/2024 00:00:00 (UTC)", "DEPTO": null, "MUNICIPIO": "ACACÍAS", "VEREDA": null, "GASODUCTO": "(CUSIANA - APIAY - USME)", "TRAMO": "Villavicencio - Usme", "PK_INICIO": "61088", "TP_DUCTO": "Troncal", "DISTRITO": "4", "DIAMETRO": "10\"", "TRM_REG": null, "TP_EVENTO": "OTRO", "LONGITUD": 6.0, "PRIORIDAD": "Alta", "AMENAZA": "Extremo", "FX2": "20240813_FX2_C06_CAU_VILLAV-USME_PK061+088_VA", "OBSERVACION_GEOTECNISTA": null }, "geometry": { "type": "Point", "coordinates": [ -73.816916, 4.198987, 0.0 ] } },
{ "type": "Feature", "properties": { "FECHA": "21/02/2023 00:00:00 (UTC)", "DEPTO": null, "MUNICIPIO": "FLORIÁN", "VEREDA": null, "GASODUCTO": "(CENTRO - ORIENTE)", "TRAMO": "La Belleza - Vasconia", "PK_INICIO": "222599", "TP_DUCTO": "Loop", "DISTRITO": "3", "DIAMETRO": "(16)", "TRM_REG": null, "TP_EVENTO": "SOCAVACIÓN DE FONDO", "LONGITUD": 3.0, "PRIORIDAD": "Alta", "AMENAZA": "Alto", "FX2": "20240522_FX2_C03_COR_BELL-VASC_PK222+602_VA", "OBSERVACION_GEOTECNISTA": null }, "geometry": { "type": "Point", "coordinates": [ -73.966953, 5.840804, 0.0 ] } },
{ "type": "Feature", "properties": { "FECHA": "6/06/2024 00:00:00 (UTC)", "DEPTO": null, "MUNICIPIO": "BOLÍVAR", "VEREDA": null, "GASODUCTO": "(BOYACA - SANTANDER)", "TRAMO": "Bolívar", "PK_INICIO": "16660", "TP_DUCTO": "Ramal", "DISTRITO": "5", "DIAMETRO": "3\"", "TRM_REG": null, "TP_EVENTO": "REPTACION", "LONGITUD": 20.0, "PRIORIDAD": "Media", "AMENAZA": "Medio", "FX2": "20240606_FX2_C05_GBS_R-BOLIVAR_PK016+680_VB", "OBSERVACION_GEOTECNISTA": null }, "geometry": { "type": "Point", "coordinates": [ -73.77978, 5.950777, 0.0 ] } },
{ "type": "Feature", "properties": { "FECHA": "21/02/2024 00:00:00 (UTC)", "DEPTO": null, "MUNICIPIO": "FLORIÁN", "VEREDA": null, "GASODUCTO": "(CENTRO - ORIENTE)", "TRAMO": "La Belleza - Pk 7+200", "PK_INICIO": "450", "TP_DUCTO": "Troncal", "DISTRITO": "3", "DIAMETRO": "(22)", "TRM_REG": null, "TP_EVENTO": "SURCOS", "LONGITUD": 30.0, "PRIORIDAD": "Alta", "AMENAZA": "Alto", "FX2": "20240521_FX2_C03_COR_BELL-7+200_PK000+450_VA", "OBSERVACION_GEOTECNISTA": null }, "geometry": { "type": "Point", "coordinates": [ -73.966439, 5.835679, 0.0 ] } },
{ "type": "Feature", "properties": { "FECHA": "19/03/2024 00:00:00 (UTC)", "DEPTO": null, "MUNICIPIO": "SAN VICENTE DE CHUCURÍ", "VEREDA": null, "GASODUCTO": "(SUR DE BOLIVAR)", "TRAMO": "San Vicente - Playa Roja", "PK_INICIO": "8900", "TP_DUCTO": "Aislado", "DISTRITO": "1", "DIAMETRO": "3\"", "TRM_REG": null, "TP_EVENTO": "DESLIZAMIENTO ROTACIONAL", "LONGITUD": 24.0, "PRIORIDAD": "Alta", "AMENAZA": "Alto", "FX2": "20240506_FX2_C01_SBO_S VIC-PLAYA R_PK008+900_VA", "OBSERVACION_GEOTECNISTA": null }, "geometry": { "type": "Point", "coordinates": [ -73.529823, 6.883614, 0.0 ] } },
{ "type": "Feature", "properties": { "FECHA": "28/09/2023 00:00:00 (UTC)", "DEPTO": null, "MUNICIPIO": "PUERTO SALGAR", "VEREDA": null, "GASODUCTO": "(CENTRO - ORIENTE)", "TRAMO": "Vasconia - Puerto Salgar", "PK_INICIO": "239040", "TP_DUCTO": "Troncal", "DISTRITO": "1", "DIAMETRO": "(20)", "TRM_REG": null, "TP_EVENTO": "SOCAVACIÓN DE FONDO", "LONGITUD": 5.0, "PRIORIDAD": "Media", "AMENAZA": "Medio", "FX2": "20240507_FX2_C01_COR_VASC-PTO SALG_PK239+040_VA", "OBSERVACION_GEOTECNISTA": null }, "geometry": { "type": "Point", "coordinates": [ -74.62409, 5.523865, 0.0 ] } },
{ "type": "Feature", "properties": { "FECHA": "28/09/2023 00:00:00 (UTC)", "DEPTO": null, "MUNICIPIO": "PUERTO SALGAR", "VEREDA": null, "GASODUCTO": "(CENTRO - ORIENTE)", "TRAMO": "Vasconia - Puerto Salgar", "PK_INICIO": "237728", "TP_DUCTO": "Troncal", "DISTRITO": "1", "DIAMETRO": "(20)", "TRM_REG": null, "TP_EVENTO": "OTRO", "LONGITUD": 1.5, "PRIORIDAD": "Media", "AMENAZA": "Medio", "FX2": "20240507_FX2_C01_COR_VASC-PTO SALG_PK237+728_VA", "OBSERVACION_GEOTECNISTA": null }, "geometry": { "type": "Point", "coordinates": [ -74.624474, 5.535439, 0.0 ] } },
{ "type": "Feature", "properties": { "FECHA": "30/01/2024 00:00:00 (UTC)", "DEPTO": null, "MUNICIPIO": "PUERTO BOYACÁ", "VEREDA": null, "GASODUCTO": "(CENTRO - ORIENTE)", "TRAMO": "Vasconia - Puerto Salgar", "PK_INICIO": "174276", "TP_DUCTO": "Troncal", "DISTRITO": "1", "DIAMETRO": "(20)", "TRM_REG": null, "TP_EVENTO": "OTRO", "LONGITUD": 6.1, "PRIORIDAD": "Alta", "AMENAZA": "Alto", "FX2": "20240508_FX2_C01_COR_VASC-PTO SALG_PK174+276_VA", "OBSERVACION_GEOTECNISTA": null }, "geometry": { "type": "Point", "coordinates": [ -74.56304, 6.034427, 0.0 ] } },
{ "type": "Feature", "properties": { "FECHA": "15/01/2024 00:00:00 (UTC)", "DEPTO": null, "MUNICIPIO": "PUERTO BOYACÁ", "VEREDA": null, "GASODUCTO": "(CENTRO - ORIENTE)", "TRAMO": "La Belleza - Vasconia", "PK_INICIO": "54400", "TP_DUCTO": "Loop", "DISTRITO": "1", "DIAMETRO": "(16)", "TRM_REG": null, "TP_EVENTO": "REPTACION", "LONGITUD": 100.0, "PRIORIDAD": "Media", "AMENAZA": "Medio", "FX2": "20240416_FX2_C03_COR_BELL-VASC_PK054+500_VA", "OBSERVACION_GEOTECNISTA": null }, "geometry": { "type": "Point", "coordinates": [ -74.315575, 5.825854, 0.0 ] } },
{ "type": "Feature", "properties": { "FECHA": "21/02/2024 00:00:00 (UTC)", "DEPTO": null, "MUNICIPIO": "FLORIÁN", "VEREDA": null, "GASODUCTO": "(CENTRO - ORIENTE)", "TRAMO": "La Belleza - Pk 7+200", "PK_INICIO": "660", "TP_DUCTO": "Troncal", "DISTRITO": "3", "DIAMETRO": "(22)", "TRM_REG": null, "TP_EVENTO": "DESLIZAMIENTO TRASLACIONAL", "LONGITUD": 18.0, "PRIORIDAD": "Media", "AMENAZA": "Medio", "FX2": "20240521_FX2_C03_COR_BELL-7+200_PK000+660_VA", "OBSERVACION_GEOTECNISTA": null }, "geometry": { "type": "Point", "coordinates": [ -73.967147, 5.833331, 0.0 ] } },
{ "type": "Feature", "properties": { "FECHA": "23/02/2023 00:00:00 (UTC)", "DEPTO": null, "MUNICIPIO": "FLORIÁN", "VEREDA": null, "GASODUCTO": "(CENTRO - ORIENTE)", "TRAMO": "La Belleza - Vasconia", "PK_INICIO": "237023", "TP_DUCTO": "Troncal", "DISTRITO": "3", "DIAMETRO": "(14)", "TRM_REG": null, "TP_EVENTO": "SOCAVACIÓN DE FONDO", "LONGITUD": 6.0, "PRIORIDAD": "Alta", "AMENAZA": "Alto", "FX2": "20240620_FX2_C03_COR_BELL-VASC_PK237+023_VA", "OBSERVACION_GEOTECNISTA": null }, "geometry": { "type": "Point", "coordinates": [ -74.070584, 5.824213, 0.0 ] } },
{ "type": "Feature", "properties": { "FECHA": "23/02/2023 00:00:00 (UTC)", "DEPTO": null, "MUNICIPIO": "FLORIÁN", "VEREDA": null, "GASODUCTO": "(CENTRO - ORIENTE)", "TRAMO": "La Belleza - Vasconia", "PK_INICIO": "14080", "TP_DUCTO": "Loop", "DISTRITO": "3", "DIAMETRO": "(16)", "TRM_REG": null, "TP_EVENTO": "CARCAVAS", "LONGITUD": 30.0, "PRIORIDAD": "Media", "AMENAZA": "Medio", "FX2": "20240620_FX2_C03_COR_BELL-VASC_PK014+080_VA", "OBSERVACION_GEOTECNISTA": null }, "geometry": { "type": "Point", "coordinates": [ -74.066294, 5.827369, 0.0 ] } },
{ "type": "Feature", "properties": { "FECHA": "23/02/2023 00:00:00 (UTC)", "DEPTO": null, "MUNICIPIO": "FLORIÁN", "VEREDA": null, "GASODUCTO": "(CENTRO - ORIENTE)", "TRAMO": "La Belleza - Vasconia", "PK_INICIO": "236360", "TP_DUCTO": "Troncal", "DISTRITO": "3", "DIAMETRO": "(14)", "TRM_REG": null, "TP_EVENTO": "CARCAVAS", "LONGITUD": 3.2, "PRIORIDAD": "Alta", "AMENAZA": "Alto", "FX2": "20240620_FX2_C03_COR_BELL-VASC_PK236+360_VA", "OBSERVACION_GEOTECNISTA": null }, "geometry": { "type": "Point", "coordinates": [ -74.066007, 5.827602, 0.0 ] } },
{ "type": "Feature", "properties": { "FECHA": "24/06/2024 00:00:00 (UTC)", "DEPTO": null, "MUNICIPIO": "ALBANIA", "VEREDA": null, "GASODUCTO": "(CENTRO - ORIENTE)", "TRAMO": "Albania", "PK_INICIO": "1600", "TP_DUCTO": "Ramal", "DISTRITO": "3", "DIAMETRO": "3\"", "TRM_REG": null, "TP_EVENTO": "DESLIZAMIENTO ROTACIONAL", "LONGITUD": 12.0, "PRIORIDAD": "Alta", "AMENAZA": "Extremo", "FX2": "20240730_FX2_C03_COR_R-ALBANIA_PK001+600_VA", "OBSERVACION_GEOTECNISTA": null }, "geometry": { "type": "Point", "coordinates": [ -73.91891, 5.737869, 0.0 ] } },
{ "type": "Feature", "properties": { "FECHA": "27/11/2023 00:00:00 (UTC)", "DEPTO": null, "MUNICIPIO": "ARMERO", "VEREDA": null, "GASODUCTO": "(CENTRO - ORIENTE)", "TRAMO": "Mariquita - Gualanday", "PK_INICIO": "323521", "TP_DUCTO": "Troncal", "DISTRITO": "2", "DIAMETRO": "10\"", "TRM_REG": null, "TP_EVENTO": "SOCAVACIÓN DE FONDO", "LONGITUD": 10.0, "PRIORIDAD": "Media", "AMENAZA": "Medio", "FX2": "20240125_FX2_C02_COR_MAR-GUAL_PK323+521_VB", "OBSERVACION_GEOTECNISTA": null }, "geometry": { "type": "Point", "coordinates": [ -74.908588, 4.990858, 0.0 ] } },
{ "type": "Feature", "properties": { "FECHA": "6/09/2022 00:00:00 (UTC)", "DEPTO": null, "MUNICIPIO": "ALBANIA", "VEREDA": null, "GASODUCTO": "(CENTRO - ORIENTE)", "TRAMO": "Albania", "PK_INICIO": "1512", "TP_DUCTO": "Ramal", "DISTRITO": "3", "DIAMETRO": "3\"", "TRM_REG": null, "TP_EVENTO": "SOCAVACIÓN LATERAL", "LONGITUD": 30.0, "PRIORIDAD": "Alta", "AMENAZA": "Alto", "FX2": "20240730_FX2_C03_COR_R-ALBANIA_PK001+512_VA", "OBSERVACION_GEOTECNISTA": null }, "geometry": { "type": "Point", "coordinates": [ -73.919557, 5.737588, 0.0 ] } },
{ "type": "Feature", "properties": { "FECHA": "6/07/2022 00:00:00 (UTC)", "DEPTO": null, "MUNICIPIO": "SAN SEBASTIÁN DE MARIQUITA", "VEREDA": null, "GASODUCTO": "(CENTRO - ORIENTE)", "TRAMO": "Puerto Salgar - Mariquita", "PK_INICIO": "287323", "TP_DUCTO": "Troncal", "DISTRITO": "2", "DIAMETRO": "(20)", "TRM_REG": null, "TP_EVENTO": "SURCOS", "LONGITUD": 42.0, "PRIORIDAD": "Media", "AMENAZA": "Medio", "FX2": "20240716_FX2_C01_COR_PTO SALG-MAR_PK287+323_VA", "OBSERVACION_GEOTECNISTA": null }, "geometry": { "type": "Point", "coordinates": [ -74.8466, 5.28001, 0.0 ] } },
{ "type": "Feature", "properties": { "FECHA": "9/09/2024 00:00:00 (UTC)", "DEPTO": null, "MUNICIPIO": "SAN ALBERTO", "VEREDA": null, "GASODUCTO": "(BALLENAS-BARRANCA)", "TRAMO": "San Alberto", "PK_INICIO": "3720", "TP_DUCTO": "Ramal", "DISTRITO": "1", "DIAMETRO": "3\"", "TRM_REG": null, "TP_EVENTO": "OTRO", "LONGITUD": 1.1, "PRIORIDAD": "Alta", "AMENAZA": "Extremo", "FX2": "20240913_FX2_PM1_BB_R-SAN ALBERTO_PK003+720_VA", "OBSERVACION_GEOTECNISTA": null }, "geometry": { "type": "Point", "coordinates": [ -73.4788, 7.7217, 0.0 ] } },
{ "type": "Feature", "properties": { "FECHA": "24/06/2024 00:00:00 (UTC)", "DEPTO": null, "MUNICIPIO": "ALBANIA", "VEREDA": null, "GASODUCTO": "(CENTRO - ORIENTE)", "TRAMO": "Albania", "PK_INICIO": "1640", "TP_DUCTO": "Ramal", "DISTRITO": "3", "DIAMETRO": "3\"", "TRM_REG": null, "TP_EVENTO": "DESLIZAMIENTO ROTACIONAL", "LONGITUD": 14.0, "PRIORIDAD": "Media", "AMENAZA": "Medio", "FX2": "20240730_FX2_C03_COR_R-ALBANIA_PK001+640_VA", "OBSERVACION_GEOTECNISTA": null }, "geometry": { "type": "Point", "coordinates": [ -73.918516, 5.738094, 0.0 ] } },
{ "type": "Feature", "properties": { "FECHA": "11/07/2024 00:00:00 (UTC)", "DEPTO": null, "MUNICIPIO": "FRESNO", "VEREDA": null, "GASODUCTO": "(MARIQUITA - CALI)", "TRAMO": "Manzanares", "PK_INICIO": "3760", "TP_DUCTO": "Ramal", "DISTRITO": "7", "DIAMETRO": "3\"", "TRM_REG": null, "TP_EVENTO": "DESLIZAMIENTO TRASLACIONAL", "LONGITUD": 16.0, "PRIORIDAD": "Media", "AMENAZA": "Medio", "FX2": "20240719_FX2_C07_MC_R-MANZAN_PK003+760_VB", "OBSERVACION_GEOTECNISTA": null }, "geometry": { "type": "Point", "coordinates": [ -75.06358, 5.19947, 0.0 ] } },
{ "type": "Feature", "properties": { "FECHA": "6/06/2024 00:00:00 (UTC)", "DEPTO": null, "MUNICIPIO": "BOLÍVAR", "VEREDA": null, "GASODUCTO": "(BOYACA - SANTANDER)", "TRAMO": "Bolívar", "PK_INICIO": "17035", "TP_DUCTO": "Ramal", "DISTRITO": "5", "DIAMETRO": "3\"", "TRM_REG": null, "TP_EVENTO": "REPTACION", "LONGITUD": 25.0, "PRIORIDAD": "Media", "AMENAZA": "Medio", "FX2": "20240606_FX2_C05_GBS_R-BOLIVAR_PK017+035_VB", "OBSERVACION_GEOTECNISTA": null }, "geometry": { "type": "Point", "coordinates": [ -73.780681, 5.953773, 0.0 ] } },
{ "type": "Feature", "properties": { "FECHA": "28/05/2024 00:00:00 (UTC)", "DEPTO": null, "MUNICIPIO": "ALVARADO", "VEREDA": null, "GASODUCTO": "(CENTRO - ORIENTE)", "TRAMO": "Piedras", "PK_INICIO": "2525", "TP_DUCTO": "Ramal", "DISTRITO": "2", "DIAMETRO": "3\"", "TRM_REG": null, "TP_EVENTO": "SOCAVACIÓN DE FONDO", "LONGITUD": 6.0, "PRIORIDAD": "Media", "AMENAZA": "Medio", "FX2": "20240715_FX2_C02_COR_R-PIEDRAS_PK002+525_VB", "OBSERVACION_GEOTECNISTA": null }, "geometry": { "type": "Point", "coordinates": [ -74.929347, 4.559154, 0.0 ] } },
{ "type": "Feature", "properties": { "FECHA": "30/05/2024 00:00:00 (UTC)", "DEPTO": null, "MUNICIPIO": "OTANCHE", "VEREDA": null, "GASODUCTO": "(CENTRO - ORIENTE)", "TRAMO": "La Belleza - Vasconia", "PK_INICIO": "250116", "TP_DUCTO": "Troncal", "DISTRITO": "1", "DIAMETRO": "(14)", "TRM_REG": null, "TP_EVENTO": "SURCOS", "LONGITUD": 40.0, "PRIORIDAD": "Alta", "AMENAZA": "Alto", "FX2": "20240731_FX2_C03_C0R_BELL-VASC_PK250+116_VA", "OBSERVACION_GEOTECNISTA": null }, "geometry": { "type": "Point", "coordinates": [ -74.14765, 5.81411, 0.0 ] } },
{ "type": "Feature", "properties": { "FECHA": "21/08/2024 00:00:00 (UTC)", "DEPTO": null, "MUNICIPIO": "SANTA SOFÍA", "VEREDA": null, "GASODUCTO": "(PORVENIR - LA BELLEZA)", "TRAMO": "Sutamarchan - La Belleza", "PK_INICIO": "138900", "TP_DUCTO": "Troncal", "DISTRITO": "5", "DIAMETRO": "(20)", "TRM_REG": null, "TP_EVENTO": "CARCAVAS", "LONGITUD": 3.0, "PRIORIDAD": "Alta", "AMENAZA": "Extremo", "FX2": "20240826_FX2_C05_PB_SUT-BELL_PK138+900_VA", "OBSERVACION_GEOTECNISTA": null }, "geometry": { "type": "Point", "coordinates": [ -73.594427, 5.741821, 0.0 ] } },
{ "type": "Feature", "properties": { "FECHA": "15/07/2024 00:00:00 (UTC)", "DEPTO": null, "MUNICIPIO": "MANZANARES", "VEREDA": null, "GASODUCTO": "(MARIQUITA - CALI)", "TRAMO": "Manzanares", "PK_INICIO": "9330", "TP_DUCTO": "Ramal", "DISTRITO": "7", "DIAMETRO": "3\"", "TRM_REG": null, "TP_EVENTO": "DESLIZAMIENTO TRASLACIONAL", "LONGITUD": 20.0, "PRIORIDAD": "Alta", "AMENAZA": "Alto", "FX2": "20240719_FX2_C07_MC_R-MANZAN_PK009+330_VA", "OBSERVACION_GEOTECNISTA": null }, "geometry": { "type": "Point", "coordinates": [ -75.08099, 5.236062, 0.0 ] } },
{ "type": "Feature", "properties": { "FECHA": "16/06/2023 00:00:00 (UTC)", "DEPTO": null, "MUNICIPIO": "PUENTE NACIONAL", "VEREDA": null, "GASODUCTO": "(PORVENIR - LA BELLEZA)", "TRAMO": "Sutamarchan - La Belleza", "PK_INICIO": "146330", "TP_DUCTO": "Troncal", "DISTRITO": "5", "DIAMETRO": "(20)", "TRM_REG": null, "TP_EVENTO": "FLUJOS", "LONGITUD": 50.0, "PRIORIDAD": "Alta", "AMENAZA": "Extremo", "FX2": "20240826_FX2_C05_PB_SUT-BELL_PK146+400_VA", "OBSERVACION_GEOTECNISTA": null }, "geometry": { "type": "Point", "coordinates": [ -73.626911, 5.79787, 0.0 ] } },
{ "type": "Feature", "properties": { "FECHA": "6/08/2024 00:00:00 (UTC)", "DEPTO": null, "MUNICIPIO": "JESÚS MARÍA", "VEREDA": null, "GASODUCTO": "(BOYACA - SANTANDER)", "TRAMO": "Bolívar", "PK_INICIO": "10380", "TP_DUCTO": "Ramal", "DISTRITO": "5", "DIAMETRO": "3\"", "TRM_REG": null, "TP_EVENTO": "DESLIZAMIENTO TRASLACIONAL", "LONGITUD": 40.0, "PRIORIDAD": "Alta", "AMENAZA": "Alto", "FX2": "20240902_FX2_C05_GBS_R-BOLIVAR_PK010+380_VA", "OBSERVACION_GEOTECNISTA": null }, "geometry": { "type": "Point", "coordinates": [ -73.781831, 5.904779, 0.0 ] } },
{ "type": "Feature", "properties": { "FECHA": "29/02/2024 00:00:00 (UTC)", "DEPTO": null, "MUNICIPIO": "FLORIÁN", "VEREDA": null, "GASODUCTO": "(CENTRO - ORIENTE)", "TRAMO": "La Belleza - Pk 7+200", "PK_INICIO": "5945", "TP_DUCTO": "Troncal", "DISTRITO": "3", "DIAMETRO": "(22)", "TRM_REG": null, "TP_EVENTO": "DESLIZAMIENTO ROTACIONAL", "LONGITUD": 30.0, "PRIORIDAD": "Alta", "AMENAZA": "Alto", "FX2": "20240524_FX2_C03_COR_BELL-7+200_PK005+945_VA", "OBSERVACION_GEOTECNISTA": null }, "geometry": { "type": "Point", "coordinates": [ -73.978822, 5.784897, 0.0 ] } },
{ "type": "Feature", "properties": { "FECHA": "1/08/2024 00:00:00 (UTC)", "DEPTO": null, "MUNICIPIO": "JESÚS MARÍA", "VEREDA": null, "GASODUCTO": "(BOYACA - SANTANDER)", "TRAMO": "Bolívar", "PK_INICIO": "6035", "TP_DUCTO": "Ramal", "DISTRITO": "5", "DIAMETRO": "3\"", "TRM_REG": null, "TP_EVENTO": "DESLIZAMIENTO ROTACIONAL", "LONGITUD": 30.0, "PRIORIDAD": "Alta", "AMENAZA": "Alto", "FX2": "20240902_FX2_C05_GBS_R-BOLIVAR_PK006+035_VA", "OBSERVACION_GEOTECNISTA": null }, "geometry": { "type": "Point", "coordinates": [ -73.787242, 5.870694, 0.0 ] } },
{ "type": "Feature", "properties": { "FECHA": "6/05/2021 00:00:00 (UTC)", "DEPTO": null, "MUNICIPIO": "JESÚS MARÍA", "VEREDA": null, "GASODUCTO": "(BOYACA - SANTANDER)", "TRAMO": "Bolívar", "PK_INICIO": "3520", "TP_DUCTO": "Ramal", "DISTRITO": "5", "DIAMETRO": "3\"", "TRM_REG": null, "TP_EVENTO": "SURCOS", "LONGITUD": 75.0, "PRIORIDAD": "Alta", "AMENAZA": "Alto", "FX2": "20230628_FX2_C05_GBS_R-BOLIVAR_PK003+560_VA", "OBSERVACION_GEOTECNISTA": null }, "geometry": { "type": "Point", "coordinates": [ -73.796052, 5.854156, 0.0 ] } },
{ "type": "Feature", "properties": { "FECHA": "6/08/2024 00:00:00 (UTC)", "DEPTO": null, "MUNICIPIO": "JESÚS MARÍA", "VEREDA": null, "GASODUCTO": "(BOYACA - SANTANDER)", "TRAMO": "Bolívar", "PK_INICIO": "10720", "TP_DUCTO": "Ramal", "DISTRITO": "5", "DIAMETRO": "3\"", "TRM_REG": null, "TP_EVENTO": "DESLIZAMIENTO TRASLACIONAL", "LONGITUD": 70.0, "PRIORIDAD": "Alta", "AMENAZA": "Alto", "FX2": "20240902_FX2_C05_GBS_R-BOLIVAR_PK010+720_VA", "OBSERVACION_GEOTECNISTA": null }, "geometry": { "type": "Point", "coordinates": [ -73.78199, 5.907474, 0.0 ] } },
{ "type": "Feature", "properties": { "FECHA": "17/05/2024 00:00:00 (UTC)", "DEPTO": null, "MUNICIPIO": "VILLANUEVA", "VEREDA": null, "GASODUCTO": "(BALLENAS-BARRANCA)", "TRAMO": "Villanueva", "PK_INICIO": "4532", "TP_DUCTO": "Ramal", "DISTRITO": "6", "DIAMETRO": "3\"", "TRM_REG": null, "TP_EVENTO": "SOCAVACIÓN LATERAL", "LONGITUD": 10.0, "PRIORIDAD": "Alta", "AMENAZA": "Alto", "FX2": "20240911_FX2_PM1_BB_R-VILLANUEVA_PK004+532_VA", "OBSERVACION_GEOTECNISTA": null }, "geometry": { "type": "Point", "coordinates": [ -72.987418, 10.607692, 0.0 ] } },
{ "type": "Feature", "properties": { "FECHA": "23/08/2024 00:00:00 (UTC)", "DEPTO": null, "MUNICIPIO": "PUENTE NACIONAL", "VEREDA": null, "GASODUCTO": "(PORVENIR - LA BELLEZA)", "TRAMO": "Sutamarchan - La Belleza", "PK_INICIO": "148609", "TP_DUCTO": "Troncal", "DISTRITO": "5", "DIAMETRO": "(20)", "TRM_REG": null, "TP_EVENTO": "SOCAVACIÓN DE FONDO", "LONGITUD": 40.0, "PRIORIDAD": "Alta", "AMENAZA": "Extremo", "FX2": "20240826_FX2_C05_PB_SUT-BELL_PK148+611_VA", "OBSERVACION_GEOTECNISTA": null }, "geometry": { "type": "Point", "coordinates": [ -73.645736, 5.801936, 0.0 ] } },
{ "type": "Feature", "properties": { "FECHA": "29/02/2024 00:00:00 (UTC)", "DEPTO": null, "MUNICIPIO": "FLORIÁN", "VEREDA": null, "GASODUCTO": "(CENTRO - ORIENTE)", "TRAMO": "PK 7+200 - PK 17+500", "PK_INICIO": "8050", "TP_DUCTO": "Troncal", "DISTRITO": "3", "DIAMETRO": "(22)", "TRM_REG": null, "TP_EVENTO": "FLUJOS", "LONGITUD": 15.0, "PRIORIDAD": "Media", "AMENAZA": "Medio", "FX2": "20240523_FX2_C03_COR_7+200-17+500_PK008+050_VA", "OBSERVACION_GEOTECNISTA": null }, "geometry": { "type": "Point", "coordinates": [ -73.969952, 5.770594, 0.0 ] } },
{ "type": "Feature", "properties": { "FECHA": "2/05/2024 00:00:00 (UTC)", "DEPTO": null, "MUNICIPIO": "OTANCHE", "VEREDA": null, "GASODUCTO": "(CENTRO - ORIENTE)", "TRAMO": "La Belleza - Vasconia", "PK_INICIO": "23520", "TP_DUCTO": "Loop", "DISTRITO": "1", "DIAMETRO": "(16)", "TRM_REG": null, "TP_EVENTO": "FLUJOS", "LONGITUD": 6.0, "PRIORIDAD": "Media", "AMENAZA": "Medio", "FX2": "20240731_FX2_C03_C0R_BELL-VASC_PK023+520_VA", "OBSERVACION_GEOTECNISTA": null }, "geometry": { "type": "Point", "coordinates": [ -74.119616, 5.812839, 0.0 ] } },
{ "type": "Feature", "properties": { "FECHA": "8/07/2024 00:00:00 (UTC)", "DEPTO": null, "MUNICIPIO": "PUERTO BOYACÁ", "VEREDA": null, "GASODUCTO": "(CENTRO - ORIENTE)", "TRAMO": "La Belleza - Vasconia", "PK_INICIO": "66575", "TP_DUCTO": "Loop", "DISTRITO": "1", "DIAMETRO": "(16)", "TRM_REG": null, "TP_EVENTO": "SOCAVACIÓN DE FONDO", "LONGITUD": 1.0, "PRIORIDAD": "Media", "AMENAZA": "Medio", "FX2": "20240822_FX2_C03_COR_BELL-VASC_PK066+575_VA", "OBSERVACION_GEOTECNISTA": null }, "geometry": { "type": "Point", "coordinates": [ -74.387207, 5.895419, 0.0 ] } },
{ "type": "Feature", "properties": { "FECHA": "8/07/2024 00:00:00 (UTC)", "DEPTO": null, "MUNICIPIO": "PUERTO BOYACÁ", "VEREDA": null, "GASODUCTO": "(CENTRO - ORIENTE)", "TRAMO": "La Belleza - Vasconia", "PK_INICIO": "66050", "TP_DUCTO": "Loop", "DISTRITO": "1", "DIAMETRO": "(16)", "TRM_REG": null, "TP_EVENTO": "SOCAVACIÓN DE FONDO", "LONGITUD": 0.9, "PRIORIDAD": "Media", "AMENAZA": "Medio", "FX2": "20240822_FX2_C03_C0R_BELL-VASC_PK066+050_VA", "OBSERVACION_GEOTECNISTA": null }, "geometry": { "type": "Point", "coordinates": [ -74.38555, 5.891983, 0.0 ] } },
{ "type": "Feature", "properties": { "FECHA": "6/09/2023 00:00:00 (UTC)", "DEPTO": null, "MUNICIPIO": "LA BELLEZA", "VEREDA": null, "GASODUCTO": "(CENTRO - ORIENTE)", "TRAMO": "La Belleza - Vasconia", "PK_INICIO": "2959", "TP_DUCTO": "Loop", "DISTRITO": "3", "DIAMETRO": "(16)", "TRM_REG": null, "TP_EVENTO": "SOCAVACIÓN DE FONDO", "LONGITUD": 2.5, "PRIORIDAD": "Alta", "AMENAZA": "Alto", "FX2": "20231024_FX2_C03_C0R_BELL-VASC_PK002+959_VA", "OBSERVACION_GEOTECNISTA": null }, "geometry": { "type": "Point", "coordinates": [ -73.986961, 5.846442, 0.0 ] } },
{ "type": "Feature", "properties": { "FECHA": "21/03/2024 00:00:00 (UTC)", "DEPTO": null, "MUNICIPIO": "LA TEBAIDA", "VEREDA": null, "GASODUCTO": "(MARIQUITA - CALI)", "TRAMO": "Loop - Ramal Armenia", "PK_INICIO": "28960", "TP_DUCTO": "Loop", "DISTRITO": "7", "DIAMETRO": "14\"", "TRM_REG": null, "TP_EVENTO": "SOCAVACIÓN DE FONDO", "LONGITUD": 3.0, "PRIORIDAD": "Alta", "AMENAZA": "Alto", "FX2": "20240531_FX2_C08_MC_R-ARMENIA(L)_PK028+960_VB", "OBSERVACION_GEOTECNISTA": null }, "geometry": { "type": "Point", "coordinates": [ -75.85214, 4.446099, 0.0 ] } },
{ "type": "Feature", "properties": { "FECHA": "10/11/2023 00:00:00 (UTC)", "DEPTO": null, "MUNICIPIO": "IBAGUÉ", "VEREDA": null, "GASODUCTO": "(CENTRO - ORIENTE)", "TRAMO": "Mariquita - Gualanday", "PK_INICIO": "412234", "TP_DUCTO": "Troncal", "DISTRITO": "2", "DIAMETRO": "10\"", "TRM_REG": null, "TP_EVENTO": "OTRO", "LONGITUD": 6.0, "PRIORIDAD": "Alta", "AMENAZA": "Alto", "FX2": "20240125_FX2_C02_COR_MAR-GUAL_PK412+234_VB", "OBSERVACION_GEOTECNISTA": null }, "geometry": { "type": "Point", "coordinates": [ -75.0337, 4.2957, 0.0 ] } },
{ "type": "Feature", "properties": { "FECHA": "4/06/2024 00:00:00 (UTC)", "DEPTO": null, "MUNICIPIO": "FRESNO", "VEREDA": null, "GASODUCTO": "(MARIQUITA - CALI)", "TRAMO": "Fresno", "PK_INICIO": "1698", "TP_DUCTO": "Ramal", "DISTRITO": "7", "DIAMETRO": "3\"", "TRM_REG": null, "TP_EVENTO": "OTRO", "LONGITUD": 20.0, "PRIORIDAD": "Alta", "AMENAZA": "Extremo", "FX2": "20240607_FX2_C07_MC_R-FRESNO_PK001+698_VA", "OBSERVACION_GEOTECNISTA": null }, "geometry": { "type": "Point", "coordinates": [ -75.034801, 5.18101, 0.0 ] } },
{ "type": "Feature", "properties": { "FECHA": "18/07/2024 00:00:00 (UTC)", "DEPTO": null, "MUNICIPIO": "PUERTO BOYACÁ", "VEREDA": null, "GASODUCTO": "(CENTRO - ORIENTE)", "TRAMO": "La Belleza - Vasconia", "PK_INICIO": "308165", "TP_DUCTO": "Troncal", "DISTRITO": "1", "DIAMETRO": "22\"", "TRM_REG": null, "TP_EVENTO": "SOCAVACIÓN DE FONDO", "LONGITUD": 11.0, "PRIORIDAD": "Alta", "AMENAZA": "Alto", "FX2": "20240823_FX2_C03_COR_BELL-VASC_PK308+165_VA", "OBSERVACION_GEOTECNISTA": null }, "geometry": { "type": "Point", "coordinates": [ -74.509785, 6.00901, 0.0 ] } },
{ "type": "Feature", "properties": { "FECHA": "13/06/2024 00:00:00 (UTC)", "DEPTO": null, "MUNICIPIO": "OTANCHE", "VEREDA": null, "GASODUCTO": "(CENTRO - ORIENTE)", "TRAMO": "La Belleza - Vasconia", "PK_INICIO": "265745", "TP_DUCTO": "Troncal", "DISTRITO": "1", "DIAMETRO": "22\"", "TRM_REG": null, "TP_EVENTO": "CARCAVAS", "LONGITUD": 12.8, "PRIORIDAD": "Alta", "AMENAZA": "Alto", "FX2": "20240801_FX2_C03_C0R_BELL-VASC_PK265+745_VA", "OBSERVACION_GEOTECNISTA": null }, "geometry": { "type": "Point", "coordinates": [ -74.259154, 5.825611, 0.0 ] } },
{ "type": "Feature", "properties": { "FECHA": "30/05/2023 00:00:00 (UTC)", "DEPTO": null, "MUNICIPIO": "MONIQUIRÁ", "VEREDA": null, "GASODUCTO": "(BOYACA - SANTANDER)", "TRAMO": "Togui", "PK_INICIO": "6477", "TP_DUCTO": "Ramal", "DISTRITO": "5", "DIAMETRO": "3\"", "TRM_REG": null, "TP_EVENTO": "REPTACION", "LONGITUD": 120.0, "PRIORIDAD": "Alta", "AMENAZA": "Alto", "FX2": "20241015_FX2_C05_GBS_R-TOGUI_PK006+477_VB", "OBSERVACION_GEOTECNISTA": null }, "geometry": { "type": "Point", "coordinates": [ -73.569313, 5.894786, 0.0 ] } },
{ "type": "Feature", "properties": { "FECHA": "11/05/2023 00:00:00 (UTC)", "DEPTO": null, "MUNICIPIO": "BOLÍVAR", "VEREDA": null, "GASODUCTO": "(BOYACA - SANTANDER)", "TRAMO": "Bolívar", "PK_INICIO": "21090", "TP_DUCTO": "Ramal", "DISTRITO": "5", "DIAMETRO": "3\"", "TRM_REG": null, "TP_EVENTO": "REPTACION", "LONGITUD": 30.0, "PRIORIDAD": "Alta", "AMENAZA": "Alto", "FX2": "20230628_FX2_C05_GBS_R-BOLIVAR_PK021+100_VB", "OBSERVACION_GEOTECNISTA": null }, "geometry": { "type": "Point", "coordinates": [ -73.771016, 5.983894, 0.0 ] } },
{ "type": "Feature", "properties": { "FECHA": "25/05/2021 00:00:00 (UTC)", "DEPTO": null, "MUNICIPIO": "MONIQUIRÁ", "VEREDA": null, "GASODUCTO": "(BOYACA - SANTANDER)", "TRAMO": "Togui", "PK_INICIO": "2710", "TP_DUCTO": "Ramal", "DISTRITO": "5", "DIAMETRO": "3\"", "TRM_REG": null, "TP_EVENTO": "SOCAVACIÓN DE FONDO", "LONGITUD": 4.0, "PRIORIDAD": "Alta", "AMENAZA": "Extremo", "FX2": "20241015_FX2_C05_GBS_R-TOGUI_PK002+710_VB", "OBSERVACION_GEOTECNISTA": null }, "geometry": { "type": "Point", "coordinates": [ -73.584718, 5.91849, 0.0 ] } },
{ "type": "Feature", "properties": { "FECHA": "14/05/2024 00:00:00 (UTC)", "DEPTO": null, "MUNICIPIO": "OTANCHE", "VEREDA": null, "GASODUCTO": "(CENTRO - ORIENTE)", "TRAMO": "La Belleza - Vasconia", "PK_INICIO": "254176", "TP_DUCTO": "Troncal", "DISTRITO": "1", "DIAMETRO": "(14)", "TRM_REG": null, "TP_EVENTO": "FLUJOS", "LONGITUD": 12.0, "PRIORIDAD": "Alta", "AMENAZA": "Alto", "FX2": "20240821_FX2_C03_COR_BELL-VASC_PK254+176_VB", "OBSERVACION_GEOTECNISTA": null }, "geometry": { "type": "Point", "coordinates": [ -74.179346, 5.819684, 0.0 ] } },
{ "type": "Feature", "properties": { "FECHA": "6/06/2024 00:00:00 (UTC)", "DEPTO": null, "MUNICIPIO": "JESÚS MARÍA", "VEREDA": null, "GASODUCTO": "(BOYACA - SANTANDER)", "TRAMO": "Bolívar", "PK_INICIO": "10100", "TP_DUCTO": "Ramal", "DISTRITO": "5", "DIAMETRO": "3\"", "TRM_REG": null, "TP_EVENTO": "DESLIZAMIENTO TRASLACIONAL", "LONGITUD": 30.0, "PRIORIDAD": "Alta", "AMENAZA": "Alto", "FX2": "20240606_FX2_C05_GBS_R-BOLIVAR_PK010+100_VB", "OBSERVACION_GEOTECNISTA": null }, "geometry": { "type": "Point", "coordinates": [ -73.781966, 5.902621, 0.0 ] } },
{ "type": "Feature", "properties": { "FECHA": "6/06/2024 00:00:00 (UTC)", "DEPTO": null, "MUNICIPIO": "JESÚS MARÍA", "VEREDA": null, "GASODUCTO": "(BOYACA - SANTANDER)", "TRAMO": "Bolívar", "PK_INICIO": "9875", "TP_DUCTO": "Ramal", "DISTRITO": "5", "DIAMETRO": "3\"", "TRM_REG": null, "TP_EVENTO": "DESLIZAMIENTO TRASLACIONAL", "LONGITUD": 20.0, "PRIORIDAD": "Alta", "AMENAZA": "Alto", "FX2": "20240606_FX2_C05_GBS_R-BOLIVAR_PK009+875_VB", "OBSERVACION_GEOTECNISTA": null }, "geometry": { "type": "Point", "coordinates": [ -73.783473, 5.901349, 0.0 ] } },
{ "type": "Feature", "properties": { "FECHA": "2/10/2024 00:00:00 (UTC)", "DEPTO": null, "MUNICIPIO": "SUTATAUSA", "VEREDA": null, "GASODUCTO": "(CENTRO - ORIENTE)", "TRAMO": "Sutatausa", "PK_INICIO": "8842", "TP_DUCTO": "Ramal", "DISTRITO": "3", "DIAMETRO": "3\"", "TRM_REG": null, "TP_EVENTO": "SOCAVACIÓN DE FONDO", "LONGITUD": 4.2, "PRIORIDAD": "Media", "AMENAZA": "Medio", "FX2": "20241002_FX2_C03_COR_R-SUTATAUSA_PK008+842_VA.xlsx", "OBSERVACION_GEOTECNISTA": null }, "geometry": { "type": "Point", "coordinates": [ -73.852542, 5.252933, 0.0 ] } },
{ "type": "Feature", "properties": { "FECHA": "1/10/2024 00:00:00 (UTC)", "DEPTO": null, "MUNICIPIO": "PUERTO BOYACÁ", "VEREDA": null, "GASODUCTO": "(CENTRO - ORIENTE)", "TRAMO": "La Belleza - Vasconia", "PK_INICIO": "277005", "TP_DUCTO": "Troncal", "DISTRITO": "1", "DIAMETRO": "22\"", "TRM_REG": null, "TP_EVENTO": "DESLIZAMIENTO TRASLACIONAL", "LONGITUD": 10.0, "PRIORIDAD": "Media", "AMENAZA": "Medio", "FX2": "20241001_FX2_C03_COR_BELL-VASC_PK277+005_VA.xlsx", "OBSERVACION_GEOTECNISTA": null }, "geometry": { "type": "Point", "coordinates": [ -74.315773, 5.826878, 0.0 ] } },
{ "type": "Feature", "properties": { "FECHA": "2/10/2024 00:00:00 (UTC)", "DEPTO": null, "MUNICIPIO": "CUCUNUBÁ", "VEREDA": null, "GASODUCTO": "(CENTRO - ORIENTE)", "TRAMO": "Cucunubá", "PK_INICIO": "190", "TP_DUCTO": "Ramal", "DISTRITO": "3", "DIAMETRO": "3\"", "TRM_REG": null, "TP_EVENTO": "OTRO", "LONGITUD": 1.2, "PRIORIDAD": "Media", "AMENAZA": "Medio", "FX2": "20241002_FX2_C03_COR_R-CUCUNUBA_PK000+190_VA.xlsx", "OBSERVACION_GEOTECNISTA": null }, "geometry": { "type": "Point", "coordinates": [ -73.784715, 5.2595, 0.0 ] } },
{ "type": "Feature", "properties": { "FECHA": "1/10/2024 00:00:00 (UTC)", "DEPTO": null, "MUNICIPIO": "PUERTO BOYACÁ", "VEREDA": null, "GASODUCTO": "(CENTRO - ORIENTE)", "TRAMO": "La Belleza - Vasconia", "PK_INICIO": "310950", "TP_DUCTO": "Troncal", "DISTRITO": "1", "DIAMETRO": "22\"", "TRM_REG": null, "TP_EVENTO": "CARCAVAS", "LONGITUD": 40.0, "PRIORIDAD": "Alta", "AMENAZA": "Alto", "FX2": "20241001_FX2_C03_COR_BELL-VASC_PK310+950_VA.xlsx", "OBSERVACION_GEOTECNISTA": null }, "geometry": { "type": "Point", "coordinates": [ -74.525806, 6.028353, 0.0 ] } },
{ "type": "Feature", "properties": { "FECHA": "24/04/2023 00:00:00 (UTC)", "DEPTO": null, "MUNICIPIO": "BALBOA", "VEREDA": null, "GASODUCTO": "(MARIQUITA - CALI)", "TRAMO": "La Celia", "PK_INICIO": "3180", "TP_DUCTO": "Ramal", "DISTRITO": "7", "DIAMETRO": "8\"", "TRM_REG": null, "TP_EVENTO": "SOCAVACIÓN LATERAL", "LONGITUD": 8.0, "PRIORIDAD": "Alta", "AMENAZA": "Alto", "FX2": "20230424_FX2_C07_MC_R-LA CELIA_PK003+180_VA", "OBSERVACION_GEOTECNISTA": null }, "geometry": { "type": "Point", "coordinates": [ -75.93472, 4.90145, 0.0 ] } },
{ "type": "Feature", "properties": { "FECHA": "17/03/2023 00:00:00 (UTC)", "DEPTO": null, "MUNICIPIO": "MANIZALES", "VEREDA": null, "GASODUCTO": "(MARIQUITA - CALI)", "TRAMO": "Letras - Marsella", "PK_INICIO": "79630", "TP_DUCTO": "Troncal", "DISTRITO": "7", "DIAMETRO": "(20)", "TRM_REG": null, "TP_EVENTO": "DESLIZAMIENTO TRASLACIONAL", "LONGITUD": 15.0, "PRIORIDAD": "Alta", "AMENAZA": "Alto", "FX2": "20230411_FX2_C07_MC_LET-MARS_PK079+630_VA", "OBSERVACION_GEOTECNISTA": null }, "geometry": { "type": "Point", "coordinates": [ -75.427983, 5.029619, 0.0 ] } },
{ "type": "Feature", "properties": { "FECHA": "26/01/2024 00:00:00 (UTC)", "DEPTO": null, "MUNICIPIO": "HONDA", "VEREDA": null, "GASODUCTO": "(CENTRO - ORIENTE)", "TRAMO": "Honda", "PK_INICIO": "6316", "TP_DUCTO": "Ramal", "DISTRITO": "2", "DIAMETRO": "3\"", "TRM_REG": null, "TP_EVENTO": "SURCOS", "LONGITUD": 22.0, "PRIORIDAD": "Baja", "AMENAZA": "Bajo", "FX2": "20240126_FX2_C02_COR_R-HONDA_PK006+316_VA.xlsx", "OBSERVACION_GEOTECNISTA": null }, "geometry": { "type": "Point", "coordinates": [ -74.817872, 5.202472, 0.0 ] } },
{ "type": "Feature", "properties": { "FECHA": "10/02/2023 00:00:00 (UTC)", "DEPTO": null, "MUNICIPIO": "SAN VICENTE DE CHUCURÍ", "VEREDA": null, "GASODUCTO": "(SUR DE BOLIVAR)", "TRAMO": "San Vicente - Playa Roja", "PK_INICIO": "15912", "TP_DUCTO": "Aislado", "DISTRITO": "1", "DIAMETRO": "3\"", "TRM_REG": null, "TP_EVENTO": "FLUJOS", "LONGITUD": 40.0, "PRIORIDAD": "Alta", "AMENAZA": "Extremo", "FX2": "20230614_FX2_C01_SBO_S VIC-PLAYA R_PK015+912_VA", "OBSERVACION_GEOTECNISTA": null }, "geometry": { "type": "Point", "coordinates": [ -73.475445, 6.889383, 0.0 ] } },
{ "type": "Feature", "properties": { "FECHA": "10/10/2024 00:00:00 (UTC)", "DEPTO": null, "MUNICIPIO": "SAN VICENTE DE CHUCHURÍ", "VEREDA": null, "GASODUCTO": "(SUR DE BOLIVAR)", "TRAMO": "San Vicente - Playa Roja", "PK_INICIO": "14780", "TP_DUCTO": "Aislado", "DISTRITO": "1", "DIAMETRO": "3\"", "TRM_REG": null, "TP_EVENTO": "DESLIZAMIENTO TRASLACIONAL", "LONGITUD": 11.2, "PRIORIDAD": "Alta", "AMENAZA": "Extremo", "FX2": "20241010_FX2_C01_SBO_S VIC-PLAYA R_PK014+780_VA.xlsx", "OBSERVACION_GEOTECNISTA": null }, "geometry": { "type": "Point", "coordinates": [ -73.484856, 6.887397, 0.0 ] } },
{ "type": "Feature", "properties": { "FECHA": "28/04/2021 00:00:00 (UTC)", "DEPTO": null, "MUNICIPIO": "ZETAQUIRA", "VEREDA": null, "GASODUCTO": "(PORVENIR - LA BELLEZA)", "TRAMO": "Miraflores - Sutamarchan", "PK_INICIO": "62200", "TP_DUCTO": "Troncal", "DISTRITO": "5", "DIAMETRO": "(20)", "TRM_REG": null, "TP_EVENTO": "FLUJOS", "LONGITUD": 200.0, "PRIORIDAD": "Alta", "AMENAZA": "Alto", "FX2": " ", "OBSERVACION_GEOTECNISTA": null }, "geometry": { "type": "Point", "coordinates": [ -73.218485, 5.223784, 0.0 ] } },
{ "type": "Feature", "properties": { "FECHA": "27/05/2021 00:00:00 (UTC)", "DEPTO": null, "MUNICIPIO": "JENESANO", "VEREDA": null, "GASODUCTO": "(PORVENIR - LA BELLEZA)", "TRAMO": "Miraflores - Sutamarchan", "PK_INICIO": "89422", "TP_DUCTO": "Troncal", "DISTRITO": "5", "DIAMETRO": "(20)", "TRM_REG": null, "TP_EVENTO": "FLUJOS", "LONGITUD": 60.0, "PRIORIDAD": "Alta", "AMENAZA": "Alto", "FX2": " ", "OBSERVACION_GEOTECNISTA": null }, "geometry": { "type": "Point", "coordinates": [ -73.377639, 5.381621, 0.0 ] } },
{ "type": "Feature", "properties": { "FECHA": "1/06/2021 00:00:00 (UTC)", "DEPTO": null, "MUNICIPIO": "PUENTE NACIONAL", "VEREDA": null, "GASODUCTO": "(PORVENIR - LA BELLEZA)", "TRAMO": "Sutamarchan - La Belleza", "PK_INICIO": "148000", "TP_DUCTO": "Troncal", "DISTRITO": "5", "DIAMETRO": "(20)", "TRM_REG": null, "TP_EVENTO": "CARCAVAS", "LONGITUD": 100.0, "PRIORIDAD": "Alta", "AMENAZA": "Extremo", "FX2": " ", "OBSERVACION_GEOTECNISTA": null }, "geometry": { "type": "Point", "coordinates": [ -73.639685, 5.802509, 0.0 ] } },
{ "type": "Feature", "properties": { "FECHA": "28/04/2022 00:00:00 (UTC)", "DEPTO": null, "MUNICIPIO": "MANIZALES", "VEREDA": null, "GASODUCTO": "(MARIQUITA - CALI)", "TRAMO": "Letras - Marsella", "PK_INICIO": "78200", "TP_DUCTO": "Troncal", "DISTRITO": "7", "DIAMETRO": "(20)", "TRM_REG": null, "TP_EVENTO": "DESLIZAMIENTO ROTACIONAL", "LONGITUD": 50.0, "PRIORIDAD": "Alta", "AMENAZA": "Extremo", "FX2": " ", "OBSERVACION_GEOTECNISTA": null }, "geometry": { "type": "Point", "coordinates": [ -75.418822, 5.037195, 0.0 ] } },
{ "type": "Feature", "properties": { "FECHA": "16/05/2021 00:00:00 (UTC)", "DEPTO": null, "MUNICIPIO": "HERVEO", "VEREDA": null, "GASODUCTO": "(MARIQUITA - CALI)", "TRAMO": "Mariquita - Letras", "PK_INICIO": "51750", "TP_DUCTO": "Troncal", "DISTRITO": "7", "DIAMETRO": "(20)", "TRM_REG": null, "TP_EVENTO": "FLUJOS", "LONGITUD": 80.0, "PRIORIDAD": "Alta", "AMENAZA": "Alto", "FX2": " ", "OBSERVACION_GEOTECNISTA": null }, "geometry": { "type": "Point", "coordinates": [ -75.234279, 5.09316, 0.0 ] } },
{ "type": "Feature", "properties": { "FECHA": "16/02/2022 00:00:00 (UTC)", "DEPTO": null, "MUNICIPIO": "SAN VICENTE DE CHUCHURÍ", "VEREDA": null, "GASODUCTO": "(SUR DE BOLIVAR)", "TRAMO": "San Vicente - Playa Roja", "PK_INICIO": "10847", "TP_DUCTO": "Aislado", "DISTRITO": "1", "DIAMETRO": "3\"", "TRM_REG": null, "TP_EVENTO": "OTRO", "LONGITUD": 115.0, "PRIORIDAD": "Alta", "AMENAZA": "Extremo", "FX2": " ", "OBSERVACION_GEOTECNISTA": null }, "geometry": { "type": "Point", "coordinates": [ -73.514819, 6.878356, 0.0 ] } },
{ "type": "Feature", "properties": { "FECHA": "16/02/2022 00:00:00 (UTC)", "DEPTO": null, "MUNICIPIO": "SAN VICENTE DE CHUCHURÍ", "VEREDA": null, "GASODUCTO": "(SUR DE BOLIVAR)", "TRAMO": "San Vicente - Playa Roja", "PK_INICIO": "11006", "TP_DUCTO": "Aislado", "DISTRITO": "1", "DIAMETRO": "3\"", "TRM_REG": null, "TP_EVENTO": "OTRO", "LONGITUD": 126.0, "PRIORIDAD": "Alta", "AMENAZA": "Alto", "FX2": " ", "OBSERVACION_GEOTECNISTA": null }, "geometry": { "type": "Point", "coordinates": [ -73.513625, 6.877428, 0.0 ] } },
{ "type": "Feature", "properties": { "FECHA": "16/02/2022 00:00:00 (UTC)", "DEPTO": null, "MUNICIPIO": "SAN VICENTE DE CHUCHURÍ", "VEREDA": null, "GASODUCTO": "(SUR DE BOLIVAR)", "TRAMO": "San Vicente - Playa Roja", "PK_INICIO": "11206", "TP_DUCTO": "Aislado", "DISTRITO": "1", "DIAMETRO": "3\"", "TRM_REG": null, "TP_EVENTO": "OTRO", "LONGITUD": 57.0, "PRIORIDAD": "Alta", "AMENAZA": "Alto", "FX2": " ", "OBSERVACION_GEOTECNISTA": null }, "geometry": { "type": "Point", "coordinates": [ -73.511967, 6.877719, 0.0 ] } },
{ "type": "Feature", "properties": { "FECHA": "16/02/2022 00:00:00 (UTC)", "DEPTO": null, "MUNICIPIO": "SAN VICENTE DE CHUCHURÍ", "VEREDA": null, "GASODUCTO": "(SUR DE BOLIVAR)", "TRAMO": "San Vicente - Playa Roja", "PK_INICIO": "12193", "TP_DUCTO": "Aislado", "DISTRITO": "1", "DIAMETRO": "3\"", "TRM_REG": null, "TP_EVENTO": "OTRO", "LONGITUD": 250.0, "PRIORIDAD": "Alta", "AMENAZA": "Extremo", "FX2": " ", "OBSERVACION_GEOTECNISTA": null }, "geometry": { "type": "Point", "coordinates": [ -73.503506, 6.878011, 0.0 ] } },
{ "type": "Feature", "properties": { "FECHA": "12/08/2024 00:00:00 (UTC)", "DEPTO": null, "MUNICIPIO": "FLORIÁN", "VEREDA": null, "GASODUCTO": "(CENTRO - ORIENTE)", "TRAMO": "Florián", "PK_INICIO": "590", "TP_DUCTO": "Ramal", "DISTRITO": "3", "DIAMETRO": "3\"", "TRM_REG": null, "TP_EVENTO": "REPTACION", "LONGITUD": 72.3, "PRIORIDAD": "Media", "AMENAZA": "Medio", "FX2": "20250122_FX2_C03_COR_R-FLORIAN_PK000+590_VA", "OBSERVACION_GEOTECNISTA": null }, "geometry": { "type": "Point", "coordinates": [ -73.976558, 5.798054, 0.0 ] } },
{ "type": "Feature", "properties": { "FECHA": "14/01/2025 00:00:00 (UTC)", "DEPTO": null, "MUNICIPIO": "MARSELLA", "VEREDA": null, "GASODUCTO": "(MARIQUITA - CALI)", "TRAMO": "Letras - Marsella", "PK_INICIO": "131730", "TP_DUCTO": "Troncal", "DISTRITO": "7", "DIAMETRO": "(20)", "TRM_REG": null, "TP_EVENTO": "DESLIZAMIENTO TRASLACIONAL", "LONGITUD": 35.0, "PRIORIDAD": "Alta", "AMENAZA": "Medio", "FX2": "20250114_FX2_C07_MC_LET-MARS_PK131+730_VA_1", "OBSERVACION_GEOTECNISTA": null }, "geometry": { "type": "Point", "coordinates": [ -75.768447699999967, 5.00604, 0.0 ] } },
{ "type": "Feature", "properties": { "FECHA": "8/01/2025 00:00:00 (UTC)", "DEPTO": null, "MUNICIPIO": "OTANCHE", "VEREDA": null, "GASODUCTO": "(CENTRO - ORIENTE)", "TRAMO": "La Belleza - Vasconia", "PK_INICIO": "256430", "TP_DUCTO": "Troncal", "DISTRITO": "1", "DIAMETRO": "(14)", "TRM_REG": null, "TP_EVENTO": "DESLIZAMIENTO ROTACIONAL", "LONGITUD": 20.0, "PRIORIDAD": "Alta", "AMENAZA": "Extremo", "FX2": "20250108_FX2_C03_COR_BELL-VASC_PK256+430 (PK34+000LOOP)_VA", "OBSERVACION_GEOTECNISTA": null }, "geometry": { "type": "Point", "coordinates": [ -74.194996, 5.821922, 0.0 ] } },
{ "type": "Feature", "properties": { "FECHA": "5/02/2025 00:00:00 (UTC)", "DEPTO": null, "MUNICIPIO": "CANTAGALLO", "VEREDA": null, "GASODUCTO": "(SUR DE BOLIVAR)", "TRAMO": "Cantagallo - San Pablo", "PK_INICIO": "6360", "TP_DUCTO": "Ramal", "DISTRITO": "1", "DIAMETRO": "6\"", "TRM_REG": null, "TP_EVENTO": "OTRO", "LONGITUD": 12.0, "PRIORIDAD": "Alta", "AMENAZA": "Medio", "FX2": "20250205_FX2_C01_SBO_R-CANTAGALLO_PK006+360_VA", "OBSERVACION_GEOTECNISTA": null }, "geometry": { "type": "Point", "coordinates": [ -73.9187, 7.43, 0.0 ] } },
{ "type": "Feature", "properties": { "FECHA": "4/02/2025 00:00:00 (UTC)", "DEPTO": null, "MUNICIPIO": "HERVEO", "VEREDA": null, "GASODUCTO": "(MARIQUITA - CALI)", "TRAMO": "Mariquita - Letras", "PK_INICIO": "37200", "TP_DUCTO": "Troncal", "DISTRITO": "7", "DIAMETRO": "(20)", "TRM_REG": null, "TP_EVENTO": "OTRO", "LONGITUD": 12.0, "PRIORIDAD": "Alta", "AMENAZA": "Alto", "FX2": "20250204_FX2_C07_MC_MAR-LET_PK037+200_VA", "OBSERVACION_GEOTECNISTA": null }, "geometry": { "type": "Point", "coordinates": [ -75.14075, 5.12882, 0.0 ] } },
{ "type": "Feature", "properties": { "FECHA": "9/02/2025 00:00:00 (UTC)", "DEPTO": null, "MUNICIPIO": "BARBOSA", "VEREDA": null, "GASODUCTO": "(BOYACA - SANTANDER)", "TRAMO": "Otero - Santana", "PK_INICIO": "26750", "TP_DUCTO": "Troncal", "DISTRITO": "5", "DIAMETRO": "14\"", "TRM_REG": null, "TP_EVENTO": "REPTACION", "LONGITUD": 760.0, "PRIORIDAD": "Alta", "AMENAZA": "Extremo", "FX2": "20250209_FX2_C05_GBS_OTERO-SANT_PK026+880_VA", "OBSERVACION_GEOTECNISTA": null }, "geometry": { "type": "Point", "coordinates": [ -73.592342, 5.981801, 0.0 ] } },
{ "type": "Feature", "properties": { "FECHA": "12/02/2025 00:00:00 (UTC)", "DEPTO": null, "MUNICIPIO": "Honda", "VEREDA": null, "GASODUCTO": "(CENTRO - ORIENTE)", "TRAMO": "Puerto Salgar - Mariquita", "PK_INICIO": "274400", "TP_DUCTO": "Troncal", "DISTRITO": "2", "DIAMETRO": "(20)", "TRM_REG": null, "TP_EVENTO": "CARCAVAS", "LONGITUD": 29.0, "PRIORIDAD": "Alta", "AMENAZA": "Alto", "FX2": "20250212_FX2_C01_COR_PTO SALG-MAR_PK274+400_VA", "OBSERVACION_GEOTECNISTA": null }, "geometry": { "type": "Point", "coordinates": [ -74.762177, 5.286353, 0.0 ] } },
{ "type": "Feature", "properties": { "FECHA": "11/02/2025 00:00:00 (UTC)", "DEPTO": null, "MUNICIPIO": "ZETAQUIRA", "VEREDA": null, "GASODUCTO": "(PORVENIR - LA BELLEZA)", "TRAMO": "Miraflores - Puente Guillermo", "PK_INICIO": "106970", "TP_DUCTO": "Loop", "DISTRITO": "5", "DIAMETRO": "(20)", "TRM_REG": null, "TP_EVENTO": "FLUJOS", "LONGITUD": 30.0, "PRIORIDAD": "Media", "AMENAZA": "Medio", "FX2": "20250211_FX2_C04_PB_MIRAF-PTEG_PK106+970_VA", "OBSERVACION_GEOTECNISTA": null }, "geometry": { "type": "Point", "coordinates": [ -73.278956, 5.286316, 0.0 ] } },
{ "type": "Feature", "properties": { "FECHA": "21/02/2023 00:00:00 (UTC)", "DEPTO": null, "MUNICIPIO": "LÉRIDA", "VEREDA": null, "GASODUCTO": "(CENTRO - ORIENTE)", "TRAMO": "Ambalema", "PK_INICIO": "6697", "TP_DUCTO": "Ramal", "DISTRITO": "2", "DIAMETRO": "3\"", "TRM_REG": null, "TP_EVENTO": "SOCAVACIÓN DE FONDO", "LONGITUD": 0.8, "PRIORIDAD": "Alta", "AMENAZA": "Medio", "FX2": "20250130_FX2_C02_COR_R-AMBALEMA_PK006+697_VA", "OBSERVACION_GEOTECNISTA": null }, "geometry": { "type": "Point", "coordinates": [ -74.8744, 4.804, 0.0 ] } },
{ "type": "Feature", "properties": { "FECHA": "11/02/2025 00:00:00 (UTC)", "DEPTO": null, "MUNICIPIO": "FLORIÁN", "VEREDA": null, "GASODUCTO": "(CENTRO - ORIENTE)", "TRAMO": "La Belleza - Vasconia", "PK_INICIO": "10020", "TP_DUCTO": "Loop", "DISTRITO": "3", "DIAMETRO": "(16)", "TRM_REG": null, "TP_EVENTO": "FLUJOS", "LONGITUD": 75.0, "PRIORIDAD": "Media", "AMENAZA": "Medio", "FX2": "20250211_FX2_C03_COR_BELL-VASC_PK010+020_VA", "OBSERVACION_GEOTECNISTA": null }, "geometry": { "type": "Point", "coordinates": [ -74.038391, 5.839726, 0.0 ] } },
{ "type": "Feature", "properties": { "FECHA": null, "DEPTO": null, "MUNICIPIO": " ", "VEREDA": null, "GASODUCTO": "(CENTRO - ORIENTE)", "TRAMO": "PK 17+500 - Sucre Oriental", "PK_INICIO": "0", "TP_DUCTO": "( )", "DISTRITO": "(0)", "DIAMETRO": "(0)", "TRM_REG": null, "TP_EVENTO": "( )", "LONGITUD": 0.0, "PRIORIDAD": "( )", "AMENAZA": "( )", "FX2": " ", "OBSERVACION_GEOTECNISTA": null }, "geometry": null },
{ "type": "Feature", "properties": { "FECHA": null, "DEPTO": null, "MUNICIPIO": " ", "VEREDA": null, "GASODUCTO": "(CENTRO - ORIENTE)", "TRAMO": "PK 7+200 - PK 17+500", "PK_INICIO": "0", "TP_DUCTO": "( )", "DISTRITO": "(0)", "DIAMETRO": "(0)", "TRM_REG": null, "TP_EVENTO": "( )", "LONGITUD": 0.0, "PRIORIDAD": "( )", "AMENAZA": "( )", "FX2": " ", "OBSERVACION_GEOTECNISTA": null }, "geometry": null },
{ "type": "Feature", "properties": { "FECHA": "10/07/2023 00:00:00 (UTC)", "DEPTO": null, "MUNICIPIO": "SIMACOTA", "VEREDA": null, "GASODUCTO": "(CENTRO - ORIENTE)", "TRAMO": "Barrancabermeja - Sebastopol", "PK_INICIO": "46110", "TP_DUCTO": "Troncal", "DISTRITO": "1", "DIAMETRO": "(20)", "TRM_REG": null, "TP_EVENTO": "SOCAVACIÓN LATERAL", "LONGITUD": 40.0, "PRIORIDAD": "Alta", "AMENAZA": "Alto", "FX2": "20230710_FX2_C01_COR_BARRANC-SEB_PK046+110_VA", "OBSERVACION_GEOTECNISTA": null }, "geometry": { "type": "Point", "coordinates": [ -73.928527, 6.772071, 0.0 ] } },
{ "type": "Feature", "properties": { "FECHA": null, "DEPTO": null, "MUNICIPIO": " ", "VEREDA": null, "GASODUCTO": "(MARIQUITA - CALI)", "TRAMO": "Herveo", "PK_INICIO": "0", "TP_DUCTO": "( )", "DISTRITO": "(0)", "DIAMETRO": "(0)", "TRM_REG": null, "TP_EVENTO": "( )", "LONGITUD": 0.0, "PRIORIDAD": "( )", "AMENAZA": "( )", "FX2": " ", "OBSERVACION_GEOTECNISTA": null }, "geometry": null },
{ "type": "Feature", "properties": { "FECHA": null, "DEPTO": null, "MUNICIPIO": " ", "VEREDA": null, "GASODUCTO": "(CENTRO - ORIENTE)", "TRAMO": "Termodorada", "PK_INICIO": "0", "TP_DUCTO": "Ramal", "DISTRITO": "2", "DIAMETRO": "22\"", "TRM_REG": null, "TP_EVENTO": "( )", "LONGITUD": 0.0, "PRIORIDAD": "( )", "AMENAZA": "( )", "FX2": " ", "OBSERVACION_GEOTECNISTA": null }, "geometry": null },
{ "type": "Feature", "properties": { "FECHA": "13/03/2025 00:00:00 (UTC)", "DEPTO": null, "MUNICIPIO": " ", "VEREDA": null, "GASODUCTO": "(CENTRO - ORIENTE)", "TRAMO": "La Belleza - Vasconia (Loop)", "PK_INICIO": "0", "TP_DUCTO": "( )", "DISTRITO": "(0)", "DIAMETRO": "(0)", "TRM_REG": null, "TP_EVENTO": "( )", "LONGITUD": 0.0, "PRIORIDAD": "( )", "AMENAZA": "( )", "FX2": " ", "OBSERVACION_GEOTECNISTA": null }, "geometry": { "type": "Point", "coordinates": [ -74.263195, 5.820161700000028, 0.0 ] } },
{ "type": "Feature", "properties": { "FECHA": "27/03/2025 00:00:00 (UTC)", "DEPTO": null, "MUNICIPIO": " ", "VEREDA": null, "GASODUCTO": "(CENTRO - ORIENTE)", "TRAMO": "Guavatá", "PK_INICIO": "0", "TP_DUCTO": "Ramal", "DISTRITO": "(0)", "DIAMETRO": "(0)", "TRM_REG": null, "TP_EVENTO": "( )", "LONGITUD": 0.0, "PRIORIDAD": "( )", "AMENAZA": "( )", "FX2": " ", "OBSERVACION_GEOTECNISTA": null }, "geometry": { "type": "Point", "coordinates": [ -73.654649, 6.009972, 0.0 ] } },
{ "type": "Feature", "properties": { "FECHA": "14/02/2025 00:00:00 (UTC)", "DEPTO": null, "MUNICIPIO": " ", "VEREDA": null, "GASODUCTO": "(PORVENIR - LA BELLEZA)", "TRAMO": "MIRAFLORES - PUENTE GUILLERMO", "PK_INICIO": "0", "TP_DUCTO": "( )", "DISTRITO": "(0)", "DIAMETRO": "(0)", "TRM_REG": null, "TP_EVENTO": "( )", "LONGITUD": 0.0, "PRIORIDAD": "( )", "AMENAZA": "( )", "FX2": " ", "OBSERVACION_GEOTECNISTA": null }, "geometry": { "type": "Point", "coordinates": [ -73.2922, 5.2977, 0.0 ] } },
{ "type": "Feature", "properties": { "FECHA": "4/03/2025 00:00:00 (UTC)", "DEPTO": null, "MUNICIPIO": " ", "VEREDA": null, "GASODUCTO": "(CENTRO - ORIENTE)", "TRAMO": "Mariquita - Gualanday", "PK_INICIO": "0", "TP_DUCTO": "( )", "DISTRITO": "(0)", "DIAMETRO": "(0)", "TRM_REG": null, "TP_EVENTO": "( )", "LONGITUD": 0.0, "PRIORIDAD": "( )", "AMENAZA": "( )", "FX2": " ", "OBSERVACION_GEOTECNISTA": null }, "geometry": { "type": "Point", "coordinates": [ -75.031988, 4.291048, 0.0 ] } },
{ "type": "Feature", "properties": { "FECHA": "5/03/2025 00:00:00 (UTC)", "DEPTO": null, "MUNICIPIO": " ", "VEREDA": null, "GASODUCTO": "(MARIQUITA - CALI)", "TRAMO": "Manzanares", "PK_INICIO": "0", "TP_DUCTO": "( )", "DISTRITO": "(0)", "DIAMETRO": "(0)", "TRM_REG": null, "TP_EVENTO": "( )", "LONGITUD": 0.0, "PRIORIDAD": "( )", "AMENAZA": "( )", "FX2": " ", "OBSERVACION_GEOTECNISTA": null }, "geometry": { "type": "Point", "coordinates": [ -75.0639, 5.1854, 0.0 ] } },
{ "type": "Feature", "properties": { "FECHA": null, "DEPTO": null, "MUNICIPIO": " ", "VEREDA": null, "GASODUCTO": "( )", "TRAMO": " ", "PK_INICIO": "0", "TP_DUCTO": "( )", "DISTRITO": "(0)", "DIAMETRO": "(0)", "TRM_REG": null, "TP_EVENTO": "( )", "LONGITUD": 0.0, "PRIORIDAD": "( )", "AMENAZA": "( )", "FX2": " ", "OBSERVACION_GEOTECNISTA": null }, "geometry": null },
{ "type": "Feature", "properties": { "FECHA": null, "DEPTO": null, "MUNICIPIO": " ", "VEREDA": null, "GASODUCTO": "( )", "TRAMO": "MIRAFLORES - PUENTE GUILLERMO", "PK_INICIO": "0", "TP_DUCTO": "( )", "DISTRITO": "(0)", "DIAMETRO": "(0)", "TRM_REG": null, "TP_EVENTO": "( )", "LONGITUD": 0.0, "PRIORIDAD": "( )", "AMENAZA": "( )", "FX2": " ", "OBSERVACION_GEOTECNISTA": null }, "geometry": null },
{ "type": "Feature", "properties": { "FECHA": null, "DEPTO": null, "MUNICIPIO": " ", "VEREDA": null, "GASODUCTO": "( )", "TRAMO": " ", "PK_INICIO": "0", "TP_DUCTO": "( )", "DISTRITO": "(0)", "DIAMETRO": "(0)", "TRM_REG": null, "TP_EVENTO": "( )", "LONGITUD": 0.0, "PRIORIDAD": "( )", "AMENAZA": "( )", "FX2": " ", "OBSERVACION_GEOTECNISTA": null }, "geometry": null },
{ "type": "Feature", "properties": { "FECHA": null, "DEPTO": null, "MUNICIPIO": " ", "VEREDA": null, "GASODUCTO": "( )", "TRAMO": " ", "PK_INICIO": "0", "TP_DUCTO": "( )", "DISTRITO": "(0)", "DIAMETRO": "(0)", "TRM_REG": null, "TP_EVENTO": "( )", "LONGITUD": 0.0, "PRIORIDAD": "( )", "AMENAZA": "( )", "FX2": " ", "OBSERVACION_GEOTECNISTA": null }, "geometry": null },
{ "type": "Feature", "properties": { "FECHA": null, "DEPTO": null, "MUNICIPIO": " ", "VEREDA": null, "GASODUCTO": "( )", "TRAMO": " ", "PK_INICIO": "0", "TP_DUCTO": "( )", "DISTRITO": "(0)", "DIAMETRO": "(0)", "TRM_REG": null, "TP_EVENTO": "( )", "LONGITUD": 0.0, "PRIORIDAD": "( )", "AMENAZA": "( )", "FX2": " ", "OBSERVACION_GEOTECNISTA": null }, "geometry": null },
{ "type": "Feature", "properties": { "FECHA": null, "DEPTO": null, "MUNICIPIO": " ", "VEREDA": null, "GASODUCTO": "( )", "TRAMO": " ", "PK_INICIO": "0", "TP_DUCTO": "( )", "DISTRITO": "(0)", "DIAMETRO": "(0)", "TRM_REG": null, "TP_EVENTO": "( )", "LONGITUD": 0.0, "PRIORIDAD": "( )", "AMENAZA": "( )", "FX2": " ", "OBSERVACION_GEOTECNISTA": null }, "geometry": null },
{ "type": "Feature", "properties": { "FECHA": null, "DEPTO": null, "MUNICIPIO": " ", "VEREDA": null, "GASODUCTO": "( )", "TRAMO": " ", "PK_INICIO": "0", "TP_DUCTO": "( )", "DISTRITO": "(0)", "DIAMETRO": "(0)", "TRM_REG": null, "TP_EVENTO": "( )", "LONGITUD": 0.0, "PRIORIDAD": "( )", "AMENAZA": "( )", "FX2": " ", "OBSERVACION_GEOTECNISTA": null }, "geometry": null },
{ "type": "Feature", "properties": { "FECHA": null, "DEPTO": null, "MUNICIPIO": " ", "VEREDA": null, "GASODUCTO": "( )", "TRAMO": " ", "PK_INICIO": "0", "TP_DUCTO": "( )", "DISTRITO": "(0)", "DIAMETRO": "(0)", "TRM_REG": null, "TP_EVENTO": "( )", "LONGITUD": 0.0, "PRIORIDAD": "( )", "AMENAZA": "( )", "FX2": " ", "OBSERVACION_GEOTECNISTA": null }, "geometry": null },
{ "type": "Feature", "properties": { "FECHA": null, "DEPTO": null, "MUNICIPIO": " ", "VEREDA": null, "GASODUCTO": "( )", "TRAMO": " ", "PK_INICIO": "0", "TP_DUCTO": "( )", "DISTRITO": "(0)", "DIAMETRO": "(0)", "TRM_REG": null, "TP_EVENTO": "( )", "LONGITUD": 0.0, "PRIORIDAD": "( )", "AMENAZA": "( )", "FX2": " ", "OBSERVACION_GEOTECNISTA": null }, "geometry": null },
{ "type": "Feature", "properties": { "FECHA": null, "DEPTO": null, "MUNICIPIO": " ", "VEREDA": null, "GASODUCTO": "( )", "TRAMO": " ", "PK_INICIO": "0", "TP_DUCTO": "( )", "DISTRITO": "(0)", "DIAMETRO": "(0)", "TRM_REG": null, "TP_EVENTO": "( )", "LONGITUD": 0.0, "PRIORIDAD": "( )", "AMENAZA": "( )", "FX2": " ", "OBSERVACION_GEOTECNISTA": null }, "geometry": null },
{ "type": "Feature", "properties": { "FECHA": null, "DEPTO": null, "MUNICIPIO": " ", "VEREDA": null, "GASODUCTO": "( )", "TRAMO": " ", "PK_INICIO": "0", "TP_DUCTO": "( )", "DISTRITO": "(0)", "DIAMETRO": "(0)", "TRM_REG": null, "TP_EVENTO": "( )", "LONGITUD": 0.0, "PRIORIDAD": "( )", "AMENAZA": "( )", "FX2": " ", "OBSERVACION_GEOTECNISTA": null }, "geometry": null },
{ "type": "Feature", "properties": { "FECHA": null, "DEPTO": null, "MUNICIPIO": " ", "VEREDA": null, "GASODUCTO": "( )", "TRAMO": " ", "PK_INICIO": "0", "TP_DUCTO": "( )", "DISTRITO": "(0)", "DIAMETRO": "(0)", "TRM_REG": null, "TP_EVENTO": "( )", "LONGITUD": 0.0, "PRIORIDAD": "( )", "AMENAZA": "( )", "FX2": " ", "OBSERVACION_GEOTECNISTA": null }, "geometry": null },
{ "type": "Feature", "properties": { "FECHA": null, "DEPTO": null, "MUNICIPIO": " ", "VEREDA": null, "GASODUCTO": "( )", "TRAMO": " ", "PK_INICIO": "0", "TP_DUCTO": "( )", "DISTRITO": "(0)", "DIAMETRO": "(0)", "TRM_REG": null, "TP_EVENTO": "( )", "LONGITUD": 0.0, "PRIORIDAD": "( )", "AMENAZA": "( )", "FX2": " ", "OBSERVACION_GEOTECNISTA": null }, "geometry": null },
{ "type": "Feature", "properties": { "FECHA": null, "DEPTO": null, "MUNICIPIO": " ", "VEREDA": null, "GASODUCTO": "( )", "TRAMO": " ", "PK_INICIO": "0", "TP_DUCTO": "( )", "DISTRITO": "(0)", "DIAMETRO": "(0)", "TRM_REG": null, "TP_EVENTO": "( )", "LONGITUD": 0.0, "PRIORIDAD": "( )", "AMENAZA": "( )", "FX2": " ", "OBSERVACION_GEOTECNISTA": null }, "geometry": null },
{ "type": "Feature", "properties": { "FECHA": null, "DEPTO": null, "MUNICIPIO": " ", "VEREDA": null, "GASODUCTO": "( )", "TRAMO": " ", "PK_INICIO": "0", "TP_DUCTO": "( )", "DISTRITO": "(0)", "DIAMETRO": "(0)", "TRM_REG": null, "TP_EVENTO": "( )", "LONGITUD": 0.0, "PRIORIDAD": "( )", "AMENAZA": "( )", "FX2": " ", "OBSERVACION_GEOTECNISTA": null }, "geometry": null },
{ "type": "Feature", "properties": { "FECHA": null, "DEPTO": null, "MUNICIPIO": " ", "VEREDA": null, "GASODUCTO": "( )", "TRAMO": " ", "PK_INICIO": "0", "TP_DUCTO": "( )", "DISTRITO": "(0)", "DIAMETRO": "(0)", "TRM_REG": null, "TP_EVENTO": "( )", "LONGITUD": 0.0, "PRIORIDAD": "( )", "AMENAZA": "( )", "FX2": " ", "OBSERVACION_GEOTECNISTA": null }, "geometry": null },
{ "type": "Feature", "properties": { "FECHA": null, "DEPTO": null, "MUNICIPIO": " ", "VEREDA": null, "GASODUCTO": "( )", "TRAMO": " ", "PK_INICIO": "0", "TP_DUCTO": "( )", "DISTRITO": "(0)", "DIAMETRO": "(0)", "TRM_REG": null, "TP_EVENTO": "( )", "LONGITUD": 0.0, "PRIORIDAD": "( )", "AMENAZA": "( )", "FX2": " ", "OBSERVACION_GEOTECNISTA": null }, "geometry": null },
{ "type": "Feature", "properties": { "FECHA": null, "DEPTO": null, "MUNICIPIO": " ", "VEREDA": null, "GASODUCTO": "( )", "TRAMO": " ", "PK_INICIO": "0", "TP_DUCTO": "( )", "DISTRITO": "(0)", "DIAMETRO": "(0)", "TRM_REG": null, "TP_EVENTO": "( )", "LONGITUD": 0.0, "PRIORIDAD": "( )", "AMENAZA": "( )", "FX2": " ", "OBSERVACION_GEOTECNISTA": null }, "geometry": null },
{ "type": "Feature", "properties": { "FECHA": null, "DEPTO": null, "MUNICIPIO": " ", "VEREDA": null, "GASODUCTO": "( )", "TRAMO": " ", "PK_INICIO": "0", "TP_DUCTO": "( )", "DISTRITO": "(0)", "DIAMETRO": "(0)", "TRM_REG": null, "TP_EVENTO": "( )", "LONGITUD": 0.0, "PRIORIDAD": "( )", "AMENAZA": "( )", "FX2": " ", "OBSERVACION_GEOTECNISTA": null }, "geometry": null },
{ "type": "Feature", "properties": { "FECHA": null, "DEPTO": null, "MUNICIPIO": " ", "VEREDA": null, "GASODUCTO": "( )", "TRAMO": " ", "PK_INICIO": "0", "TP_DUCTO": "( )", "DISTRITO": "(0)", "DIAMETRO": "(0)", "TRM_REG": null, "TP_EVENTO": "( )", "LONGITUD": 0.0, "PRIORIDAD": "( )", "AMENAZA": "( )", "FX2": " ", "OBSERVACION_GEOTECNISTA": null }, "geometry": null },
{ "type": "Feature", "properties": { "FECHA": null, "DEPTO": null, "MUNICIPIO": " ", "VEREDA": null, "GASODUCTO": "( )", "TRAMO": " ", "PK_INICIO": "0", "TP_DUCTO": "( )", "DISTRITO": "(0)", "DIAMETRO": "(0)", "TRM_REG": null, "TP_EVENTO": "( )", "LONGITUD": 0.0, "PRIORIDAD": "( )", "AMENAZA": "( )", "FX2": " ", "OBSERVACION_GEOTECNISTA": null }, "geometry": null },
{ "type": "Feature", "properties": { "FECHA": null, "DEPTO": null, "MUNICIPIO": " ", "VEREDA": null, "GASODUCTO": "( )", "TRAMO": " ", "PK_INICIO": "0", "TP_DUCTO": "( )", "DISTRITO": "(0)", "DIAMETRO": "(0)", "TRM_REG": null, "TP_EVENTO": "( )", "LONGITUD": 0.0, "PRIORIDAD": "( )", "AMENAZA": "( )", "FX2": " ", "OBSERVACION_GEOTECNISTA": null }, "geometry": null },
{ "type": "Feature", "properties": { "FECHA": null, "DEPTO": null, "MUNICIPIO": " ", "VEREDA": null, "GASODUCTO": "( )", "TRAMO": " ", "PK_INICIO": "0", "TP_DUCTO": "( )", "DISTRITO": "(0)", "DIAMETRO": "(0)", "TRM_REG": null, "TP_EVENTO": "( )", "LONGITUD": 0.0, "PRIORIDAD": "( )", "AMENAZA": "( )", "FX2": " ", "OBSERVACION_GEOTECNISTA": null }, "geometry": null },
{ "type": "Feature", "properties": { "FECHA": null, "DEPTO": null, "MUNICIPIO": " ", "VEREDA": null, "GASODUCTO": "( )", "TRAMO": " ", "PK_INICIO": "0", "TP_DUCTO": "( )", "DISTRITO": "(0)", "DIAMETRO": "(0)", "TRM_REG": null, "TP_EVENTO": "( )", "LONGITUD": 0.0, "PRIORIDAD": "( )", "AMENAZA": "( )", "FX2": " ", "OBSERVACION_GEOTECNISTA": null }, "geometry": null },
{ "type": "Feature", "properties": { "FECHA": null, "DEPTO": null, "MUNICIPIO": " ", "VEREDA": null, "GASODUCTO": "( )", "TRAMO": " ", "PK_INICIO": "0", "TP_DUCTO": "( )", "DISTRITO": "(0)", "DIAMETRO": "(0)", "TRM_REG": null, "TP_EVENTO": "( )", "LONGITUD": 0.0, "PRIORIDAD": "( )", "AMENAZA": "( )", "FX2": " ", "OBSERVACION_GEOTECNISTA": null }, "geometry": null },
{ "type": "Feature", "properties": { "FECHA": null, "DEPTO": null, "MUNICIPIO": " ", "VEREDA": null, "GASODUCTO": "( )", "TRAMO": " ", "PK_INICIO": "0", "TP_DUCTO": "( )", "DISTRITO": "(0)", "DIAMETRO": "(0)", "TRM_REG": null, "TP_EVENTO": "( )", "LONGITUD": 0.0, "PRIORIDAD": "( )", "AMENAZA": "( )", "FX2": " ", "OBSERVACION_GEOTECNISTA": null }, "geometry": null },
{ "type": "Feature", "properties": { "FECHA": null, "DEPTO": null, "MUNICIPIO": " ", "VEREDA": null, "GASODUCTO": "( )", "TRAMO": " ", "PK_INICIO": "0", "TP_DUCTO": "( )", "DISTRITO": "(0)", "DIAMETRO": "(0)", "TRM_REG": null, "TP_EVENTO": "( )", "LONGITUD": 0.0, "PRIORIDAD": "( )", "AMENAZA": "( )", "FX2": " ", "OBSERVACION_GEOTECNISTA": null }, "geometry": null },
{ "type": "Feature", "properties": { "FECHA": null, "DEPTO": null, "MUNICIPIO": " ", "VEREDA": null, "GASODUCTO": "( )", "TRAMO": " ", "PK_INICIO": "0", "TP_DUCTO": "( )", "DISTRITO": "(0)", "DIAMETRO": "(0)", "TRM_REG": null, "TP_EVENTO": "( )", "LONGITUD": 0.0, "PRIORIDAD": "( )", "AMENAZA": "( )", "FX2": " ", "OBSERVACION_GEOTECNISTA": null }, "geometry": null },
{ "type": "Feature", "properties": { "FECHA": null, "DEPTO": null, "MUNICIPIO": " ", "VEREDA": null, "GASODUCTO": "( )", "TRAMO": " ", "PK_INICIO": "0", "TP_DUCTO": "( )", "DISTRITO": "(0)", "DIAMETRO": "(0)", "TRM_REG": null, "TP_EVENTO": "( )", "LONGITUD": 0.0, "PRIORIDAD": "( )", "AMENAZA": "( )", "FX2": " ", "OBSERVACION_GEOTECNISTA": null }, "geometry": null },
{ "type": "Feature", "properties": { "FECHA": null, "DEPTO": null, "MUNICIPIO": " ", "VEREDA": null, "GASODUCTO": "( )", "TRAMO": " ", "PK_INICIO": "0", "TP_DUCTO": "( )", "DISTRITO": "(0)", "DIAMETRO": "(0)", "TRM_REG": null, "TP_EVENTO": "( )", "LONGITUD": 0.0, "PRIORIDAD": "( )", "AMENAZA": "( )", "FX2": " ", "OBSERVACION_GEOTECNISTA": null }, "geometry": null },
{ "type": "Feature", "properties": { "FECHA": null, "DEPTO": null, "MUNICIPIO": " ", "VEREDA": null, "GASODUCTO": "( )", "TRAMO": " ", "PK_INICIO": "0", "TP_DUCTO": "( )", "DISTRITO": "(0)", "DIAMETRO": "(0)", "TRM_REG": null, "TP_EVENTO": "( )", "LONGITUD": 0.0, "PRIORIDAD": "( )", "AMENAZA": "( )", "FX2": " ", "OBSERVACION_GEOTECNISTA": null }, "geometry": null },
{ "type": "Feature", "properties": { "FECHA": null, "DEPTO": null, "MUNICIPIO": " ", "VEREDA": null, "GASODUCTO": "( )", "TRAMO": " ", "PK_INICIO": "0", "TP_DUCTO": "( )", "DISTRITO": "(0)", "DIAMETRO": "(0)", "TRM_REG": null, "TP_EVENTO": "( )", "LONGITUD": 0.0, "PRIORIDAD": "( )", "AMENAZA": "( )", "FX2": " ", "OBSERVACION_GEOTECNISTA": null }, "geometry": null },
{ "type": "Feature", "properties": { "FECHA": null, "DEPTO": null, "MUNICIPIO": " ", "VEREDA": null, "GASODUCTO": "( )", "TRAMO": " ", "PK_INICIO": "0", "TP_DUCTO": "( )", "DISTRITO": "(0)", "DIAMETRO": "(0)", "TRM_REG": null, "TP_EVENTO": "( )", "LONGITUD": 0.0, "PRIORIDAD": "( )", "AMENAZA": "( )", "FX2": " ", "OBSERVACION_GEOTECNISTA": null }, "geometry": null },
{ "type": "Feature", "properties": { "FECHA": null, "DEPTO": null, "MUNICIPIO": " ", "VEREDA": null, "GASODUCTO": "( )", "TRAMO": " ", "PK_INICIO": "0", "TP_DUCTO": "( )", "DISTRITO": "(0)", "DIAMETRO": "(0)", "TRM_REG": null, "TP_EVENTO": "( )", "LONGITUD": 0.0, "PRIORIDAD": "( )", "AMENAZA": "( )", "FX2": " ", "OBSERVACION_GEOTECNISTA": null }, "geometry": null },
{ "type": "Feature", "properties": { "FECHA": null, "DEPTO": null, "MUNICIPIO": " ", "VEREDA": null, "GASODUCTO": "( )", "TRAMO": " ", "PK_INICIO": "0", "TP_DUCTO": "( )", "DISTRITO": "(0)", "DIAMETRO": "(0)", "TRM_REG": null, "TP_EVENTO": "( )", "LONGITUD": 0.0, "PRIORIDAD": "( )", "AMENAZA": "( )", "FX2": " ", "OBSERVACION_GEOTECNISTA": null }, "geometry": null },
{ "type": "Feature", "properties": { "FECHA": null, "DEPTO": null, "MUNICIPIO": " ", "VEREDA": null, "GASODUCTO": "( )", "TRAMO": " ", "PK_INICIO": "0", "TP_DUCTO": "( )", "DISTRITO": "(0)", "DIAMETRO": "(0)", "TRM_REG": null, "TP_EVENTO": "( )", "LONGITUD": 0.0, "PRIORIDAD": "( )", "AMENAZA": "( )", "FX2": " ", "OBSERVACION_GEOTECNISTA": null }, "geometry": null }
]
}
